Date,Close,wealth_index,equity,bar_return,daily_return,cumulative_return,rolling_peak,drawdown,timeframe_label
2004-09-03,1.205501914024353,0.99953,99953.0,0.0,0.0,-0.00046999999999997044,0.99953,0.0,Daily
2004-09-06,1.2065927982330322,1.0004344958621931,100043.44958621931,0.0009049211751455122,0.0009049211751455122,0.0004344958621931294,1.0004344958621931,0.0,Daily
2004-09-07,1.2099066972732544,1.0031821825055232,100318.21825055231,0.0027464933033540806,0.0027464933033540806,0.0031821825055231567,1.0031821825055232,0.0,Daily
2004-09-08,1.2189027070999146,1.0106411351603755,101064.11351603754,0.007435292198096022,0.007435292198096022,0.010641135160375459,1.0106411351603755,0.0,Daily
2004-09-09,1.2242000102996826,1.015033341763838,101503.3341763838,0.004345960648796998,0.004345960648796998,0.01503334176383797,1.015033341763838,0.0,Daily
2004-09-10,1.2272950410842896,1.017599555955743,101759.9555955743,0.0025282067951044596,0.0025282067951044596,0.017599555955742918,1.017599555955743,0.0,Daily
2004-09-13,1.2264070510864258,1.0168632878235742,101686.32878235742,-0.0007235342506387576,-0.0007235342506387576,0.016863287823574158,1.017599555955743,-0.0007235342506387576,Daily
2004-09-14,1.2260010242462158,1.0165266346811166,101652.66346811166,-0.000331070210212947,-0.000331070210212947,0.016526634681116592,1.017599555955743,-0.0010543649202152672,Daily
2004-09-15,1.215701937675476,1.007987248820097,100798.72488200969,-0.008400552990624255,-0.008400552990624255,0.007987248820096937,1.017599555955743,-0.00944606066245579,Daily
2004-09-16,1.2190067768096924,1.0107274235318864,101072.74235318865,0.0027184616819280194,0.0027184616819280194,0.010727423531886382,1.017599555955743,-0.006753277734483865,Daily
2004-09-17,1.2182048559188845,1.010062518749352,101006.25187493519,-0.0006578477708767405,-0.0006578477708767405,0.010062518749351934,1.017599555955743,-0.0074066828766568005,Daily
2004-09-20,1.217404007911682,1.0093985035376574,100939.85035376574,-0.0006574001107543248,-0.0006574001107543248,0.009398503537657366,1.017599555955743,-0.008059213833267687,Daily
2004-09-21,1.2328935861587524,1.0222415342829254,102224.15342829254,0.012723449361433437,0.012723449361433437,0.022241534282925413,1.0222415342829254,0.0,Daily
2004-09-22,1.2266929149627686,1.0171003090319164,101710.03090319164,-0.005029364468755904,-0.005029364468755904,0.017100309031916394,1.0222415342829254,-0.005029364468755904,Daily
2004-09-23,1.22720468044281,1.0175246343227475,101752.46343227476,0.0004171911925137106,0.0004171911925137106,0.017524634322747534,1.0222415342829254,-0.004614271482802357,Daily
2004-09-24,1.227596402168274,1.0178494265206677,101784.94265206676,0.0003191983633263895,0.0003191983633263895,0.017849426520667677,1.0222415342829254,-0.004296545987381273,Daily
2004-09-27,1.2307995557785034,1.020505289685036,102050.5289685036,0.0026092888546853654,0.0026092888546853654,0.020505289685035955,1.0222415342829254,-0.0016984680622543769,Daily
2004-09-28,1.232103705406189,1.0215866124620432,102158.66124620431,0.0010595954650474138,0.0010595954650474138,0.021586612462043187,1.0222415342829254,-0.0006406722862631886,Daily
2004-09-29,1.2336997985839844,1.0229099973488212,102290.99973488212,0.0012954211328088938,0.0012954211328088938,0.022909997348821154,1.0229099973488212,0.0,Daily
2004-09-30,1.2433944940567017,1.030948258303129,103094.82583031291,0.007858228949899404,0.007858228949899404,0.030948258303129084,1.030948258303129,0.0,Daily
2004-10-01,1.2414957284927368,1.0293739155981771,102937.39155981771,-0.0015270821714594707,-0.0015270821714594707,0.029373915598177147,1.030948258303129,-0.0015270821714594707,Daily
2004-10-04,1.2289994955062866,1.019012787497393,101901.27874973931,-0.010065465953412178,-0.010065465953412178,0.019012787497393102,1.030948258303129,-0.011577177331266841,Daily
2004-10-05,1.231602907180786,1.021171380562024,102117.1380562024,0.0021183179358643667,0.0021183179358643667,0.021171380562023945,1.030948258303129,-0.009483383537789991,Daily
2004-10-06,1.2280938625335691,1.018261890866961,101826.18908669609,-0.002849168856907891,-0.002849168856907891,0.01826189086696095,1.030948258303129,-0.012305532633663963,Daily
2004-10-07,1.229906439781189,1.0197647713810745,101976.47713810745,0.0014759272909976584,0.0014759272909976584,0.019764771381074464,1.030948258303129,-0.01084776741411042,Daily
2004-10-08,1.2410026788711548,1.0289651083764493,102896.51083764492,0.00902201885530407,0.00902201885530407,0.028965108376449278,1.030948258303129,-0.0019236173209545848,Daily
2004-10-11,1.238405466079712,1.026811655054451,102681.16550544511,-0.0020928341539161455,-0.0020928341539161455,0.026811655054451045,1.030948258303129,-0.004012425662842323,Daily
2004-10-12,1.232103705406189,1.0215866124620432,102158.66124620431,-0.005088608574598585,-0.005088608574598585,0.021586612462043187,1.030948258303129,-0.009080616573807987,Daily
2004-10-13,1.234903335571289,1.0239078981492478,102390.78981492478,0.002272235813280954,0.002272235813280954,0.023907898149247764,1.030948258303129,-0.006829014062712746,Daily
2004-10-14,1.2388964891433716,1.0272187819757026,102721.87819757026,0.0032335758249735225,0.0032335758249735225,0.0272187819757026,1.030948258303129,-0.0036175203725208327,Daily
2004-10-15,1.2478941679000854,1.0346791184074178,103467.91184074178,0.007262655787276806,0.007262655787276806,0.034679118407417775,1.0346791184074178,0.0,Daily
2004-10-18,1.248907208442688,1.035519070963086,103551.9070963086,0.0008118000457582042,0.0008118000457582042,0.03551907096308593,1.035519070963086,0.0,Daily
2004-10-19,1.2518935203552246,1.0379951419765057,103799.51419765057,0.0023911399440639247,0.0023911399440639247,0.037995141976505664,1.0379951419765057,0.0,Daily
2004-10-20,1.2578933238983154,1.0429698197979667,104296.98197979666,0.004792582951774094,0.004792582951774094,0.04296981979796666,1.0429698197979667,0.0,Daily
2004-10-21,1.262004852294922,1.0463788529404698,104637.88529404698,0.0032685827315344085,0.0032685827315344085,0.04637885294046984,1.0463788529404698,0.0,Daily
2004-10-22,1.2690999507904053,1.0522616837486898,105226.16837486898,0.005622084956790063,0.005622084956790063,0.05226168374868978,1.0522616837486898,0.0,Daily
2004-10-25,1.28109872341156,1.06221034750318,106221.03475031801,0.009454552900803215,0.009454552900803215,0.06221034750318011,1.06221034750318,0.0,Daily
2004-10-26,1.2765034437179563,1.0584002167528983,105840.02167528983,-0.0035869832742995156,-0.0035869832742995156,0.058400216752898304,1.06221034750318,-0.0035869832742995156,Daily
2004-10-27,1.270599603652954,1.0535051061010436,105350.51061010436,-0.004625009116941192,-0.004625009116941192,0.05350510610104364,1.06221034750318,-0.008195402560894793,Daily
2004-10-29,1.2791976928710938,1.0606341268153432,106063.41268153432,0.006766954116324664,0.006766954116324664,0.06063412681534319,1.06221034750318,-0.0014839063576644884,Daily
2004-11-01,1.27459979057312,1.0568218215585625,105682.18215585625,-0.00359436412651315,-0.00359436412651315,0.056821821558562524,1.06221034750318,-0.005072936784398463,Daily
2004-11-02,1.2720056772232056,1.0546709381078812,105467.09381078811,-0.002035237546012536,-0.002035237546012536,0.05467093810788115,1.06221034750318,-0.007097849698998848,Daily
2004-11-03,1.282495141029358,1.0633681733724545,106336.81733724545,0.00824639700433627,0.00824639700433627,0.06336817337245448,1.0633681733724545,0.0,Daily
2004-11-04,1.2872995138168335,1.0673516715953935,106735.16715953934,0.0037461138321503995,0.0037461138321503995,0.06735167159539346,1.0673516715953935,0.0,Daily
2004-11-05,1.2966973781585691,1.0751438179505468,107514.38179505468,0.007300448917184177,0.007300448917184177,0.07514381795054681,1.0751438179505468,0.0,Daily
2004-11-08,1.2908055782318115,1.0702586902603446,107025.86902603446,-0.004543696953505538,-0.004543696953505538,0.07025869026034459,1.0751438179505468,-0.004543696953505538,Daily
2004-11-09,1.2899065017700195,1.0695132298961592,106951.32298961592,-0.000696523533019966,-0.000696523533019966,0.06951322989615916,1.0751438179505468,-0.005237055694670478,Daily
2004-11-10,1.288593292236328,1.068424395187611,106842.4395187611,-0.00101806567521745,-0.00101806567521745,0.0684243951876109,1.0751438179505468,-0.006249789703245967,Daily
2004-11-11,1.2910054922103882,1.0704244469602568,107042.44469602569,0.0018719637829822666,0.0018719637829822666,0.07042444696025685,1.0751438179505468,-0.004389525300239394,Daily
2004-11-12,1.2970000505447388,1.0753947757687208,107539.47757687207,0.004643325199250148,0.004643325199250148,0.07539477576872078,1.0753947757687208,0.0,Daily
2004-11-15,1.2939958572387695,1.0729038785746292,107290.38785746292,-0.0023162630600571665,-0.0023162630600571665,0.07290387857462921,1.0753947757687208,-0.0023162630600571665,Daily
2004-11-16,1.2961931228637695,1.074725719655598,107472.5719655598,0.0016980468775908975,0.0016980468775908975,0.07472571965559793,1.0753947757687208,-0.0006221493057231298,Daily
2004-11-17,1.303797960281372,1.081031195454173,108103.1195454173,0.005867055829459122,0.005867055829459122,0.08103119545417292,1.081031195454173,0.0,Daily
2004-11-18,1.29490065574646,1.0736540833166297,107365.40833166297,-0.0068241436219089735,-0.0068241436219089735,0.0736540833166297,1.081031195454173,-0.0068241436219089735,Daily
2004-11-19,1.3039000034332275,1.0811158035252075,108111.58035252076,0.006949836380752972,0.006949836380752972,0.08111580352520753,1.0811158035252075,0.0,Daily
2004-11-22,1.3040019273757937,1.0812003127550378,108120.03127550377,7.816852695596843e-05,7.816852695596843e-05,0.0812003127550378,1.0812003127550378,0.0,Daily
2004-11-23,1.309706211090088,1.0859299632305934,108592.99632305934,0.004374444235503372,0.004374444235503372,0.08592996323059343,1.0859299632305934,0.0,Daily
2004-11-24,1.317800760269165,1.0926414786971708,109264.14786971708,0.0061804312375826065,0.0061804312375826065,0.09264147869717076,1.0926414786971708,0.0,Daily
2004-11-25,1.3258028030395508,1.0992762933890718,109927.62933890718,0.006072270567480498,0.006072270567480498,0.09927629338907185,1.0992762933890718,0.0,Daily
2004-11-26,1.329504370689392,1.1023454116293694,110234.54116293693,0.0027919443535304733,0.0027919443535304733,0.10234541162936939,1.1023454116293694,0.0,Daily
2004-11-29,1.32650625705719,1.099859555336706,109985.95553367061,-0.0022550611327796233,-0.0022550611327796233,0.0998595553367061,1.1023454116293694,-0.0022550611327796233,Daily
2004-11-30,1.3298048973083496,1.1025945903058627,110259.45903058627,0.0024867129224688256,0.0024867129224688256,0.10259459030586271,1.1025945903058627,0.0,Daily
2004-12-01,1.3345967531204224,1.1065677102023312,110656.77102023312,0.0036034277071561593,0.0036034277071561593,0.10656771020233125,1.1065677102023312,0.0,Daily
2004-12-02,1.3261016607284546,1.0995240882887023,109952.40882887023,-0.0063652877710854705,-0.0063652877710854705,0.0995240882887023,1.1065677102023312,-0.0063652877710854705,Daily
2004-12-03,1.3466018438339231,1.1165216125406587,111652.16125406587,0.01545898305730753,0.01545898305730753,0.11652161254065874,1.1165216125406587,0.0,Daily
2004-12-06,1.3396027088165283,1.1107183489020451,111071.83489020451,-0.005197627679958794,-0.005197627679958794,0.11071834890204513,1.1165216125406587,-0.005197627679958794,Daily
2004-12-07,1.3430931568145752,1.1136124193692094,111361.24193692094,0.0026055844580448184,0.0026055844580448184,0.1136124193692094,1.1165216125406587,-0.002605586079815758,Daily
2004-12-08,1.334507703781128,1.1064938758225848,110649.38758225848,-0.006392298992729195,-0.006392298992729195,0.10649387582258485,1.1165216125406587,-0.008981229387271417,Daily
2004-12-09,1.3304064273834229,1.103093343023667,110309.3343023667,-0.0030732504474006994,-0.0030732504474006994,0.1030933430236669,1.1165216125406587,-0.012026878267439534,Daily
2004-12-10,1.3215975761413574,1.0957895710598475,109578.95710598475,-0.00662117309474386,-0.00662117309474386,0.09578957105984753,1.1165216125406587,-0.018568419319385354,Daily
2004-12-13,1.3320013284683228,1.1044157394984002,110441.57394984002,0.007872103062825708,0.007872103062825708,0.10441573949840022,1.1165216125406587,-0.010842488767155545,Daily
2004-12-14,1.3309022188186646,1.1035044235930977,110350.44235930977,-0.0008251565716695941,-0.0008251565716695941,0.10350442359309775,1.1165216125406587,-0.011658698587965755,Daily
2004-12-15,1.3403927087783811,1.1113733695641317,111137.33695641317,0.007130869439935683,0.007130869439935683,0.11137336956413169,1.1165216125406587,-0.0046109658055003555,Daily
2004-12-16,1.325100064277649,1.0986936244886643,109869.36244886642,-0.011409077653570465,-0.011409077653570465,0.09869362448866426,1.1165216125406587,-0.01596743659213784,Daily
2004-12-17,1.3312920331954956,1.1038276343317464,110382.76343317464,0.004672831195749794,0.004672831195749794,0.10382763433174635,1.1165216125406587,-0.011369218532211955,Daily
2004-12-20,1.3392080068588257,1.1103910856740131,111039.10856740132,0.0059460835533804435,0.0059460835533804435,0.11039108567401312,1.1165216125406587,-0.005490737302160653,Daily
2004-12-21,1.3368983268737793,1.1084760373372198,110847.60373372198,-0.0017246611230050668,-0.0017246611230050668,0.10847603733721978,1.1165216125406587,-0.007205928764004055,Daily
2004-12-22,1.339100360870361,1.1103018320663676,111030.18320663675,0.001647121514267269,0.001647121514267269,0.11030183206636757,1.1165216125406587,-0.005570676290034382,Daily
2004-12-23,1.3512052297592163,1.1203384644928451,112033.84644928451,0.009039553152676127,0.009039553152676127,0.12033846449284513,1.1203384644928451,0.0,Daily
2004-12-24,1.3538029193878174,1.1224923131796614,112249.23131796614,0.0019224982048537953,0.0019224982048537953,0.12249231317966136,1.1224923131796614,0.0,Daily
2004-12-27,1.3623977899551392,1.1296186651814395,112961.86651814394,0.006348686684179983,0.006348686684179983,0.1296186651814395,1.1296186651814395,0.0,Daily
2004-12-28,1.359397530555725,1.1271310297470958,112713.10297470957,-0.002202190447998742,-0.002202190447998742,0.12713102974709578,1.1296186651814395,-0.002202190447998742,Daily
2004-12-29,1.360692262649536,1.128204544068949,112820.4544068949,0.0009524308119652769,0.0009524308119652769,0.128204544068949,1.1296186651814395,-0.0012518570700700282,Daily
2004-12-30,1.36280620098114,1.1299572951479868,112995.72951479869,0.0015535756244309251,0.0015535756244309251,0.12995729514798682,1.1299572951479868,0.0,Daily
2004-12-31,1.3565024137496948,1.124730572255103,112473.0572255103,-0.004625593299257602,-0.004625593299257602,0.12473057225510309,1.1299572951479868,-0.004625593299257602,Daily
2005-01-03,1.3470009565353394,1.1168525328932568,111685.25328932569,-0.00700437914304286,-0.00700437914304286,0.11685253289325681,1.1299572951479868,-0.011597573033070852,Daily
2005-01-04,1.3281975984573364,1.1012619143458635,110126.19143458635,-0.013959424443444779,-0.013959424443444779,0.10126191434586351,1.1299572951479868,-0.0253951020320331,Daily
2005-01-05,1.3280036449432373,1.101101099706175,110110.1099706175,-0.00014602760487181232,-0.00014602760487181232,0.10110109970617498,1.1299572951479868,-0.025537421250979797,Daily
2005-01-06,1.3183046579360962,1.093059280468506,109305.9280468506,-0.007303434026008082,-0.007303434026008082,0.09305928046850598,1.1299572951479868,-0.03265434440568693,Daily
2005-01-07,1.3060967922210691,1.0829372492413583,108293.72492413582,-0.009260276554085123,-0.009260276554085123,0.08293724924135826,1.1299572951479868,-0.04161223269988312,Daily
2005-01-10,1.310994029045105,1.086997744762587,108699.7744762587,0.0037495205969442225,0.0037495205969442225,0.08699774476258693,1.1299572951479868,-0.038018738026531884,Daily
2005-01-11,1.3116990327835083,1.0875822916458797,108758.22916458797,0.0005377627378799765,0.0005377627378799765,0.08758229164587972,1.1299572951479868,-0.03750142034930393,Daily
2005-01-12,1.3255919218063354,1.0991014432983472,109910.14432983473,0.010591521893056122,0.010591521893056122,0.09910144329834725,1.1299572951479868,-0.027307095570898055,Daily
2005-01-13,1.3211086988449097,1.0953842232802766,109538.42232802766,-0.003382053622744241,-0.003382053622744241,0.09538422328027663,1.1299572951479868,-0.030596795132140198,Daily
2005-01-14,1.3098949193954468,1.0860864288572845,108608.64288572845,-0.008488158059414719,-0.008488158059414719,0.08608642885728446,1.1299572951479868,-0.038825242758361744,Daily
2005-01-17,1.3051081895828247,1.0821175591326087,108211.75591326086,-0.003654285348958508,-0.003654285348958508,0.08211755913260865,1.1299572951479868,-0.04233764959153852,Daily
2005-01-18,1.3017951250076294,1.0793705643777103,107937.05643777103,-0.002538536346365472,-0.002538536346365472,0.07937056437771028,1.1299572951479868,-0.044768710275596146,Daily
2005-01-19,1.3003056049346924,1.0781355435277369,107813.55435277369,-0.0011442046788494586,-0.0011442046788494586,0.07813554352773688,1.1299572951479868,-0.04586169038668231,Daily
2005-01-20,1.29629385471344,1.0748092404733833,107480.92404733834,-0.0030852364290575585,-0.0030852364290575585,0.07480924047338333,1.1299572951479868,-0.04880543265786064,Daily
2005-01-21,1.299899935722351,1.0777991869088928,107779.91869088927,0.002781839160772792,0.002781839160772792,0.07779918690889276,1.1299572951479868,-0.04615936236091389,Daily
2005-01-24,1.3039000034332275,1.0811158035252075,108111.58035252076,0.0030772120229805022,0.0030772120229805022,0.08111580352520753,1.1299572951479868,-0.043224192482763435,Daily
2005-01-25,1.2971009016036987,1.0754783954277105,107547.83954277105,-0.005214435011601015,-0.005214435011601015,0.07547839542771051,1.1299572951479868,-0.04821323775173414,Daily
2005-01-26,1.307805061340332,1.0843536437015517,108435.36437015518,0.008252372443345646,0.008252372443345646,0.08435364370155174,1.1299572951479868,-0.040358738903015334,Daily
2005-01-27,1.304103970527649,1.081284920826072,108128.49208260719,-0.0028300019032576618,-0.0028300019032576618,0.08128492082607197,1.1299572951479868,-0.043074525498364435,Daily
2005-01-28,1.304495334625244,1.0816094165003785,108160.94165003784,0.0003001019139881045,0.0003001019139881045,0.08160941650037845,1.1299572951479868,-0.04278735033192238,Daily
2005-01-31,1.305193305015564,1.0821881317526072,108218.81317526072,0.0005350501238250427,0.0005350501238250427,0.0821881317526072,1.1299572951479868,-0.04227519358519072,Daily
2005-02-01,1.3039000034332275,1.0811158035252075,108111.58035252076,-0.0009908889184203629,-0.0009908889184203629,0.08111580352520753,1.1299572951479868,-0.043224192482763435,Daily
2005-02-02,1.3032032251358032,1.0805380766850239,108053.80766850238,-0.0005343801638083567,-0.0005343801638083567,0.08053807668502388,1.1299572951479868,-0.043735474495512405,Daily
2005-02-03,1.2972019910812378,1.0755622127691093,107556.22127691093,-0.004604987110847558,-0.004604987110847558,0.07556221276910935,1.1299572951479868,-0.04813906031002124,Daily
2005-02-04,1.2857933044433594,1.0661028129767933,106610.28129767934,-0.00879484206493475,-0.00879484206493475,0.06610281297679332,1.1299572951479868,-0.05651052694237502,Daily
2005-02-07,1.2764055728912354,1.0583190681240204,105831.90681240204,-0.007301120265351346,-0.007301120265351346,0.058319068124020434,1.1299572951479868,-0.06339905705426163,Daily
2005-02-08,1.2769924402236938,1.058805663373674,105880.5663373674,0.00045978123640555424,0.00045978123640555424,0.05880566337367399,1.1299572951479868,-0.0629684255146955,Daily
2005-02-09,1.281295657157898,1.0623736331729805,106237.36331729805,0.003369806115258056,0.003369806115258056,0.0623736331729805,1.1299572951479868,-0.05981081078480499,Daily
2005-02-10,1.287597894668579,1.0675990711302061,106759.90711302061,0.004918644245357262,0.004918644245357262,0.06759907113020613,1.1299572951479868,-0.055186354639724544,Daily
2005-02-11,1.2856941223144531,1.066020577094666,106602.05770946661,-0.001478545718355706,-0.001478545718355706,0.06602057709466602,1.1299572951479868,-0.05658330480971607,Daily
2005-02-14,1.2973029613494873,1.0756459312693036,107564.59312693037,0.009029238629586933,0.009029238629586933,0.07564593126930363,1.1299572951479868,-0.04806497034170676,Daily
2005-02-15,1.3016934394836426,1.0792862528302891,107928.62528302892,0.0033843121190351155,0.0033843121190351155,0.07928625283028912,1.1299572951479868,-0.04484332508430022,Daily
2005-02-16,1.3023037910461426,1.079792319797225,107979.2319797225,0.0004688904038283592,0.0004688904038283592,0.07979231979722501,1.1299572951479868,-0.044395461285279714,Daily
2005-02-17,1.307497262954712,1.0840984357115855,108409.84357115855,0.003987911226456253,0.003987911226456253,0.08409843571158548,1.1299572951479868,-0.040584595217286856,Daily
2005-02-18,1.3068991899490356,1.083602549388711,108360.25493887109,-0.000457418170287327,-0.000457418170287327,0.08360254938871092,1.1299572951479868,-0.04102344925628798,Daily
2005-02-21,1.3064039945602417,1.0831919630253026,108319.19630253027,-0.0003789086354955007,-0.0003789086354955007,0.08319196302530263,1.1299572951479868,-0.04138681375260245,Daily
2005-02-22,1.3261016607284546,1.0995240882887023,109952.40882887023,0.015077775519848569,0.015077775519848569,0.0995240882887023,1.1299572951479868,-0.026933059319997343,Daily
2005-02-23,1.3203063011169434,1.094718923132924,109471.8923132924,-0.004370222723594108,-0.004370222723594108,0.09471892313292396,1.1299572951479868,-0.03118557857573534,Daily
2005-02-24,1.3183046579360962,1.093059280468506,109305.9280468506,-0.0015160445565957081,-0.0015160445565957081,0.09305928046850598,1.1299572951479868,-0.03265434440568693,Daily
2005-02-25,1.3246086835861206,1.098286201043799,109828.62010437991,0.004781918665063278,0.004781918665063278,0.09828620104379904,1.1299572951479868,-0.028028576159632612,Daily
2005-02-28,1.3217023611068726,1.0958764524785853,109587.64524785853,-0.002194098917862708,-0.002194098917862708,0.09587645247858534,1.1299572951479868,-0.030161177608874157,Daily
2005-03-01,1.3171932697296145,1.0921377839191426,109213.77839191427,-0.0034115785141535238,-0.0034115785141535238,0.09213778391914262,1.1299572951479868,-0.03346985889753573,Daily
2005-03-02,1.3135944604873655,1.089153866797106,108915.38667971059,-0.0027321801021560344,-0.0027321801021560344,0.08915386679710591,1.1299572951479868,-0.03611059331718991,Daily
2005-03-03,1.3105987310409546,1.0866699873285326,108666.99873285326,-0.002280558830386137,-0.002280558830386137,0.0866699873285326,1.1299572951479868,-0.038308799815116035,Daily
2005-03-04,1.3246963024139404,1.0983588493290914,109835.88493290915,0.010756588602667483,0.010756588602667483,0.09835884932909145,1.1299572951479868,-0.027964283211921792,Daily
2005-03-07,1.3221917152404783,1.096282195622974,109628.2195622974,-0.001890687827011961,-0.001890687827011961,0.09628219562297402,1.1299572951479868,-0.02980209930907385,Daily
2005-03-08,1.3352025747299194,1.1070700212034967,110707.00212034967,0.009840372874424297,0.009840372874424297,0.10707002120349673,1.1299572951479868,-0.020254990204291445,Daily
2005-03-09,1.3377031087875366,1.109143314308662,110914.3314308662,0.001872775041737107,0.001872775041737107,0.10914331430866198,1.1299572951479868,-0.018420148202679565,Daily
2005-03-10,1.3437970876693726,1.1141960766816617,111419.60766816617,0.00455555410001196,0.00455555410001196,0.11419607668166165,1.1299572951479868,-0.01394850808433512,Daily
2005-03-11,1.3472912311553955,1.117093211226165,111709.32112261649,0.0026002017105746233,0.0026002017105746233,0.1170932112261649,1.1299572951479868,-0.01138457530834136,Daily
2005-03-14,1.3365052938461304,1.1081501578860504,110815.01578860504,-0.008005646485218731,-0.008005646485218731,0.10815015788605042,1.1299572951479868,-0.01929908090825716,Daily
2005-03-15,1.3310085535049438,1.1035925899474937,110359.25899474937,-0.004112771095255652,-0.004112771095255652,0.10359258994749365,1.1299572951479868,-0.023332479301388376,Daily
2005-03-16,1.3410937786102295,1.1119546546876766,111195.46546876767,0.0075771301985461115,0.0075771301985461115,0.11195465468767662,1.1299572951479868,-0.01593214233636364,Daily
2005-03-17,1.3379000425338743,1.1093065999784621,110930.65999784622,-0.002381441273752505,-0.002381441273752505,0.10930659997846215,1.1299572951479868,-0.018275642148777083,Daily
2005-03-18,1.332196593284607,1.1045776413913377,110457.76413913377,-0.004262986073657382,-0.004262986073657382,0.10457764139133774,1.1299572951479868,-0.022460719414467034,Daily
2005-03-21,1.3161011934280396,1.0912322996449044,109123.22996449044,-0.012081850334778932,-0.012081850334778932,0.09123229964490442,1.1299572951479868,-0.03427120269886896,Daily
2005-03-22,1.3077024221420288,1.084268541424495,108426.8541424495,-0.006381554342439699,-0.006381554342439699,0.08426854142449502,1.1299572951479868,-0.040434053498905054,Daily
2005-03-23,1.299291968345642,1.0772950967660464,107729.50967660463,-0.006431473746611682,-0.006431473746611682,0.0772950967660464,1.1299572951479868,-0.04660547669196946,Daily
2005-03-24,1.2931926250457764,1.072237886538845,107223.7886538845,-0.004694359272944482,-0.004694359272944482,0.07223788653884511,1.1299572951479868,-0.051081053113235075,Daily
2005-03-25,1.2956053018569946,1.0742383336763088,107423.83336763088,0.0018656747374605764,0.0018656747374605764,0.07423833367630883,1.1299572951479868,-0.04931067900613062,Daily
2005-03-28,1.289507269859314,1.0691822107023568,106918.22107023567,-0.004706705035044445,-0.004706705035044445,0.06918221070235675,1.1299572951479868,-0.05378529322001546,Daily
2005-03-29,1.2937949895858765,1.0727373311450807,107273.73311450807,0.003325083795014283,0.003325083795014283,0.07273733114508074,1.1299572951479868,-0.05063905003189717,Daily
2005-03-30,1.2915056943893433,1.0708391846542535,107083.91846542535,-0.0017694420019866985,-0.0017694420019866985,0.07083918465425354,1.1299572951479868,-0.05231888917181671,Daily
2005-03-31,1.2966973781585691,1.0751438179505468,107514.38179505468,0.004019869050349678,0.004019869050349678,0.07514381795054681,1.1299572951479868,-0.0485093352047975,Daily
2005-04-01,1.2909055948257446,1.070341618030903,107034.1618030903,-0.004466565160368696,-0.004466565160368696,0.07034161803090311,1.1299572951479868,-0.052759230258587864,Daily
2005-04-04,1.285000205039978,1.06544522244339,106544.522244339,-0.004574610110481436,-0.004574610110481436,0.0654452224433899,1.1299572951479868,-0.057092487460907115,Daily
2005-04-05,1.2857933044433594,1.0661028129767933,106610.28129767934,0.0006171978808027223,0.0006171978808027223,0.06610281297679332,1.1299572951479868,-0.05651052694237502,Daily
2005-04-06,1.2867032289505005,1.0668572678905863,106685.72678905864,0.0007076755680686109,0.0007076755680686109,0.06685726789058632,1.1299572951479868,-0.055842842493562084,Daily
2005-04-07,1.285000205039978,1.06544522244339,106544.522244339,-0.0013235561022969522,-0.0013235561022969522,0.0654452224433899,1.1299572951479868,-0.057092487460907115,Daily
2005-04-08,1.2934937477111816,1.0724875594213608,107248.75594213608,0.006609759778940738,0.006609759778940738,0.07248755942136076,1.1299572951479868,-0.05086009530926516,Daily
2005-04-11,1.2971009016036987,1.0754783954277105,107547.83954277105,0.002788690628694468,0.002788690628694468,0.07547839542771051,1.1299572951479868,-0.04821323775173414,Daily
2005-04-12,1.2915056943893433,1.0708391846542535,107083.91846542535,-0.0043136252603307446,-0.0043136252603307446,0.07083918465425354,1.1299572951479868,-0.05231888917181671,Daily
2005-04-13,1.291205644607544,1.0705904013425784,107059.04013425784,-0.00023232555853425207,-0.00023232555853425207,0.07059040134257843,1.1299572951479868,-0.05253905971520212,Daily
2005-04-14,1.2794922590255735,1.0608783634316121,106087.83634316121,-0.009071665408906027,-0.009071665408906027,0.060878363431612126,1.1299572951479868,-0.061134108353473327,Daily
2005-04-15,1.2870012521743774,1.0671043709017856,106710.43709017856,0.005868728861652128,0.005868728861652128,0.06710437090178556,1.1299572951479868,-0.05562415899794659,Daily
2005-04-18,1.3017951250076294,1.0793705643777103,107937.05643777103,0.01149483950249297,0.01149483950249297,0.07937056437771028,1.1299572951479868,-0.044768710275596146,Daily
2005-04-19,1.3065063953399658,1.0832768676199507,108327.68676199506,0.003619056671693155,0.003619056671693155,0.08327686761995068,1.1299572951479868,-0.041311674103509,Daily
2005-04-20,1.3086949586868286,1.0850914932929925,108509.14932929925,0.0016751263940757433,0.0016751263940757433,0.08509149329299248,1.1299572951479868,-0.039705749985107563,Daily
2005-04-21,1.3046995401382446,1.0817787314836524,108177.87314836524,-0.003052979246281451,-0.003052979246281451,0.08177873148365244,1.1299572951479868,-0.04263750840072644,Daily
2005-04-22,1.3061991930007937,1.0830221538360068,108302.21538360068,0.0011494239220704028,0.0011494239220704028,0.08302215383600675,1.1299572951479868,-0.04153709305078923,Daily
2005-04-25,1.2993931770324707,1.0773790129486498,107737.90129486498,-0.005210549818735699,-0.005210549818735699,0.0773790129486498,1.1299572951479868,-0.04653121177685837,Daily
2005-04-26,1.2984988689422607,1.0766375062326434,107663.75062326434,-0.0006882505665085636,-0.0006882505665085636,0.07663750623264343,1.1299572951479868,-0.047187437210501226,Daily
2005-04-27,1.2921065092086792,1.0713373443248309,107133.73443248309,-0.0049228843293401825,-0.0049228843293401825,0.07133734432483085,1.1299572951479868,-0.05187802324465607,Daily
2005-04-28,1.2905057668685913,1.0700101046310784,107001.01046310784,-0.0012388625308201728,-0.0012388625308201728,0.07001010463107837,1.1299572951479868,-0.05305261603630551,Daily
2005-04-29,1.287597894668579,1.0675990711302061,106759.90711302061,-0.002253281058222867,-0.002253281058222867,0.06759907113020613,1.1299572951479868,-0.055186354639724544,Daily
2005-05-02,1.2846039533615112,1.0651166742796998,106511.66742796998,-0.0023252145094865284,-0.0023252145094865284,0.0651166742796998,1.1299572951479868,-0.05738324903667713,Daily
2005-05-03,1.288693070411682,1.0685071252757605,106850.71252757605,0.0031831733348401947,0.0031831733348401947,0.06850712527576053,1.1299572951479868,-0.05438273653003711,Daily
2005-05-04,1.2950012683868408,1.0737375052932103,107373.75052932103,0.004895035225993327,0.004895035225993327,0.07373750529321033,1.1299572951479868,-0.049753906715044094,Daily
2005-05-05,1.2956053018569946,1.0742383336763088,107423.83336763088,0.00046643465523898975,0.00046643465523898975,0.07423833367630883,1.1299572951479868,-0.04931067900613062,Daily
2005-05-06,1.2811970710754397,1.062291891496876,106229.18914968759,-0.011120848888858004,-0.011120848888858004,0.06229189149687597,1.1299572951479868,-0.05988315128515442,Daily
2005-05-09,1.2854957580566406,1.0658561053304119,106585.61053304118,0.0033552113708723574,0.0033552113708723574,0.06585610533041186,1.1299572951479868,-0.05672886054439763,Daily
2005-05-10,1.288693070411682,1.0685071252757605,106850.71252757605,0.002487221241301407,0.002487221241301407,0.06850712527576053,1.1299572951479868,-0.05438273653003711,Daily
2005-05-11,1.2813942432403564,1.062455374849085,106245.5374849085,-0.005663743632138729,-0.005663743632138729,0.06245537484908503,1.1299572951479868,-0.05973847028445556,Daily
2005-05-12,1.2681021690368652,1.051434382867195,105143.43828671951,-0.010373134008998197,-0.010373134008998197,0.05143438286719504,1.1299572951479868,-0.06949192913570057,Daily
2005-05-13,1.2616068124771118,1.046048822158712,104604.88221587121,-0.005122108232562095,-0.005122108232562095,0.04604882215871209,1.1299572951479868,-0.07425809218594015,Daily
2005-05-16,1.2639987468719482,1.0480320709265964,104803.20709265965,0.0018959428335205697,0.0018959428335205697,0.04803207092659645,1.1299572951479868,-0.07250293845013045,Daily
2005-05-17,1.2603029012680054,1.0449676970641137,104496.76970641137,-0.0029239313829140245,-0.0029239313829140245,0.04496769706411374,1.1299572951479868,-0.07521487621595668,Daily
2005-05-18,1.2681021690368652,1.051434382867195,105143.43828671951,0.006188407374935867,0.006188407374935867,0.05143438286719504,1.1299572951479868,-0.06949192913570057,Daily
2005-05-19,1.2635036706924438,1.0476215834043923,104762.15834043923,-0.0036262837937689474,-0.0036262837937689474,0.047621583404392265,1.1299572951479868,-0.07286621547304695,Daily
2005-05-20,1.2556977272033691,1.0411493624938604,104114.93624938604,-0.006178014096940965,-0.006178014096940965,0.041149362493860364,1.1299572951479868,-0.07859406106360467,Daily
2005-05-23,1.257102608680725,1.042314206088653,104231.4206088653,0.0011188054632262912,0.0011188054632262912,0.042314206088652995,1.1299572951479868,-0.07756318706527354,Daily
2005-05-24,1.2568024396896362,1.0420653239357731,104206.5323935773,-0.00023877843305408764,-0.00023877843305408764,0.04206532393577311,1.1299572951479868,-0.07778344508205748,Daily
2005-05-25,1.2599060535430908,1.0446386546944009,104463.86546944009,0.002469452441722808,0.002469452441722808,0.04463865469440087,1.1299572951479868,-0.07550607515871832,Daily
2005-05-26,1.251392126083374,1.0375794158704643,103757.94158704643,-0.0067575891359310525,-0.0067575891359310525,0.03757941587046432,1.1299572951479868,-0.08175342526146001,Daily
2005-05-27,1.2581939697265625,1.0432190973156643,104321.90973156643,0.005435421480936675,0.005435421480936675,0.04321909731566431,1.1299572951479868,-0.07676236810432968,Daily
2005-05-30,1.248299241065979,1.0350149808202396,103501.49808202396,-0.007864231508544095,-0.007864231508544095,0.03501498082023957,1.1299572951479868,-0.08402292257895727,Daily
2005-05-31,1.2307995557785034,1.020505289685036,102050.5289685036,-0.014018822339851411,-0.014018822339851411,0.020505289685035955,1.1299572951479868,-0.09686384249469915,Daily
2005-06-01,1.2196015119552612,1.0112205423010352,101122.05423010352,-0.00909818643553173,-0.00909818643553173,0.011220542301035197,1.1299572951479868,-0.10508074363235209,Daily
2005-06-02,1.2266929149627686,1.0171003090319164,101710.03090319164,0.005814524611517324,0.005814524611517324,0.017100309031916394,1.1299572951479868,-0.09987721359088164,Daily
2005-06-03,1.223002314567566,1.0140402841824308,101404.02841824308,-0.003008577248785005,-0.003008577248785005,0.014040284182430751,1.1299572951479868,-0.10258530252718512,Daily
2005-06-06,1.2260010242462158,1.0165266346811166,101652.66346811166,0.002451924778008596,0.002451924778008596,0.016526634681116592,1.1299572951479868,-0.10038490919430243,Daily
2005-06-07,1.2278977632522583,1.0180992970855922,101809.92970855923,0.0015470941447284225,0.0015470941447284225,0.018099297085592214,1.1299572951479868,-0.09899311995480764,Daily
2005-06-08,1.2237954139709473,1.014697874715834,101469.78747158339,-0.0033409534605270963,-0.0033409534605270963,0.014697874715833947,1.1299572951479868,-0.10200334200865324,Daily
2005-06-09,1.2227928638458252,1.0138666201861601,101386.66201861601,-0.0008192138274721872,-0.0008192138274721872,0.013866620186160139,1.1299572951479868,-0.10273899328790359,Daily
2005-06-10,1.2136952877044678,1.006323454825091,100632.3454825091,-0.007439997738246995,-0.007439997738246995,0.006323454825091002,1.1299572951479868,-0.1094146131484588,Daily
2005-06-13,1.211798071861267,1.0047503970557974,100475.03970557974,-0.0015631731147188743,-0.0015631731147188743,0.004750397055797384,1.1299572951479868,-0.11080675228154657,Daily
2005-06-14,1.202602505683899,0.9971259842246459,99712.5984224646,-0.007588365083998072,-0.007588365083998072,-0.0028740157753540663,1.1299572951479868,-0.11755427527546025,Daily
2005-06-15,1.2121946811676023,1.005079241743101,100507.92417431009,0.007976181189019327,0.007976181189019327,0.005079241743100926,1.1299572951479868,-0.11051572828558187,Daily
2005-06-16,1.2099066972732544,1.0031821825055232,100318.21825055231,-0.0018874723094347567,-0.0018874723094347567,0.0031821825055231567,1.1299572951479868,-0.11219460521812052,Daily
2005-06-17,1.2278977632522583,1.0180992970855922,101809.92970855923,0.01486979617482076,0.01486979617482076,0.018099297085592214,1.1299572951479868,-0.09899311995480764,Daily
2005-06-20,1.2151997089385986,1.0075708308256242,100757.08308256241,-0.010341296070144446,-0.010341296070144446,0.007570830825624153,1.1299572951479868,-0.10831069886259204,Daily
2005-06-21,1.217404007911682,1.0093985035376574,100939.85035376574,0.001813939681576171,0.001813939681576171,0.009398503537657366,1.1299572951479868,-0.106693228255622,Daily
2005-06-22,1.212106466293335,1.0050060992517862,100500.60992517862,-0.004351506635364544,-0.004351506635364544,0.005006099251786189,1.1299572951479868,-0.11058045860028376,Daily
2005-06-23,1.2029062509536743,0.99737783161366,99737.783161366,-0.0075902699931924555,-0.0075902699931924555,-0.002622168386339996,1.1299572951479868,-0.11733139305672902,Daily
2005-06-24,1.2098042964935305,1.0030972779108753,100309.72779108753,0.005734483077453056,0.005734483077453056,0.003097277910875329,1.1299572951479868,-0.11226974486721386,Daily
2005-06-27,1.216397047042847,1.008563591883418,100856.3591883418,0.0054494355561678365,0.0054494355561678365,0.008563591883417931,1.1299572951479868,-0.10743211605060732,Daily
2005-06-28,1.2073066234588623,1.0010263569946174,100102.63569946174,-0.0074732371359205185,-0.0074732371359205185,0.0010263569946173945,1.1299572951479868,-0.11410248750726792,Daily
2005-06-29,1.207802414894104,1.0014374375640482,100143.74375640483,0.00041065908660486983,0.00041065908660486983,0.0014374375640482384,1.1299572951479868,-0.11373868564396206,Daily
2005-06-30,1.2091021537780762,1.0025151032164898,100251.51032164898,0.0010761187988568288,0.0010761187988568288,0.0025151032164898446,1.1299572951479868,-0.11278496318288411,Daily
2005-07-01,1.193602204322815,0.9896634732864323,98966.34732864323,-0.012819387846451424,-0.012819387846451424,-0.010336526713567662,1.1299572951479868,-0.12415851684304635,Daily
2005-07-04,1.190901517868042,0.9874242257989457,98742.42257989457,-0.002262635277475278,-0.002262635277475278,-0.012575774201054268,1.1299572951479868,-0.12614022668031366,Daily
2005-07-05,1.1931037902832031,0.9892502182105027,98925.02182105028,0.0018492481385896653,0.0018492481385896653,-0.01074978178949726,1.1299572951479868,-0.12452424312111388,Daily
2005-07-06,1.1929045915603638,0.9890850545578173,98908.50545578172,-0.000166958419260399,-0.000166958419260399,-0.010914945442182744,1.1299572951479868,-0.12467041116958322,Daily
2005-07-07,1.1945005655288696,0.990408340603391,99040.8340603391,0.0013378890313586744,0.0013378890313586744,-0.009591659396608998,1.1299572951479868,-0.12349931731386321,Daily
2005-07-08,1.1981070041656494,0.9933985835625139,99339.85835625138,0.0030192021174832995,0.0030192021174832995,-0.0066014164374861295,1.1299572951479868,-0.12085298459672167,Daily
2005-07-11,1.20689857006073,1.0006880235516835,100068.80235516836,0.007337880393414986,0.007337880393414986,0.0006880235516835143,1.1299572951479868,-0.11440190894946467,Daily
2005-07-12,1.223002314567566,1.0140402841824308,101404.02841824308,0.013343080277264496,0.013343080277264496,0.014040284182430751,1.1299572951479868,-0.10258530252718512,Daily
2005-07-13,1.208006739616394,1.0016068513885263,100160.68513885264,-0.01226128092527301,-0.01226128092527301,0.0016068513885263425,1.1299572951479868,-0.11358875623936815,Daily
2005-07-14,1.2093945741653442,1.0027575606910786,100275.75606910785,0.001148863250043597,0.001148863250043597,0.0027575606910785755,1.1299572951479868,-0.11257039093698606,Daily
2005-07-15,1.204601526260376,0.9987834523825652,99878.34523825652,-0.003963179600236066,-0.003963179600236066,-0.0012165476174348377,1.1299572951479868,-0.1160874338602701,Daily
2005-07-18,1.2056035995483398,0.9996143115474211,99961.43115474211,0.0008318711757528963,0.0008318711757528963,-0.00038568845257891393,1.1299572951479868,-0.11535213247461285,Daily
2005-07-19,1.2029930353164673,0.9974497880105213,99744.97880105213,-0.002165358690742525,-0.002165358690742525,-0.00255021198947869,1.1299572951479868,-0.11726771242280576,Daily
2005-07-20,1.2158055305480957,1.0080731418267899,100807.31418267898,0.010650514887027507,0.010650514887027507,0.008073141826789865,1.1299572951479868,-0.10786615905270491,Daily
2005-07-21,1.2161011695861816,1.0083182680138991,100831.8268013899,0.0002431630969406129,0.0002431630969406129,0.008318268013899122,1.1299572951479868,-0.10764922502505458,Daily
2005-07-22,1.2060980796813965,1.0000243048636028,100002.43048636029,-0.008225540896559469,-0.008225540896559469,2.4304863602830906e-05,1.1299572951479868,-0.11498929281868753,Daily
2005-07-25,1.2065054178237915,1.0003620452593096,100036.20452593097,0.0003377321871720351,0.0003377321871720351,0.00036204525930960685,1.1299572951479868,-0.11469039621688049,Daily
2005-07-26,1.2017064094543457,0.9963829948905725,99638.29948905724,-0.0039776102937868485,-0.0039776102937868485,-0.003617005109427529,1.1299572951479868,-0.11821181281007664,Daily
2005-07-27,1.206694722175598,1.0005190050920232,100051.90050920231,0.004151024478197707,0.004151024478197707,0.0005190050920231837,1.1299572951479868,-0.1145514884604657,Daily
2005-07-28,1.213194727897644,1.0059084206074809,100590.84206074808,0.005386619832336015,0.005386619832336015,0.005908420607480869,1.1299572951479868,-0.10978191394769454,Daily
2005-07-29,1.2124004364013672,1.005249841662033,100524.9841662033,-0.0006547106396128655,-0.0006547106396128655,0.005249841662033017,1.1299572951479868,-0.11036474920020878,Daily
2005-08-01,1.218397855758667,1.0102225426594043,101022.25426594043,0.004946731440563568,0.004946731440563568,0.010222542659404255,1.1299572951479868,-0.10596396253444362,Daily
2005-08-02,1.219393253326416,1.0110478667168095,101104.78667168095,0.0008169725209581369,0.0008169725209581369,0.011047866716809462,1.1299572951479868,-0.10523355965908798,Daily
2005-08-03,1.23350191116333,1.022745920949385,102274.5920949385,0.011570227896887664,0.011570227896887664,0.02274592094938499,1.1299572951479868,-0.09488090802985671,Daily
2005-08-04,1.2384973764419556,1.026887861623105,102688.7861623105,0.004049823703892397,0.004049823703892397,0.02688786162310497,1.1299572951479868,-0.09121533527635062,Daily
2005-08-05,1.2365983724594116,1.0253133212357441,102531.33212357441,-0.0015333128827446085,-0.0015333128827446085,0.025313321235744146,1.1299572951479868,-0.09260878651041216,Daily
2005-08-08,1.235101580619812,1.0240722710722974,102407.22710722973,-0.0012104106498401768,-0.0012104106498401768,0.02407227107229737,1.1299572951479868,-0.09370710249879133,Daily
2005-08-09,1.2378076314926147,1.0263159664139856,102631.59664139856,0.0021909541006699396,0.0021909541006699396,0.026315966413985592,1.1299572951479868,-0.09172145635860307,Daily
2005-08-10,1.2386049032211304,1.0269770163895455,102697.70163895455,0.0006440998651415786,0.0006440998651415786,0.026977016389545527,1.1299572951479868,-0.0911364342711326,Daily
2005-08-11,1.247302770614624,1.0341887671919943,103418.87671919943,0.007022309834939122,0.007022309834939122,0.03418876719199426,1.1299572951479868,-0.08475411271489697,Daily
2005-08-12,1.2444931268692017,1.0318591788436136,103185.91788436136,-0.0022525755667468506,-0.0022525755667468506,0.031859178843613556,1.1299572951479868,-0.08681577323816092,Daily
2005-08-15,1.2371032238006592,1.0257319137367154,102573.19137367154,-0.0059380826691535216,-0.0059380826691535216,0.02573191373671535,1.1299572951479868,-0.09223833666883974,Daily
2005-08-16,1.234994888305664,1.0239838081942882,102398.38081942883,-0.001704251880063623,-0.001704251880063623,0.023983808194288248,1.1299572951479868,-0.09378539119022156,Daily
2005-08-17,1.2278074026107788,1.0180243754525966,101802.43754525966,-0.005819850562091,-0.005819850562091,0.018024375452596608,1.1299572951479868,-0.0990594247906782,Daily
2005-08-18,1.218397855758667,1.0102225426594043,101022.25426594043,-0.007663699397888912,-0.007663699397888912,0.010222542659404255,1.1299572951479868,-0.10596396253444362,Daily
2005-08-19,1.2154951095581057,1.007815759330325,100781.5759330325,-0.0023824288485421174,-0.0023824288485421174,0.007815759330324967,1.1299572951479868,-0.10809393978173787,Daily
2005-08-22,1.223406195640564,1.014375158183208,101437.51581832078,0.006508529750756775,0.006508529750756775,0.014375158183207892,1.1299572951479868,-0.10228894265392707,Daily
2005-08-23,1.2234959602355957,1.0144495856101812,101444.95856101812,7.337268304818956e-05,7.337268304818956e-05,0.01444958561018117,1.1299572951479868,-0.10222307518504758,Daily
2005-08-24,1.227400541305542,1.0176870304217076,101768.70304217076,0.0031913313953193523,0.0031913313953193523,0.017687030421707606,1.1299572951479868,-0.09935797149889236,Daily
2005-08-25,1.230193853378296,1.0200030775250748,102000.30775250748,0.002275795047135043,0.002275795047135043,0.020003077525074797,1.1299572951479868,-0.09730829483118797,Daily
2005-08-26,1.2294074296951294,1.0193510220991224,101935.10220991225,-0.0006392680966557096,-0.0006392680966557096,0.019351022099122428,1.1299572951479868,-0.09788535683941813,Daily
2005-08-29,1.2234959602355957,1.0144495856101812,101444.95856101812,-0.004808389242449418,-0.004808389242449418,0.01444958561018117,1.1299572951479868,-0.10222307518504758,Daily
2005-08-30,1.221806883811951,1.0130491045839092,101304.91045839092,-0.0013805328979750175,-0.0013805328979750175,0.013049104583909177,1.1299572951479868,-0.10346248576479744,Daily
2005-08-31,1.234095573425293,1.0232381501476937,102323.81501476937,0.010057800276097595,0.010057800276097595,0.023238150147693704,1.1299572951479868,-0.09444529050659078,Daily
2005-09-01,1.2490007877349854,1.0355966613086025,103559.66613086025,0.012077844399297488,0.012077844399297488,0.035596661308602506,1.1299572951479868,-0.08350814163027831,Daily
2005-09-02,1.2533055543899536,1.0391659160435671,103916.59160435671,0.003446568406713979,0.003446568406713979,0.03916591604356712,1.1299572951479868,-0.08034938974621075,Daily
2005-09-05,1.2526932954788208,1.0386582676173597,103865.82676173597,-0.0004885152778492108,-0.0004885152778492108,0.03865826761735969,1.1299572951479868,-0.0807986531196031,Daily
2005-09-06,1.245795488357544,1.0329390190025536,103293.90190025535,-0.00550638144721638,-0.00550638144721638,0.03293901900255358,1.1299572951479868,-0.08586012636232154,Daily
2005-09-07,1.2416036128997805,1.0294633668882314,102946.33668882314,-0.003364818300385708,-0.003364818300385708,0.029463366888231368,1.1299572951479868,-0.08893604093824992,Daily
2005-09-08,1.2394031286239624,1.0276388570947412,102763.88570947413,-0.001772292101082873,-0.001772292101082873,0.02763885709474123,1.1299572951479868,-0.09055071239647627,Daily
2005-09-09,1.2410951852798462,1.0290418091511255,102904.18091511255,0.001365218964520798,0.001365218964520798,0.02904180915112553,1.1299572951479868,-0.08930911498176997,Daily
2005-09-12,1.2291052341461182,1.0191004596457665,101910.04596457664,-0.009660782892349062,-0.009660782892349062,0.019100459645766454,1.1299572951479868,-0.0981071019039722,Daily
2005-09-13,1.2280033826828003,1.018186870392761,101818.6870392761,-0.0008964663339696699,-0.0008964663339696699,0.018186870392761012,1.1299572951479868,-0.09891561852396169,Daily
2005-09-14,1.2278977632522583,1.0180992970855922,101809.92970855923,-8.600907133582414e-05,-8.600907133582414e-05,0.018099297085592214,1.1299572951479868,-0.09899311995480764,Daily
2005-09-15,1.2236007452011108,1.0145364670289188,101453.64670289187,-0.0034994917164489214,-0.0034994917164489214,0.014536467028918754,1.1299572951479868,-0.1021461860679892,Daily
2005-09-16,1.223900318145752,1.014784854975776,101478.48549757761,0.00024482899819733284,0.00024482899819733284,0.014784854975776085,1.1299572951479868,-0.10192636541819655,Daily
2005-09-19,1.2139016389846802,1.0064945489500452,100649.45489500451,-0.0081695208448187,-0.0081695208448187,0.006494548950045198,1.1299572951479868,-0.10926319669609474,Daily
2005-09-20,1.21190083026886,1.0048355981740589,100483.55981740588,-0.0016482461606145415,-0.0016482461606145415,0.004835598174058875,1.1299572951479868,-0.11073135021225844,Daily
2005-09-22,1.2154065370559692,1.0077423203153963,100774.23203153964,0.002892734041886502,0.002892734041886502,0.007742320315396345,1.1299572951479868,-0.108158932516635,Daily
2005-09-23,1.2040939331054688,0.9983625865338909,99836.25865338909,-0.009307670812683466,-0.009307670812683466,-0.0016374134661091277,1.1299572951479868,-0.11645989559000225,Daily
2005-09-26,1.2073066234588623,1.0010263569946174,100102.63569946174,0.002668139307958839,0.002668139307958839,0.0010263569946173945,1.1299572951479868,-0.11410248750726792,Daily
2005-09-27,1.2018941640853882,0.9965386697876278,99653.86697876279,-0.004483085960356625,-0.004483085960356625,-0.00346133021237216,1.1299572951479868,-0.11807404220783901,Daily
2005-09-28,1.2061998844146729,1.0001087152522283,100010.87152522283,0.003582445491414177,0.003582445491414177,0.00010871525222833078,1.1299572951479868,-0.11491459053658537,Daily
2005-09-29,1.202096462249756,0.9967064033116301,99670.64033116301,-0.0034019420976050263,-0.0034019420976050263,-0.0032935966883699264,1.1299572951479868,-0.11792559985101503,Daily
2005-09-30,1.2028049230575562,0.9972938165898524,99729.38165898524,0.0005893543738362261,0.0005893543738362261,-0.002706183410147611,1.1299572951479868,-0.11740574544523819,Daily
2005-10-03,1.1912987232208252,0.9877535646922719,98775.35646922719,-0.009566139625935333,-0.009566139625935333,-0.012246435307728065,1.1299572951479868,-0.12584876531735734,Daily
2005-10-04,1.1918951272964478,0.9882480672382836,98824.80672382837,0.0005006335220523184,0.0005006335220523184,-0.011751932761716377,1.1299572951479868,-0.12541113590593178,Daily
2005-10-05,1.2012012004852295,0.9959641058659876,99596.41058659877,0.007807795313242494,0.007807795313242494,-0.004035894134012397,1.1299572951479868,-0.11858252507184408,Daily
2005-10-06,1.2171964645385742,1.0092264210006583,100922.64210006583,0.013316057332346531,0.013316057332346531,0.009226421000658291,1.1299572951479868,-0.10684551944196863,Daily
2005-10-07,1.213003396987915,1.0057497804742912,100574.97804742912,-0.003444856826994247,-0.003444856826994247,0.0057497804742911995,1.1299572951479868,-0.10992230875187947,Daily
2005-10-10,1.204906344413757,0.9990361893424194,99903.61893424194,-0.006675210138953003,-0.006675210138953003,-0.000963810657580555,1.1299572951479868,-0.1158637643809548,Daily
2005-10-11,1.1984946727752686,0.9937200151594816,99372.00151594816,-0.0053213029113960975,-0.0053213029113960975,-0.006279984840518393,1.1299572951479868,-0.12056852110562521,Daily
2005-10-12,1.2028049230575562,0.9972938165898524,99729.38165898524,0.0035963866842283476,0.0035963866842283476,-0.002706183410147611,1.1299572951479868,-0.11740574544523819,Daily
2005-10-13,1.2018941640853882,0.9965386697876278,99653.86697876279,-0.0007571959132431916,-0.0007571959132431916,-0.00346133021237216,1.1299572951479868,-0.11807404220783901,Daily
2005-10-14,1.2077003717422483,1.0013528294930136,100135.28294930136,0.004830880979673102,0.004830880979673102,0.0013528294930136298,1.1299572951479868,-0.11381356287286082,Daily
2005-10-17,1.20110023021698,0.9958803873657934,99588.03873657934,-0.005465048847957954,-0.005465048847957954,-0.004119612634206571,1.1299572951479868,-0.11865661504015845,Daily
2005-10-18,1.195500135421753,0.9912371241029527,99123.71241029527,-0.004662470836605759,-0.004662470836605759,-0.008762875897047273,1.1299572951479868,-0.1227658528695692,Daily
2005-10-19,1.1974040269851685,0.9928157169796974,99281.57169796975,0.0015925481787955054,0.0015925481787955054,-0.0071842830203026065,1.1299572951479868,-0.12136881522617937,Daily
2005-10-20,1.2017930746078491,0.9964548524462291,99645.4852446229,0.0036654692349176177,0.0036654692349176177,-0.0035451475537708887,1.1299572951479868,-0.11814821964955169,Daily
2005-10-21,1.1954001188278198,0.9911541963323944,99115.41963323945,-0.005319514577927897,-0.005319514577927897,-0.008845803667605567,1.1299572951479868,-0.1228392430506976,Daily
2005-10-24,1.197604775428772,0.992982165568041,99298.2165568041,0.0018442834045506729,0.0018442834045506729,-0.007017834431959025,1.1299572951479868,-0.12122151002353299,Daily
2005-10-25,1.2111963033676147,1.004251446655584,100425.14466555841,0.011348925970988022,0.011348925970988022,0.004251446655584079,1.1299572951479868,-0.1112483179958933,Daily
2005-10-26,1.2063016891479492,1.000193125640854,100019.31256408541,-0.0040411403222223585,-0.0040411403222223585,0.0001931256408540527,1.1299572951479868,-0.1148398882544831,Daily
2005-10-27,1.214299559593201,1.0068244808905986,100682.44808905986,0.006630074812297604,0.006630074812297604,0.0068244808905986165,1.1299572951479868,-0.10897121049274872,Daily
2005-10-28,1.2071025371551514,1.0008571408525482,100085.71408525482,-0.0059268920763349,-0.0059268920763349,0.0008571408525481772,1.1299572951479868,-0.11425224196506545,Daily
2005-10-31,1.1988970041275024,0.9940536042246004,99405.36042246004,-0.006797710032974691,-0.006797710032974691,-0.005946395775399571,1.1299572951479868,-0.12027329838654433,Daily
2005-11-01,1.202399969100952,0.9969580530182348,99695.80530182348,0.002921823110233479,0.002921823110233479,-0.0030419469817651867,1.1299572951479868,-0.11770289257908062,Daily
2005-11-02,1.206752896308899,1.0005672395998095,100056.72395998095,0.003620199035103022,0.003620199035103022,0.0005672395998095325,1.1299572951479868,-0.11450880144212128,Daily
2005-11-03,1.1952000856399536,0.9909883407912775,99098.83407912774,-0.009573468358171744,-0.009573468358171744,-0.009011659208722489,1.1299572951479868,-0.12298602341295473,Daily
2005-11-04,1.1813069581985474,0.979468991456401,97946.8991456401,-0.011624101778713758,-0.011624101778713758,-0.020531008543599016,1.1299572951479868,-0.1331805231381571,Daily
2005-11-07,1.1793009042739868,0.9778056916674175,97780.56916674176,-0.0016981648255247617,-0.0016981648255247617,-0.022194308332582513,1.1299572951479868,-0.13465252548384365,Daily
2005-11-08,1.1768028736114502,0.9757344742275463,97573.44742275463,-0.0021182300916444685,-0.0021182300916444685,-0.024265525772453667,1.1299572951479868,-0.1364855305440923,Daily
2005-11-09,1.1778008937835691,0.9765619727914497,97656.19727914498,0.0008480776130805889,0.0008480776130805889,-0.02343802720855026,1.1299572951479868,-0.13575320325397555,Daily
2005-11-10,1.1675559282302856,0.9680674608372642,96806.74608372642,-0.008698384937009584,-0.008698384937009584,-0.03193253916273575,1.1299572951479868,-0.14327075457264993,Daily
2005-11-11,1.1735023260116575,0.972997857799118,97299.78577991179,0.0050930303530598575,0.0050930303530598575,-0.02700214220088204,1.1299572951479868,-0.13890740652133438,Daily
2005-11-14,1.1691941022872925,0.9694257366692236,96942.57366692236,-0.00367125282061187,-0.00367125282061187,-0.030574263330776397,1.1299572951479868,-0.14206869513395104,Daily
2005-11-15,1.1731994152069092,0.9727467022985354,97274.67022985354,0.003425704005674657,0.003425704005674657,-0.027253297701464563,1.1299572951479868,-0.13912967642627772,Daily
2005-11-16,1.1677058935165403,0.9681918030724995,96819.18030724995,-0.004682513150929157,-0.004682513150929157,-0.031808196927500476,1.1299572951479868,-0.14316071303765632,Daily
2005-11-17,1.1747982501983645,0.9740723605330167,97407.23605330168,0.0060737525786269675,0.0060737525786269675,-0.025927639466983288,1.1299572951479868,-0.13795648320899978,Daily
2005-11-18,1.1776067018508911,0.9764009604693525,97640.09604693526,0.002390582086798654,0.002390582086798654,-0.02359903953064746,1.1299572951479868,-0.1358956974197184,Daily
2005-11-21,1.173695087432861,0.9731576840267616,97315.76840267616,-0.0033216645352662777,-0.0033216645352662777,-0.026842315973238384,1.1299572951479868,-0.13876596203637026,Daily
2005-11-22,1.181404709815979,0.9795500412440743,97955.00412440742,0.006568675685590941,0.006568675685590941,-0.0204499587559257,1.1299572951479868,-0.13310879495159522,Daily
2005-11-23,1.1808048486709597,0.9790526723031329,97905.26723031329,-0.0005077524577609127,-0.0005077524577609127,-0.020947327696867135,1.1299572951479868,-0.13354896109156977,Daily
2005-11-24,1.1781060695648191,0.9768150062749177,97681.50062749177,-0.0022855420259987325,-0.0022855420259987325,-0.023184993725082315,1.1299572951479868,-0.13552927135446524,Daily
2005-11-25,1.1724978685379028,0.9721650218101727,97216.50218101728,-0.004760353224381397,-0.004760353224381397,-0.027834978189827275,1.1299572951479868,-0.13964445737495645,Daily
2005-11-28,1.1850025653839111,0.9825331676364747,98253.31676364747,0.010665006036728597,0.010665006036728597,-0.01746683236352531,1.1299572951479868,-0.13046876031912735,Daily
2005-11-29,1.1768028736114502,0.9757344742275463,97573.44742275463,-0.006919556135985605,-0.006919556135985605,-0.024265525772453667,1.1299572951479868,-0.1364855305440923,Daily
2005-11-30,1.180498123168945,0.9787983538840064,97879.83538840064,0.003140075232952677,0.003140075232952677,-0.021201646115993622,1.1299572951479868,-0.13377403014525757,Daily
2005-12-01,1.1742050647735596,0.9735805266995258,97358.05266995258,-0.005330849979237828,-0.005330849979237828,-0.026419473300474228,1.1299572951479868,-0.13839175083867294,Daily
2005-12-02,1.1718933582305908,0.9716637980622563,97166.37980622564,-0.0019687417575691146,-0.0019687417575691146,-0.028336201937743666,1.1299572951479868,-0.1400880349774628,Daily
2005-12-05,1.1787031888961792,0.9773101018681565,97731.01018681565,0.005810964468533575,0.005810964468533575,-0.022689898131843522,1.1299572951479868,-0.13509111710264998,Daily
2005-12-06,1.1798018217086792,0.978221022408641,97822.1022408641,0.0009320690932623776,0.0009320690932623776,-0.02177897759135905,1.1299572951479868,-0.13428496226441322,Daily
2005-12-07,1.1717971563339231,0.9715840332102411,97158.40332102412,-0.006784754208264521,-0.006784754208264521,-0.028415966789758884,1.1299572951479868,-0.14015862600984763,Daily
2005-12-08,1.1813069581985474,0.979468991456401,97946.8991456401,0.008115570014162188,0.008115570014162188,-0.020531008543599016,1.1299572951479868,-0.1331805231381571,Daily
2005-12-09,1.181404709815979,0.9795500412440743,97955.00412440742,8.274870198055062e-05,8.274870198055062e-05,-0.0204499587559257,1.1299572951479868,-0.13310879495159522,Daily
2005-12-12,1.1956002712249756,0.9913201507147157,99132.01507147157,0.012015832754897149,0.012015832754897149,-0.008679849285284313,1.1299572951479868,-0.12269237521504228,Daily
2005-12-13,1.1949001550674438,0.9907396563208067,99073.96563208067,-0.0005855771150121702,-0.0005855771150121702,-0.009260343679193261,1.1299572951479868,-0.12320610648294206,Daily
2005-12-14,1.1974040269851685,0.9928157169796974,99281.57169796975,0.002095465388556539,0.002095465388556539,-0.0071842830203026065,1.1299572951479868,-0.12136881522617937,Daily
2005-12-15,1.1967018842697144,0.9922335422853121,99223.35422853121,-0.0005863874679142844,-0.0005863874679142844,-0.007766457714687869,1.1299572951479868,-0.1218840335418494,Daily
2005-12-16,1.2014031410217283,0.9961315428663761,99613.15428663761,0.003928511197158313,0.003928511197158313,-0.003868457133623937,1.1299572951479868,-0.11843434513521511,Daily
2005-12-19,1.2006964683532717,0.995545612206221,99554.5612206221,-0.0005882061102784331,-0.0005882061102784331,-0.004454387793779047,1.1299572951479868,-0.1189528874400182,Daily
2005-12-20,1.1874933242797852,0.9845983557628725,98459.83557628725,-0.010996237951456989,-0.010996237951456989,-0.015401644237127532,1.1299572951479868,-0.12864109113617184,Daily
2005-12-21,1.1834039688110352,0.9812077070844025,98120.77070844025,-0.0034436871223930687,-0.0034436871223930687,-0.018792292915597475,1.1299572951479868,-0.13164177858960857,Daily
2005-12-22,1.187295913696289,0.9844346747282542,98443.46747282542,0.003288771195489648,0.003288771195489648,-0.015565325271745811,1.1299572951479868,-0.12878594708366742,Daily
2005-12-23,1.187197208404541,0.9843528342109451,98435.28342109451,-8.313453336217247e-05,-8.313453336217247e-05,-0.015647165789054895,1.1299572951479868,-0.12885837505741526,Daily
2005-12-26,1.1837962865829468,0.9815329934883451,98153.29934883451,-0.0028646646045982216,-0.0028646646045982216,-0.018467006511654893,1.1299572951479868,-0.13135390363598043,Daily
2005-12-27,1.1856067180633545,0.9830340948607775,98303.40948607775,0.0015293437738628235,0.0015293437738628235,-0.01696590513922247,1.1299572951479868,-0.1300254451368158,Daily
2005-12-28,1.184805989265442,0.9823701784902877,98237.01784902878,-0.0006753747138178445,-0.0006753747138178445,-0.017629821509712262,1.1299572951479868,-0.13061300395283526,Daily
2005-12-29,1.1850025653839111,0.9825331676364747,98253.31676364747,0.0001659141836303224,0.0001659141836303224,-0.01746683236352531,1.1299572951479868,-0.13046876031912735,Daily
2005-12-30,1.184104561805725,0.9817885968431295,98178.85968431295,-0.0007578072861766927,-0.0007578072861766927,-0.01821140315687053,1.1299572951479868,-0.1311276974281158,Daily
2006-01-02,1.1816978454589844,0.9797930917658897,97979.30917658897,-0.0020325201205800836,-0.0020325201205800836,-0.02020690823411031,1.1299572951479868,-0.1328936978653079,Daily
2006-01-03,1.2032970190048218,0.9977018330819444,99770.18330819444,0.018278084900331004,0.018278084900331004,-0.002298166918055622,1.1299572951479868,-0.11704465525727803,Daily
2006-01-04,1.2111963033676147,1.004251446655584,100425.14466555841,0.006564700350812913,0.006564700350812913,0.004251446655584079,1.1299572951479868,-0.1112483179958933,Daily
2006-01-05,1.2106977701187134,1.00383809273845,100383.809273845,-0.00041160400466500047,-0.00041160400466500047,0.0038380927384500385,1.1299572951479868,-0.11161413174735901,Daily
2006-01-06,1.2154065370559692,1.0077423203153963,100774.23203153964,0.0038893000825419577,0.0038893000825419577,0.007742320315396345,1.1299572951479868,-0.108158932516635,Daily
2006-01-09,1.207496166229248,1.0011835145097403,100118.35145097403,-0.006508415567586079,-0.006508415567586079,0.0011835145097403021,1.1299572951479868,-0.11396340480405631,Daily
2006-01-10,1.2064036130905151,1.000277634870684,100027.76348706841,-0.0009048087847308706,-0.0009048087847308706,0.00027763487068410697,1.1299572951479868,-0.11476509849898264,Daily
2006-01-11,1.2139016389846802,1.0064945489500452,100649.45489500451,0.00621518852629821,0.00621518852629821,0.006494548950045198,1.1299572951479868,-0.10926319669609474,Daily
2006-01-12,1.2045000791549685,0.9986993385175533,99869.93385175533,-0.007744910730637988,-0.007744910730637988,-0.0013006614824466745,1.1299572951479868,-0.11616187372217734,Daily
2006-01-13,1.214299559593201,1.0068244808905986,100682.44808905986,0.00813572419613906,0.00813572419613906,0.0068244808905986165,1.1299572951479868,-0.10897121049274872,Daily
2006-01-16,1.2116072177886963,1.0045921522874253,100459.21522874253,-0.002217197382009095,-0.002217197382009095,0.004592152287425266,1.1299572951479868,-0.11094679719213896,Daily
2006-01-17,1.2108443975448608,1.00395966741996,100395.966741996,-0.0006295936774193267,-0.0006295936774193267,0.003959667419960011,1.1299572951479868,-0.11150653946751621,Daily
2006-01-18,1.210800290107727,1.0039230961743024,100392.30961743025,-3.642700682549016e-05,-3.642700682549016e-05,0.003923096174302421,1.1299572951479868,-0.11153890462486737,Daily
2006-01-19,1.2091021537780762,1.0025151032164898,100251.51032164898,-0.0014024908513192713,-0.0014024908513192713,0.0025151032164898446,1.1299572951479868,-0.11278496318288411,Daily
2006-01-20,1.2136069536209106,1.0062502134925715,100625.02134925715,0.003725739656288418,0.003725739656288418,0.006250213492571488,1.1299572951479868,-0.10947943093655921,Daily
2006-01-23,1.2304056882858276,1.020178718345435,102017.87183454349,0.013841989463554416,0.013841989463554416,0.020178718345434943,1.1299572951479868,-0.09715285460250467,Daily
2006-01-24,1.2264971733093262,1.0169380117741609,101693.80117741608,-0.0031766067189972214,-0.0031766067189972214,0.016938011774160877,1.1299572951479868,-0.10002084491080188,Daily
2006-01-25,1.2244998216629028,1.0152819273931042,101528.19273931041,-0.0016285008150767055,-0.0016285008150767055,0.015281927393104189,1.1299572951479868,-0.10148646169841669,Daily
2006-01-26,1.2214934825897217,1.012789251057332,101278.9251057332,-0.0024551568076982555,-0.0024551568076982555,0.012789251057331974,1.1299572951479868,-0.10369245332878685,Daily
2006-01-27,1.2093945741653442,1.0027575606910786,100275.75606910785,-0.009905012672459246,-0.009905012672459246,0.0027575606910785755,1.1299572951479868,-0.11257039093698606,Daily
2006-01-30,1.208605170249939,1.0021030342350143,100210.30342350143,-0.0006527265230622525,-0.0006527265230622525,0.002103034235014345,1.1299572951479868,-0.11314963978017223,Daily
2006-01-31,1.2148454189300537,1.0072770747659108,100727.70747659108,0.005163182182005954,0.005163182182005954,0.007277074765910774,1.1299572951479868,-0.10857066980217955,Daily
2006-02-01,1.206694722175598,1.0005190050920232,100051.90050920231,-0.006709245989201307,-0.006709245989201307,0.0005190050920231837,1.1299572951479868,-0.1145514884604657,Daily
2006-02-02,1.208400845527649,1.001933620410536,100193.3620410536,0.0014138815068112098,0.0014138815068112098,0.0019336204105360189,1.1299572951479868,-0.11329956918476636,Daily
2006-02-03,1.2027037143707275,0.9972099004072492,99720.99004072492,-0.004714603749249702,-0.004714603749249702,-0.0027900995927507832,1.1299572951479868,-0.11748001036034916,Daily
2006-02-06,1.196300983428955,0.9919011393146471,99190.1139314647,-0.005323614507270813,-0.005323614507270813,-0.008098860685352927,1.1299572951479868,-0.12217820658015133,Daily
2006-02-07,1.1992995738983154,0.9943873909721282,99438.73909721282,0.002506551871892304,0.002506551871892304,-0.005612609027871751,1.1299572951479868,-0.11997790072066694,Daily
2006-02-08,1.19650137424469,0.9920672913793773,99206.72913793773,-0.0023331949035302335,-0.0023331949035302335,-0.007932708620622675,1.1299572951479868,-0.12203116379769952,Daily
2006-02-09,1.1994003057479858,0.9944709117899135,99447.09117899135,0.002422840095044565,0.002422840095044565,-0.0055290882100864636,1.1299572951479868,-0.11990398569914895,Daily
2006-02-10,1.19070303440094,0.9872596551934871,98725.96551934871,-0.00725134994994181,-0.00725134994994181,-0.012740344806512871,1.1299572951479868,-0.12628586988839352,Daily
2006-02-13,1.1911994218826294,0.9876712299689404,98767.12299689405,0.0004168860474427216,0.0004168860474427216,-0.012328770031059588,1.1299572951479868,-0.12592163065809636,Daily
2006-02-14,1.1915968656539917,0.9880007665446756,98800.07665446756,0.0003336500707280532,0.0003336500707280532,-0.011999233455324387,1.1299572951479868,-0.12562999434834365,Daily
2006-02-15,1.1885942220687866,0.985511154286242,98551.11542862421,-0.002519848508964695,-0.002519848508964695,-0.01448884571375797,1.1299572951479868,-0.12783327430336844,Daily
2006-02-16,1.19070303440094,0.9872596551934871,98725.96551934871,0.001774207120478044,0.001774207120478044,-0.012740344806512871,1.1299572951479868,-0.12628586988839352,Daily
2006-02-17,1.1942009925842283,0.9901599526565333,99015.99526565333,0.002937725093686616,0.002937725093686616,-0.009840047343466662,1.1299572951479868,-0.12371913796365608,Daily
2006-02-20,1.193402886390686,0.9894982107925423,98949.82107925422,-0.0006683181461900611,-0.0006683181461900611,-0.010501789207457701,1.1299572951479868,-0.1243047723649141,Daily
2006-02-21,1.191994547843933,0.9883305008028197,98833.05008028197,-0.0011801031846104815,-0.0011801031846104815,-0.0116694991971803,1.1299572951479868,-0.12533818309179434,Daily
2006-02-22,1.1915968656539917,0.9880007665446756,98800.07665446756,-0.00033362752427068543,-0.00033362752427068543,-0.011999233455324387,1.1299572951479868,-0.12562999434834365,Daily
2006-02-23,1.1921935081481934,0.9884954667730962,98849.54667730961,0.0005007083447421401,0.0005007083447421401,-0.011504533226903813,1.1299572951479868,-0.1251921899901216,Daily
2006-02-24,1.1878036260604858,0.984855639418133,98485.5639418133,-0.003682189223229493,-0.003682189223229493,-0.015144360581866967,1.1299572951479868,-0.12841339788053696,Daily
2006-02-27,1.1850025653839111,0.9825331676364747,98253.31676364747,-0.0023581849853959724,-0.0023581849853959724,-0.01746683236352531,1.1299572951479868,-0.13046876031912735,Daily
2006-02-28,1.1930042505264282,0.9891676858047623,98916.76858047623,0.006752462295239514,0.006752462295239514,-0.010832314195237669,1.1299572951479868,-0.12459728340864928,Daily
2006-03-01,1.191994547843933,0.9883305008028197,98833.05008028197,-0.0008463529631596023,-0.0008463529631596023,-0.0116694991971803,1.1299572951479868,-0.12533818309179434,Daily
2006-03-02,1.203905463218689,0.9982063185896086,99820.63185896086,0.009992424375010911,0.009992424375010911,-0.001793681410391379,1.1299572951479868,-0.11659819103262947,Daily
2006-03-03,1.204601526260376,0.9987834523825652,99878.34523825652,0.0005781708472571978,0.0005781708472571978,-0.0012165476174348377,1.1299572951479868,-0.1160874338602701,Daily
2006-03-06,1.2016053199768066,0.9962991775491736,99629.91775491736,-0.0024873007531966973,-0.0024873007531966973,-0.0037008224508263687,1.1299572951479868,-0.11828599025178954,Daily
2006-03-07,1.1890040636062622,0.9858509703472431,98585.09703472431,-0.010487017792820352,-0.010487017792820352,-0.014149029652756884,1.1299572951479868,-0.12753254076019804,Daily
2006-03-08,1.1927053928375244,0.9889198909051318,98891.98909051318,0.003112966006218576,0.003112966006218576,-0.011080109094868229,1.1299572951479868,-0.12481657921805256,Daily
2006-03-09,1.1904053688049316,0.9870128487059014,98701.28487059014,-0.001928409183361568,-0.001928409183361568,-0.012987151294098553,1.1299572951479868,-0.12650429096381421,Daily
2006-03-10,1.1911001205444336,0.9875888952456088,98758.88952456087,0.0005836261812219856,0.0005836261812219856,-0.012411104754391222,1.1299572951479868,-0.1259944959988355,Daily
2006-03-13,1.1967018842697144,0.9922335422853121,99223.35422853121,0.004703016672284788,0.004703016672284788,-0.007766457714687869,1.1299572951479868,-0.1218840335418494,Daily
2006-03-14,1.2018941640853882,0.9965386697876278,99653.86697876279,0.004338824801669361,0.004338824801669361,-0.00346133021237216,1.1299572951479868,-0.11807404220783901,Daily
2006-03-15,1.2071025371551514,1.0008571408525482,100085.71408525482,0.004333470637763348,0.004333470637763348,0.0008571408525481772,1.1299572951479868,-0.11425224196506545,Daily
2006-03-16,1.217492938041687,1.0094722390761992,100947.22390761992,0.008607720195024537,0.008607720195024537,0.009472239076199207,1.1299572951479868,-0.1066279731005304,Daily
2006-03-17,1.2192000150680542,1.0108876451243478,101088.76451243478,0.0014021247869520082,0.0014021247869520082,0.010887645124347811,1.1299572951479868,-0.1053753540376452,Daily
2006-03-20,1.216293454170227,1.008477698876725,100847.7698876725,-0.0023839902082554154,-0.0023839902082554154,0.008477698876725004,1.1299572951479868,-0.10750813043368335,Daily
2006-03-21,1.210800290107727,1.0039230961743024,100392.30961743025,-0.004516314745973693,-0.004516314745973693,0.003923096174302421,1.1299572951479868,-0.11153890462486737,Daily
2006-03-22,1.2079044580459597,1.0015220456350833,100152.20456350833,-0.002391667796436736,-0.002391667796436736,0.0015220456350832912,1.1299572951479868,-0.11366380841506296,Daily
2006-03-23,1.197203278541565,0.9926492683913536,99264.92683913535,-0.008859292995496038,-0.008859292995496038,-0.00735073160864641,1.1299572951479868,-0.12151612042882598,Daily
2006-03-24,1.2034997940063477,0.9978699619707643,99786.99619707643,0.005259353676723144,0.005259353676723144,-0.0021300380292357257,1.1299572951479868,-0.11689586300686128,Daily
2006-03-27,1.20110023021698,0.9958803873657934,99588.03873657934,-0.001993821520633321,-0.001993821520633321,-0.004119612634206571,1.1299572951479868,-0.11865661504015845,Daily
2006-03-28,1.20110023021698,0.9958803873657934,99588.03873657934,0.0,0.0,-0.004119612634206571,1.1299572951479868,-0.11865661504015845,Daily
2006-03-29,1.2030943632125854,0.997533803034329,99753.3803034329,0.0016602552771514123,0.0016602552771514123,-0.0024661969656709637,1.1299572951479868,-0.11719336003429648,Daily
2006-03-30,1.2167967557907104,1.0088950064420381,100889.50064420381,0.011389291644203103,0.011389291644203103,0.008895006442038111,1.1299572951479868,-0.10713881774628797,Daily
2006-03-31,1.2115044593811035,1.004506951169164,100450.6951169164,-0.004349367619876476,-0.004349367619876476,0.004506951169163997,1.1299572951479868,-0.11102219926142698,Daily
2006-04-03,1.2139016389846802,1.0064945489500452,100649.45489500451,0.0019786799668910504,0.0019786799668910504,0.006494548950045198,1.1299572951479868,-0.10926319669609474,Daily
2006-04-04,1.2260010242462158,1.0165266346811166,101652.66346811166,0.009967352273826613,0.009967352273826613,0.016526634681116592,1.1299572951479868,-0.10038490919430243,Daily
2006-04-05,1.2288031578063965,1.018849996033615,101884.9996033615,0.002285588270126704,0.002285588270126704,0.018849996033615035,1.1299572951479868,-0.09832875949512798,Daily
2006-04-06,1.2214038372039795,1.0127149224715633,101271.49224715632,-0.006021567047097887,-0.006021567047097887,0.01271492247156325,1.1299572951479868,-0.10375823332426803,Daily
2006-04-07,1.2094969749450684,1.0028424652857266,100284.24652857266,-0.009748505691752452,-0.009748505691752452,0.0028424652857266253,1.1299572951479868,-0.11249525128789262,Daily
2006-04-10,1.2111963033676147,1.004251446655584,100425.14466555841,0.0014049877409767486,0.0014049877409767486,0.004251446655584079,1.1299572951479868,-0.1112483179958933,Daily
2006-04-11,1.2148010730743408,1.0072403058378443,100724.03058378444,0.002976206001209958,0.002976206001209958,0.007240305837844296,1.1299572951479868,-0.10860320990632721,Daily
2006-04-12,1.2114017009735107,1.0044217500509025,100442.17500509025,-0.0027982952733381916,-0.0027982952733381916,0.0044217500509025065,1.1299572951479868,-0.11109760133071522,Daily
2006-04-13,1.2116072177886963,1.0045921522874253,100459.21522874253,0.00016965207744079613,0.00016965207744079613,0.004592152287425266,1.1299572951479868,-0.11094679719213896,Daily
2006-04-14,1.2111963033676147,1.004251446655584,100425.14466555841,-0.0003391482116055222,-0.0003391482116055222,0.004251446655584079,1.1299572951479868,-0.1112483179958933,Daily
2006-04-17,1.2254000902175903,1.0160283761693345,101602.83761693345,0.01172707249063043,0.01172707249063043,0.0160283761693345,1.1299572951479868,-0.10082586259486148,Daily
2006-04-18,1.2367054224014282,1.0254020806373667,102540.20806373667,0.009225829403872732,0.009225829403872732,0.02540208063736671,1.1299572951479868,-0.09253023539878724,Daily
2006-04-19,1.2378076314926147,1.0263159664139856,102631.59664139856,0.0008912462670749299,0.0008912462670749299,0.026315966413985592,1.1299572951479868,-0.09172145635860307,Daily
2006-04-20,1.230905532836914,1.0205931595158184,102059.31595158184,-0.005576067298419862,-0.005576067298419862,0.020593159515818416,1.1299572951479868,-0.09678607864365829,Daily
2006-04-21,1.234095573425293,1.0232381501476937,102323.81501476937,0.002591620967879127,0.002591620967879127,0.023238150147693704,1.1299572951479868,-0.09444529050659078,Daily
2006-04-24,1.2388964891433716,1.0272187819757026,102721.87819757026,0.003890230077362,0.003890230077362,0.0272187819757026,1.1299572951479868,-0.09092247433902256,Daily
2006-04-25,1.2428998947143557,1.0305381661457431,103053.81661457432,0.003231428618990284,0.003231428618990284,0.030538166145743117,1.1299572951479868,-0.08798485520572097,Daily
2006-04-26,1.2448959350585938,1.0321931632735502,103219.31632735502,0.0016059542306878782,0.0016059542306878782,0.03219316327355015,1.1299572951479868,-0.08652020062548715,Daily
2006-04-27,1.2531956434249878,1.039074784453037,103907.4784453037,0.00666698969179591,0.00666698969179591,0.039074784453037026,1.1299572951479868,-0.0804300402193936,Daily
2006-04-28,1.263599514961243,1.0477010517327943,104770.10517327943,0.00830187336737076,0.00830187336737076,0.047701051732794264,1.1299572951479868,-0.0727958868608567,Daily
2006-05-01,1.258004069328308,1.0430616432769282,104306.16432769282,-0.00442817963024178,-0.00442817963024178,0.043061643276928185,1.1299572951479868,-0.07690171322773587,Daily
2006-05-02,1.261702299118042,1.0461279939635004,104612.79939635005,0.0029397597987965707,0.0029397597987965707,0.046127993963500424,1.1299572951479868,-0.0741880259939448,Daily
2006-05-03,1.2623074054718018,1.046629711917439,104662.9711917439,0.0004795951899132511,0.0004795951899132511,0.04662971191743903,1.1299572951479868,-0.07374401102444728,Daily
2006-05-04,1.270099401473999,1.0530903684070472,105309.03684070472,0.0061728196859347495,0.0061728196859347495,0.05309036840704717,1.1299572951479868,-0.06802639982148406,Daily
2006-05-05,1.272799015045166,1.0553287263236932,105532.87263236933,0.002125513615732544,0.002125513615732544,0.055328726323693234,1.1299572951479868,-0.06604547724480125,Daily
2006-05-08,1.27029287815094,1.0532507876819177,105325.07876819177,-0.0019689965694520417,-0.0019689965694520417,0.05325078768191771,1.1299572951479868,-0.06788443049613047,Daily
2006-05-09,1.2766989469528198,1.058562316328245,105856.23163282449,0.005042985686265045,0.005042985686265045,0.058562316328244934,1.1299572951479868,-0.06318378502117772,Daily
2006-05-10,1.2774492502212524,1.05918442286924,105918.442286924,0.0005876900503627436,0.0005876900503627436,0.05918442286923997,1.1299572951479868,-0.06263322745261624,Daily
2006-05-11,1.2851983308792114,1.0656094965252352,106560.94965252352,0.006066057541320502,0.006066057541320502,0.06560949652523518,1.1299572951479868,-0.05694710667302183,Daily
2006-05-12,1.2929919958114624,1.072071536791706,107207.1536791706,0.006064172933464285,0.006064172933464285,0.07207153679170597,1.1299572951479868,-0.05122827084248327,Daily
2006-05-15,1.2790013551712036,1.060471335351565,106047.13353515649,-0.01082036136772735,-0.01082036136772735,0.0604713353515649,1.1299572951479868,-0.06149432380745112,Daily
2006-05-16,1.285000205039978,1.06544522244339,106544.522244339,0.004690260760491061,0.004690260760491061,0.0654452224433899,1.1299572951479868,-0.057092487460907115,Daily
2006-05-17,1.2741937637329102,1.0564851684161052,105648.51684161052,-0.008409680609141601,-0.008409680609141601,0.05648516841610518,1.1299572951479868,-0.06502203848532107,Daily
2006-05-18,1.2850992679595947,1.0655273594843127,106552.73594843126,0.008558748706111619,0.008558748706111619,0.06552735948431265,1.1299572951479868,-0.05701979706696436,Daily
2006-05-19,1.2766989469528198,1.058562316328245,105856.23163282449,-0.006536709821734266,-0.006536709821734266,0.058562316328244934,1.1299572951479868,-0.06318378502117772,Daily
2006-05-22,1.2852975130081177,1.0656917324073623,106569.17324073623,0.006734998940682635,0.006734998940682635,0.06569173240736226,1.1299572951479868,-0.056874328805680996,Daily
2006-05-23,1.2782983779907229,1.0598884687687486,105988.84687687487,-0.005445536886641955,-0.005445536886641955,0.05988846876874865,1.1299572951479868,-0.062010154436908604,Daily
2006-05-24,1.277400255203247,1.0591437991341988,105914.37991341988,-0.0007025924486327995,-0.0007025924486327995,0.05914379913419876,1.1299572951479868,-0.06266917901929547,Daily
2006-05-25,1.2810001373291016,1.0621286058270754,106212.86058270754,0.0028181316789246402,0.0028181316789246402,0.062128605827075356,1.1299572951479868,-0.06002765733905735,Daily
2006-05-26,1.2739015817642212,1.0562429086239256,105624.29086239256,-0.005541416708729541,-0.005541416708729541,0.05624290862392556,1.1299572951479868,-0.0652364357844224,Daily
2006-05-29,1.2751035690307615,1.0572395244886938,105723.95244886939,0.0009435479818431514,0.0009435479818431514,0.05723952448869385,1.1299572951479868,-0.06435444150990621,Daily
2006-05-30,1.2865046262741089,1.0666925984439233,106669.25984439233,0.008941279375457745,0.008941279375457745,0.06669259844392328,1.1299572951479868,-0.055988573175040135,Daily
2006-05-31,1.2816076278686523,1.0626323006051037,106263.23006051037,-0.0038064366854543286,-0.0038064366854543286,0.06263230060510372,1.1299572951479868,-0.05958189290159477,Daily
2006-06-01,1.28109872341156,1.06221034750318,106221.03475031801,-0.00039708288716933104,-0.00039708288716933104,0.06221034750318011,1.1299572951479868,-0.059955316838707695,Daily
2006-06-02,1.2918059825897217,1.071088165648338,107108.8165648338,0.008357872022265678,0.008357872022265678,0.07108816564833798,1.1299572951479868,-0.05209854368163436,Daily
2006-06-05,1.290106177330017,1.0696787889136625,106967.87889136626,-0.0013158363427742126,-0.0013158363427742126,0.06967878891366253,1.1299572951479868,-0.053345826867226664,Daily
2006-06-06,1.282199144363403,1.0631227506617316,106312.27506617316,-0.006128978455849476,-0.006128978455849476,0.06312275066173156,1.1299572951479868,-0.059147849899497396,Daily
2006-06-07,1.2801966667175293,1.0614624161088824,106146.24161088823,-0.001561752442806541,-0.001561752442806541,0.06146241610888237,1.1299572951479868,-0.06061722804323666,Daily
2006-06-08,1.2648941278457642,1.048774467213443,104877.4467213443,-0.011953271922665931,-0.011953271922665931,0.04877446721344292,1.1299572951479868,-0.07184592575590354,Daily
2006-06-09,1.2640947103500366,1.0481116380962026,104811.16380962025,-0.0006320034840298083,-0.0006320034840298083,0.04811163809620256,1.1299572951479868,-0.07243252236454223,Daily
2006-06-12,1.258605718612671,1.043560494835937,104356.0494835937,-0.004342231394865892,-0.004342231394865892,0.043560494835936936,1.1299572951479868,-0.07646023498678756,Daily
2006-06-13,1.2545949220657349,1.0402349825112192,104023.49825112191,-0.003186698175308589,-0.003186698175308589,0.04023498251121915,1.1299572951479868,-0.07940327747078002,Daily
2006-06-14,1.2609069347381592,1.045468525447212,104546.8525447212,0.005031116068946906,0.005031116068946906,0.04546852544721203,1.1299572951479868,-0.07477164850704343,Daily
2006-06-15,1.2639987468719482,1.0480320709265964,104803.20709265965,0.002452054191002917,0.002452054191002917,0.04803207092659645,1.1299572951479868,-0.07250293845013045,Daily
2006-06-16,1.2644941806793213,1.0484428549724139,104844.28549724139,0.00039195751467246964,0.00039195751467246964,0.04844285497241385,1.1299572951479868,-0.07213939900701938,Daily
2006-06-19,1.258004069328308,1.0430616432769282,104306.16432769282,-0.005132575104083492,-0.005132575104083492,0.043061643276928185,1.1299572951479868,-0.07690171322773587,Daily
2006-06-20,1.2589067220687866,1.043810068877248,104381.0068877248,0.0007175276793502938,0.0007175276793502938,0.04381006887724803,1.1299572951479868,-0.07623936465621595,Daily
2006-06-21,1.2660951614379885,1.0497702923485757,104977.02923485756,0.0057100651249115675,0.0057100651249115675,0.04977029234857566,1.1299572951479868,-0.07096463126857311,Daily
2006-06-22,1.258494853973389,1.043468572515771,104346.85725157711,-0.006002951196786288,-0.006002951196786288,0.043468572515771076,1.1299572951479868,-0.07654158524715626,Daily
2006-06-23,1.2523951530456543,1.0384110657649561,103841.10657649561,-0.0048468223040215586,-0.0048468223040215586,0.03841106576495612,1.1299572951479868,-0.08101742408861667,Daily
2006-06-26,1.2589067220687866,1.043810068877248,104381.0068877248,0.005199292737038341,0.005199292737038341,0.04381006887724803,1.1299572951479868,-0.07623936465621595,Daily
2006-06-27,1.256897211074829,1.0421439026933346,104214.39026933345,-0.0015962350178376772,-0.0015962350178376772,0.04214390269333457,1.1299572951479868,-0.07771390373045173,Daily
2006-06-28,1.2545949220657349,1.0402349825112192,104023.49825112191,-0.0018317241766534487,-0.0018317241766534487,0.04023498251121915,1.1299572951479868,-0.07940327747078002,Daily
2006-06-29,1.26639986038208,1.0500229304672255,105002.29304672255,0.009409362423456802,0.009409362423456802,0.0500229304672255,1.1299572951479868,-0.07074104926265601,Daily
2006-06-30,1.2782983779907229,1.0598884687687486,105988.84687687487,0.009395545578355424,0.009395545578355424,0.05988846876874865,1.1299572951479868,-0.062010154436908604,Daily
2006-07-03,1.28009831905365,1.0613808721151867,106138.08721151868,0.0014080758404435567,0.0014080758404435567,0.061380872115186724,1.1299572951479868,-0.06068939359678971,Daily
2006-07-04,1.2790013551712036,1.060471335351565,106047.13353515649,-0.0008569372103053308,-0.0008569372103053308,0.0604713353515649,1.1299572951479868,-0.06149432380745112,Daily
2006-07-05,1.2733986377716064,1.055825897582226,105582.58975822259,-0.004380540628001972,-0.004380540628001972,0.05582589758222589,1.1299572951479868,-0.06560548605162297,Daily
2006-07-06,1.2775959968566897,1.0593060963919547,105930.60963919548,0.0032961862535274555,0.0032961862535274555,0.05930609639195472,1.1299572951479868,-0.0625255476993749,Daily
2006-07-07,1.2823965549468994,1.06328643169635,106328.64316963499,0.003757493058854644,0.003757493058854644,0.06328643169634995,1.1299572951479868,-0.0590029939520017,Daily
2006-07-10,1.2745022773742676,1.0567409694532985,105674.09694532986,-0.0061558786493766116,-0.0061558786493766116,0.05674096945329854,1.1299572951479868,-0.06479565733065984,Daily
2006-07-11,1.2767478227615356,1.0586028412220818,105860.28412220818,0.0017618998625050786,0.0017618998625050786,0.058602841222081814,1.1299572951479868,-0.06314792092789656,Daily
2006-07-12,1.2711971998214722,1.0540005970591002,105400.05970591003,-0.004347470065042214,-0.004347470065042214,0.05400059705910021,1.1299572951479868,-0.06722085729703509,Daily
2006-07-13,1.2696961164474487,1.0527559886122924,105275.59886122924,-0.0011808422597487933,-0.0011808422597487933,0.05275598861229236,1.1299572951479868,-0.06832232232775104,Daily
2006-07-14,1.2643983364105225,1.0483633866440123,104836.33866440124,-0.004172478728019624,-0.004172478728019624,0.048363386644012296,1.1299572951479868,-0.07220972761920919,Daily
2006-07-17,1.251799464225769,1.0379171562661713,103791.71562661714,-0.009964322019372585,-0.009964322019372585,0.037917156266171315,1.1299572951479868,-0.08145452865965286,Daily
2006-07-18,1.2502031326293943,1.036593573696984,103659.3573696984,-0.0012752294932176778,-0.0012752294932176778,0.036593573696984016,1.1299572951479868,-0.08262588493556766,Daily
2006-07-19,1.2599060535430908,1.0446386546944009,104463.86546944009,0.007761075508817106,0.007761075508817106,0.04463865469440087,1.1299572951479868,-0.07550607515871832,Daily
2006-07-20,1.263296127319336,1.0474495008673932,104744.95008673932,0.0026907353661105304,0.0026907353661105304,0.04744950086739319,1.1299572951479868,-0.07301850665939358,Daily
2006-07-21,1.270599603652954,1.0535051061010436,105350.51061010436,0.005781286094113103,0.005781286094113103,0.05350510610104364,1.1299572951479868,-0.06765936144244322,Daily
2006-07-24,1.262403130531311,1.0467090814046363,104670.90814046362,-0.006450870201815229,-0.006450870201815229,0.046709081404636255,1.1299572951479868,-0.07367376988565555,Daily
2006-07-25,1.2583998441696167,1.0433897960758005,104338.97960758006,-0.0031711632083877284,-0.0031711632083877284,0.04338979607580051,1.1299572951479868,-0.07661130154555873,Daily
2006-07-26,1.2712942361831665,1.0540810537995466,105408.10537995466,0.010246657350834854,0.010246657350834854,0.05408105379954664,1.1299572951479868,-0.0671496539508627,Daily
2006-07-27,1.269599437713623,1.0526758283954594,105267.58283954594,-0.0013331284145768896,-0.0013331284145768896,0.05267582839545937,1.1299572951479868,-0.06839326325372863,Daily
2006-07-28,1.2751035690307615,1.0572395244886938,105723.95244886939,0.004335329044451219,0.004335329044451219,0.05723952448869385,1.1299572951479868,-0.06435444150990621,Daily
2006-07-31,1.277400255203247,1.0591437991341988,105914.37991341988,0.0018011761775797996,0.0018011761775797996,0.05914379913419876,1.1299572951479868,-0.06266917901929547,Daily
2006-08-01,1.2820019721984863,1.0629592673095223,106295.92673095223,0.0036024080756951182,0.0036024080756951182,0.06295926730952228,1.1299572951479868,-0.059292530900196594,Daily
2006-08-02,1.2791976928710938,1.0606341268153432,106063.41268153432,-0.0021874220073025974,-0.0021874220073025974,0.06063412681534319,1.1299572951479868,-0.061350255120539376,Daily
2006-08-03,1.2799016237258911,1.0612177841277954,106121.77841277955,0.0005502909039940551,0.0005502909039940551,0.06121778412779544,1.1299572951479868,-0.06083372470389581,Daily
2006-08-04,1.2878963947296145,1.0678465695062234,106784.65695062233,0.0062463949224862425,0.0062463949224862425,0.06784656950622336,1.1299572951479868,-0.054967321250515955,Daily
2006-08-07,1.2819033861160278,1.0628775256334175,106287.75256334175,-0.004653331306859521,-0.004653331306859521,0.06287752563341753,1.1299572951479868,-0.05936487140054625,Daily
2006-08-08,1.2766989469528198,1.058562316328245,105856.23163282449,-0.004059930896178288,-0.004059930896178288,0.058562316328244934,1.1299572951479868,-0.06318378502117772,Daily
2006-08-09,1.2874983549118042,1.0675165387244656,106751.65387244656,0.008458852405855088,0.008458852405855088,0.06751653872446561,1.1299572951479868,-0.055259394927260064,Daily
2006-08-10,1.2792959213256836,1.0607155719678343,106071.55719678343,-0.006370830343066625,-0.006370830343066625,0.06071557196783428,1.1299572951479868,-0.06127817704038463,Daily
2006-08-11,1.2725075483322144,1.0550870595787405,105508.70595787404,-0.00530633521166457,-0.00530633521166457,0.055087059578740494,1.1299572951479868,-0.06625934970351322,Daily
2006-08-14,1.2722970247268677,1.0549125060116293,105491.25060116293,-0.00016543996585538512,-0.00016543996585538512,0.054912506011629336,1.1299572951479868,-0.06641382772481597,Daily
2006-08-15,1.2790995836257937,1.0605527805040564,106055.27805040564,0.005346675160532222,0.005346675160532222,0.060552780504056436,1.1299572951479868,-0.06142224572729604,Daily
2006-08-16,1.2843070030212402,1.064870460839341,106487.0460839341,0.00407116026156884,0.00407116026156884,0.0648704608393409,1.1299572951479868,-0.057601145271708454,Daily
2006-08-17,1.283202886581421,1.0639549936034502,106395.49936034503,-0.0008596982164094102,-0.0008596982164094102,0.06395499360345025,1.1299572951479868,-0.05841132388626458,Daily
2006-08-18,1.2828078269958496,1.0636274338518048,106362.74338518048,-0.0003078699321068523,-0.0003078699321068523,0.0636274338518048,1.1299572951479868,-0.058701210728052344,Daily
2006-08-21,1.2872995138168335,1.0673516715953935,106735.16715953934,0.003501449497312903,0.003501449497312903,0.06735167159539346,1.1299572951479868,-0.05540530055553483,Daily
2006-08-22,1.2811970710754397,1.062291891496876,106229.18914968759,-0.004740499530913267,-0.004740499530913267,0.06229189149687597,1.1299572951479868,-0.05988315128515442,Daily
2006-08-23,1.2781022787094116,1.0597258749873795,105972.58749873795,-0.002415547487499614,-0.002415547487499614,0.05972587498737947,1.1299572951479868,-0.062154048177023635,Daily
2006-08-24,1.2761938571929932,1.0581435261448648,105814.35261448649,-0.0014931680728598185,-0.0014931680728598185,0.05814352614486484,1.1299572951479868,-0.06355440980954663,Daily
2006-08-25,1.2757054567337036,1.0577385737301117,105773.85737301117,-0.00038270083854174963,-0.00038270083854174963,0.05773857373011171,1.1299572951479868,-0.06391278832216118,Daily
2006-08-28,1.2792466878890991,1.0606747505503842,106067.47505503842,0.002775900296344558,0.002775900296344558,0.06067475055038418,1.1299572951479868,-0.06131430355386036,Daily
2006-08-29,1.2829065322875977,1.0637092743691139,106370.92743691138,0.002860937169622435,0.002860937169622435,0.06370927436911389,1.1299572951479868,-0.05862878275430461,Daily
2006-08-30,1.284092664718628,1.0646927443536864,106469.27443536864,0.0009245665223289734,0.0009245665223289734,0.06469274435368644,1.1299572951479868,-0.05775842244175511,Daily
2006-08-31,1.2809016704559326,1.0620469629921752,106204.69629921751,-0.0024850186831294474,-0.0024850186831294474,0.06204696299217516,1.1299572951479868,-0.0600999103660087,Daily
2006-09-01,1.2835981845855713,1.0642827510375048,106428.27510375048,0.0021051687196869118,0.0021051687196869118,0.0642827510375048,1.1299572951479868,-0.058121262097680315,Daily
2006-09-04,1.2856941223144531,1.066020577094666,106602.05770946661,0.0016328612443141655,0.0016328612443141655,0.06602057709466602,1.1299572951479868,-0.05658330480971607,Daily
2006-09-05,1.2823965549468994,1.06328643169635,106328.64316963499,-0.002564814842287322,-0.002564814842287322,0.06328643169634995,1.1299572951479868,-0.0590029939520017,Daily
2006-09-06,1.2819033861160278,1.0628775256334175,106287.75256334175,-0.00038456811894049814,-0.00038456811894049814,0.06287752563341753,1.1299572951479868,-0.05936487140054625,Daily
2006-09-07,1.2732040882110596,1.055664588736515,105566.4588736515,-0.006786235218026682,-0.006786235218026682,0.05566458873651503,1.1299572951479868,-0.06574824263756085,Daily
2006-09-08,1.2672985792160034,1.0507680943077977,105076.80943077977,-0.004638305083793481,-0.004638305083793481,0.05076809430779772,1.1299572951479868,-0.07008158731327807,Daily
2006-09-11,1.2710033655166626,1.0538398812606162,105383.98812606162,0.0029233728826170147,0.0029233728826170147,0.05383988126061623,1.1299572951479868,-0.06736308904258348,Daily
2006-09-12,1.2695027589797974,1.0525956681786264,105259.56681786264,-0.0011806471781097283,-0.0011806471781097283,0.052595668178626376,1.1299572951479868,-0.06846420417970633,Daily
2006-09-13,1.2696961164474487,1.0527559886122924,105275.59886122924,0.00015230960806000837,0.00015230960806000837,0.05275598861229236,1.1299572951479868,-0.06832232232775104,Daily
2006-09-14,1.2722970247268677,1.0549125060116293,105491.25060116293,0.0020484494248089735,0.0020484494248089735,0.054912506011629336,1.1299572951479868,-0.06641382772481597,Daily
2006-09-15,1.2651021480560305,1.0489469451152602,104894.69451152602,-0.005655029078120877,-0.005655029078120877,0.04894694511526021,1.1299572951479868,-0.0716932846759637,Daily
2006-09-18,1.2706964015960691,1.053585365159081,105358.5365159081,0.004421977741982941,0.004421977741982941,0.05358536515908097,1.1299572951479868,-0.06758833304306755,Daily
2006-09-19,1.2677003145217896,1.051101189166894,105110.1189166894,-0.002357830769424085,-0.002357830769424085,0.05110118916689399,1.1299572951479868,-0.06978680196118858,Daily
2006-09-20,1.2687939405441284,1.0520079583767903,105200.79583767903,0.0008626849814670212,0.0008626849814670212,0.052007958376790286,1.1299572951479868,-0.0689843210056782,Daily
2006-09-21,1.2781022787094116,1.0597258749873795,105972.58749873795,0.007336367134044952,0.007336367134044952,0.05972587498737947,1.1299572951479868,-0.062154048177023635,Daily
2006-09-22,1.2799999713897705,1.061299328121491,106129.93281214911,0.0014847737242711379,0.0014847737242711379,0.06129932812149108,1.1299572951479868,-0.06076155915034276,Daily
2006-09-25,1.2745022773742676,1.0567409694532985,105674.09694532986,-0.004295073545613981,-0.004295073545613981,0.05674096945329854,1.1299572951479868,-0.06479565733065984,Daily
2006-09-26,1.2686975002288818,1.0519279958423664,105192.79958423664,-0.004554544349143708,-0.004554544349143708,0.0519279958423664,1.1299572951479868,-0.06905508698485918,Daily
2006-09-27,1.270599603652954,1.0535051061010436,105350.51061010436,0.0014992568549470064,0.0014992568549470064,0.05350510610104364,1.1299572951479868,-0.06765936144244322,Daily
2006-09-28,1.2703574895858765,1.0533043596147453,105330.43596147453,-0.00019055103305698484,-0.00019055103305698484,0.053304359614745334,1.1299572951479868,-0.06783701991428137,Daily
2006-09-29,1.2662074565887451,1.0498634007631953,104986.34007631952,-0.003266822946416559,-0.003266822946416559,0.04986340076319529,1.1299572951479868,-0.07088223132742544,Daily
2006-10-02,1.2741937637329102,1.0564851684161052,105648.51684161052,0.006307265924401451,0.006307265924401451,0.05648516841610518,1.1299572951479868,-0.06502203848532107,Daily
2006-10-03,1.2734960317611694,1.0559066508462858,105590.66508462858,-0.0005475870245170711,-0.0005475870245170711,0.055906650846285766,1.1299572951479868,-0.0655340202852559,Daily
2006-10-04,1.2712942361831665,1.0540810537995466,105408.10537995466,-0.0017289379182108267,-0.0017289379182108267,0.05408105379954664,1.1299572951479868,-0.0671496539508627,Daily
2006-10-05,1.269551157951355,1.052635797707645,105263.57977076451,-0.0013711052738231144,-0.0013711052738231144,0.05263579770764504,1.1299572951479868,-0.06842868998001839,Daily
2006-10-06,1.260398268699646,1.0450467700276975,104504.67700276975,-0.00720954740136559,-0.00720954740136559,0.045046770027697525,1.1299572951479868,-0.07514489749735975,Daily
2006-10-09,1.260096549987793,1.0447966029391595,104479.66029391595,-0.00023938362924302847,-0.00023938362924302847,0.04479660293915955,1.1299572951479868,-0.07536629266832073,Daily
2006-10-10,1.2531956434249878,1.039074784453037,103907.4784453037,-0.005476490323596206,-0.005476490323596206,0.039074784453037026,1.1299572951479868,-0.0804300402193936,Daily
2006-10-11,1.2523951530456543,1.0384110657649561,103841.10657649561,-0.000638759305886083,-0.000638759305886083,0.03841106576495612,1.1299572951479868,-0.08101742408861667,Daily
2006-10-12,1.2559974193572998,1.0413978492819222,104139.78492819222,0.002876301703088835,0.002876301703088835,0.04139784928192225,1.1299572951479868,-0.07837415294041372,Daily
2006-10-13,1.250500202178955,1.0368398859785475,103683.98859785475,-0.004376774262130123,-0.004376774262130123,0.03683988597854748,1.1299572951479868,-0.08240790122713804,Daily
2006-10-16,1.2541072368621826,1.039830623143693,103983.0623143693,0.0028844734906419145,0.0028844734906419145,0.0398306231436929,1.1299572951479868,-0.07976113114300509,Daily
2006-10-17,1.2545005083084106,1.0401567002772711,104015.67002772712,0.00031358677684689695,0.00031358677684689695,0.04015670027727114,1.1299572951479868,-0.07947255640219109,Daily
2006-10-18,1.2539026737213137,1.039661011636806,103966.10116368059,-0.00047655188908857227,-0.00047655188908857227,0.03966101163680591,1.1299572951479868,-0.0799112354943955,Daily
2006-10-19,1.2627060413360596,1.046960236905219,104696.0236905219,0.007020774258834184,0.007020774258834184,0.04696023690521911,1.1299572951479868,-0.07345149998071199,Daily
2006-10-20,1.2616068124771118,1.046048822158712,104604.88221587121,-0.0008705342518080528,-0.0008705342518080528,0.04604882215871209,1.1299572951479868,-0.07425809218594015,Daily
2006-10-23,1.255098819732666,1.0406527842825546,104065.27842825546,-0.005158495245969341,-0.005158495245969341,0.04065278428255459,1.1299572951479868,-0.07903352741639347,Daily
2006-10-24,1.2559027671813965,1.0413193693655654,104131.93693655654,0.0006405451396263029,0.0006405451396263029,0.04131936936556535,1.1299572951479868,-0.07844360681862128,Daily
2006-10-25,1.2616068124771118,1.046048822158712,104604.88221587121,0.004541788938419833,0.004541788938419833,0.04604882215871209,1.1299572951479868,-0.07425809218594015,Daily
2006-10-26,1.2694060802459717,1.0525155079617936,105251.55079617936,0.006182011456918657,0.006182011456918657,0.052515507961793606,1.1299572951479868,-0.06853514510568381,Daily
2006-10-27,1.2743074893951416,1.0565794629251788,105657.94629251788,0.003861182977964006,0.003861182977964006,0.05657946292517879,1.1299572951479868,-0.0649385888633941,Daily
2006-10-30,1.271795392036438,1.054496582223179,105449.65822231791,-0.0019713431645104196,-0.0019713431645104196,0.0544965822231791,1.1299572951479868,-0.06678191578463577,Daily
2006-10-31,1.2766989469528198,1.058562316328245,105856.23163282449,0.0038556161998117844,0.0038556161998117844,0.058562316328244934,1.1299572951479868,-0.06318378502117772,Daily
2006-11-01,1.2754452228546145,1.057522803380733,105752.2803380733,-0.000982004489936572,-0.000982004489936572,0.0575228033807329,1.1299572951479868,-0.06410374275053232,Daily
2006-11-02,1.2780042886734009,1.0596446275172973,105964.46275172972,0.0020064098190424318,0.0020064098190424318,0.059644627517297266,1.1299572951479868,-0.062225951310382,Daily
2006-11-03,1.2706964015960691,1.053585365159081,105358.5365159081,-0.005718202311290832,-0.005718202311290832,0.05358536515908097,1.1299572951479868,-0.06758833304306755,Daily
2006-11-06,1.2725560665130615,1.0551272879489637,105512.72879489636,0.0014635005770509135,0.0014635005770509135,0.05512728794896371,1.1299572951479868,-0.06622374803042697,Daily
2006-11-07,1.27790629863739,1.0595633800472146,105956.33800472146,0.004204319373517507,0.004204319373517507,0.05956338004721462,1.1299572951479868,-0.0622978544437407,Daily
2006-11-08,1.2759984731674194,1.0579815254107225,105798.15254107225,-0.0014929306413190568,-0.0014929306413190568,0.057981525410722545,1.1299572951479868,-0.06369777870927218,Daily
2006-11-09,1.283252239227295,1.063995913862105,106399.5913862105,0.005684776441675199,0.005684776441675199,0.0639959138621049,1.1299572951479868,-0.058375109899390654,Daily
2006-11-10,1.2853965759277344,1.0657738694482848,106577.38694482848,0.0016710173065668243,0.0016710173065668243,0.06577386944828478,1.1299572951479868,-0.056801638411738464,Daily
2006-11-13,1.2825939655303955,1.0634501127309683,106345.01127309684,-0.002180346867126093,-0.002180346867126093,0.06345011273096834,1.1299572951479868,-0.0588581380045059,Daily
2006-11-14,1.2813942432403564,1.062455374849085,106245.5374849085,-0.0009353874431672349,-0.0009353874431672349,0.06245537484908503,1.1299572951479868,-0.05973847028445556,Daily
2006-11-15,1.282495141029358,1.0633681733724545,106336.81733724545,0.0008591405766091853,0.0008591405766091853,0.06336817337245448,1.1299572951479868,-0.05893065345165227,Daily
2006-11-16,1.279394030570984,1.0607969182791213,106079.69182791213,-0.0024180290117001846,-0.0024180290117001846,0.06079691827912126,1.1299572951479868,-0.06120618643362785,Daily
2006-11-17,1.285000205039978,1.06544522244339,106544.522244339,0.004381898254200545,0.004381898254200545,0.0654452224433899,1.1299572951479868,-0.057092487460907115,Daily
2006-11-20,1.2818048000335691,1.062795783957313,106279.5783957313,-0.0024866961062539605,-0.0024866961062539605,0.062795783957313,1.1299572951479868,-0.05943721190089568,Daily
2006-11-21,1.2846039533615112,1.0651166742796998,106511.66742796998,0.002183759436591881,0.002183759436591881,0.0651166742796998,1.1299572951479868,-0.05738324903667713,Daily
2006-11-22,1.2938953638076782,1.0728205554392527,107282.05554392526,0.0072328988415872875,0.0072328988415872875,0.0728205554392527,1.1299572951479868,-0.050565397430573755,Daily
2006-11-23,1.295202612876892,1.0739044480875766,107390.44480875766,0.0010103205450608943,0.0010103205450608943,0.07390444808757657,1.1299572951479868,-0.049606164145406195,Daily
2006-11-24,1.3085066080093384,1.0849353241899147,108493.53241899147,0.01027174821929644,0.01027174821929644,0.08493532418991467,1.1299572951479868,-0.039843957954336484,Daily
2006-11-27,1.3133012056350708,1.0889107174340862,108891.07174340863,0.003664175325049701,0.003664175325049701,0.08891071743408618,1.1299572951479868,-0.0363257778768753,Daily
2006-11-28,1.320393443107605,1.0947911760533986,109479.11760533987,0.0054003129229631686,0.0054003129229631686,0.0947911760533986,1.1299572951479868,-0.031121635521617286,Daily
2006-11-29,1.3148033618927002,1.0901562154517344,109015.62154517343,-0.00423364811760063,-0.00423364811760063,0.09015621545173436,1.1299572951479868,-0.03522352558557518,Daily
2006-11-30,1.325100064277649,1.0986936244886643,109869.36244886642,0.007831362988094615,0.007831362988094615,0.09869362448866426,1.1299572951479868,-0.027668010812061716,Daily
2006-12-01,1.334098219871521,1.1061543562851974,110615.43562851974,0.006790548001955887,0.006790548001955887,0.10615435628519743,1.1299572951479868,-0.02106534376564384,Daily
2006-12-04,1.3336000442504885,1.105741298891677,110574.1298891677,-0.00037341749926067536,-0.00037341749926067536,0.10574129889167705,1.1299572951479868,-0.021430895096914537,Daily
2006-12-05,1.331894874572754,1.1043274743027998,110432.74743027998,-0.0012786214915680993,-0.0012786214915680993,0.10432747430279976,1.1299572951479868,-0.022682114585428126,Daily
2006-12-06,1.3286564350128174,1.1016423541419056,110164.23541419055,-0.002431452828418834,-0.002431452828418834,0.10164235414190559,1.1299572951479868,-0.02505841692218369,Daily
2006-12-07,1.3286035060882568,1.1015984686471167,110159.84686471167,-3.983642660787545e-05,-3.983642660787545e-05,0.10159846864711675,1.1299572951479868,-0.025097255111004912,Daily
2006-12-08,1.3394052982330322,1.110554667867427,111055.46678674269,0.00813018488606776,0.00813018488606776,0.11055466786742696,1.1299572951479868,-0.01717111554912243,Daily
2006-12-11,1.325100064277649,1.0986936244886643,109869.36244886642,-0.010680287717433345,-0.010680287717433345,0.09869362448866426,1.1299572951479868,-0.027668010812061716,Daily
2006-12-12,1.3284975290298462,1.1015105988163343,110151.05988163342,0.0025639307126963384,0.0025639307126963384,0.10151059881633429,1.1299572951479868,-0.02517501896204577,Daily
2006-12-13,1.3218071460723877,1.095963333897323,109596.33338973229,-0.0050360522404163666,-0.0050360522404163666,0.09596333389732292,1.1299572951479868,-0.03008428849181577,Daily
2006-12-14,1.3156510591506958,1.090859075256789,109085.90752567891,-0.004657326100849346,-0.004657326100849346,0.09085907525678905,1.1299572951479868,-0.03460150225064673,Daily
2006-12-15,1.3098949193954468,1.0860864288572845,108608.64288572845,-0.004375126455615774,-0.004375126455615774,0.08608642885728446,1.1299572951479868,-0.038825242758361744,Daily
2006-12-18,1.3105987310409546,1.0866699873285326,108666.99873285326,0.0005373038975011735,0.0005373038975011735,0.0866699873285326,1.1299572951479868,-0.038308799815116035,Daily
2006-12-19,1.3207073211669922,1.0950514249447934,109505.14249447934,0.007712955832033019,0.007712955832033019,0.09505142494479335,1.1299572951479868,-0.030891318064035334,Daily
2006-12-20,1.318704605102539,1.0933908927095355,109339.08927095355,-0.0015163965795866874,-0.0015163965795866874,0.09339089270953549,1.1299572951479868,-0.03236087115457076,Daily
2006-12-21,1.3183915615081787,1.093131335706572,109313.1335706572,-0.00023738720040034078,-0.00023738720040034078,0.09313133570657195,1.1299572951479868,-0.03259057629836526,Daily
2006-12-22,1.3136979341506958,1.0892396609625943,108923.96609625944,-0.0035601163527730906,-0.0035601163527730906,0.08923966096259428,1.1299572951479868,-0.036034666407512184,Daily
2006-12-25,1.3135944604873655,1.089153866797106,108915.38667971059,-7.876518691263268e-05,-7.876518691263268e-05,0.08915386679710591,1.1299572951479868,-0.03611059331718991,Daily
2006-12-26,1.310994029045105,1.086997744762587,108699.7744762587,-0.0019796303352982436,-0.0019796303352982436,0.08699774476258693,1.1299572951479868,-0.038018738026531884,Daily
2006-12-27,1.312508225440979,1.0882532257418875,108825.32257418876,0.0011549986974213056,0.0011549986974213056,0.08825322574188754,1.1299572951479868,-0.03690765092200887,Daily
2006-12-28,1.3148033618927002,1.0901562154517344,109015.62154517343,0.001748664432903002,0.001748664432903002,0.09015621545173436,1.1299572951479868,-0.03522352558557518,Daily
2006-12-29,1.3198009729385376,1.0942999352671348,109429.99352671347,0.0038010330599118625,0.0038010330599118625,0.09429993526713476,1.1299572951479868,-0.031556378310900746,Daily
2007-01-01,1.3218945264816284,1.0960357845002064,109603.57845002065,0.0015862645853561563,0.0015862645853561563,0.09603578450020644,1.1299572951479868,-0.030020170490901443,Daily
2007-01-02,1.3275980949401855,1.1007648419285354,110076.48419285355,0.004314692544902021,0.004314692544902021,0.10076484192853541,1.1299572951479868,-0.025835005751813078,Daily
2007-01-03,1.3171066045761108,1.0920659263634858,109206.59263634858,-0.007902610288505585,-0.007902610288505585,0.09206592636348576,1.1299572951479868,-0.0335334520580608,Daily
2007-01-04,1.3092947006225586,1.0855887633927297,108558.87633927297,-0.0059311098482164315,-0.0059311098482164315,0.0855887633927297,1.1299572951479868,-0.03926567131853098,Daily
2007-01-05,1.2984988689422607,1.0766375062326434,107663.75062326434,-0.008245532251191845,-0.008245532251191845,0.07663750623264343,1.1299572951479868,-0.047187437210501226,Daily
2007-01-08,1.3040019273757937,1.0812003127550378,108120.03127550377,0.004238015577183951,0.004238015577183951,0.0812003127550378,1.1299572951479868,-0.04314940272726275,Daily
2007-01-09,1.2996971607208252,1.077631058020073,107763.1058020073,-0.003301196543191831,-0.003301196543191831,0.07763105802007297,1.1299572951479868,-0.04630815461133053,Daily
2007-01-10,1.2939958572387695,1.0729038785746292,107290.38785746292,-0.004386639945334392,-0.004386639945334392,0.07290387857462921,1.1299572951479868,-0.05049165735585215,Daily
2007-01-11,1.289507269859314,1.0691822107023568,106918.22107023567,-0.0034687803321363786,-0.0034687803321363786,0.06918221070235675,1.1299572951479868,-0.05378529322001546,Daily
2007-01-12,1.292808175086975,1.0719191236543983,107191.91236543983,0.0025598190136775223,0.0025598190136775223,0.07191912365439834,1.1299572951479868,-0.051363154822578805,Daily
2007-01-15,1.2935941219329834,1.0725707837155325,107257.07837155325,0.0006079377135399522,0.0006079377135399522,0.0725707837155325,1.1299572951479868,-0.05078644270794197,Daily
2007-01-16,1.2920063734054563,1.071254317713068,107125.4317713068,-0.0012273931216959522,-0.0012273931216959522,0.071254317713068,1.1299572951479868,-0.05195150089918277,Daily
2007-01-17,1.2939958572387695,1.0729038785746292,107290.38785746292,0.0015398405722020225,0.0015398405722020225,0.07290387857462921,1.1299572951479868,-0.05049165735585215,Daily
2007-01-18,1.2960922718048096,1.0746420999966082,107464.20999966082,0.0016201091791077094,0.0016201091791077094,0.0746420999966082,1.1299572951479868,-0.04895335017429503,Daily
2007-01-19,1.2968990802764893,1.0753110572685265,107531.10572685265,0.000622493081110731,0.000622493081110731,0.0753110572685265,1.1299572951479868,-0.048361330214964915,Daily
2007-01-22,1.2950012683868408,1.0737375052932103,107373.75052932103,-0.0014633458520488807,-0.0014633458520488807,0.07373750529321033,1.1299572951479868,-0.049753906715044094,Daily
2007-01-23,1.3023037910461426,1.079792319797225,107979.2319797225,0.00563900811340412,0.00563900811340412,0.07979231979722501,1.1299572951479868,-0.044395461285279714,Daily
2007-01-24,1.29629385471344,1.0748092404733833,107480.92404733834,-0.004614849756273021,-0.004614849756273021,0.07480924047338333,1.1299572951479868,-0.04880543265786064,Daily
2007-01-25,1.2939958572387695,1.0729038785746292,107290.38785746292,-0.0017727442480071076,-0.0017727442480071076,0.07290387857462921,1.1299572951479868,-0.05049165735585215,Daily
2007-01-26,1.2928917407989502,1.0719884113387386,107198.84113387385,-0.0008532611859944916,-0.0008532611859944916,0.07198841133873857,1.1299572951479868,-0.05130183597040827,Daily
2007-01-29,1.29629385471344,1.0748092404733833,107480.92404733834,0.0026313989076822697,0.0026313989076822697,0.07480924047338333,1.1299572951479868,-0.04880543265786064,Daily
2007-01-30,1.2965964078903198,1.0750600994503527,107506.00994503527,0.0002333986046294534,0.0002333986046294534,0.07506009945035275,1.1299572951479868,-0.04858342517311187,Daily
2007-01-31,1.3023037910461426,1.079792319797225,107979.2319797225,0.004401819348789582,0.004401819348789582,0.07979231979722501,1.1299572951479868,-0.044395461285279714,Daily
2007-02-01,1.3018969297409058,1.0794549747663358,107945.49747663358,-0.0003124165866937867,-0.0003124165866937867,0.07945497476633578,1.1299572951479868,-0.0446940079934941,Daily
2007-02-02,1.2963947057724,1.074892860132373,107489.2860132373,-0.0042263130381610114,-0.0042263130381610114,0.07489286013237306,1.1299572951479868,-0.048731430162944456,Daily
2007-02-05,1.2931926250457764,1.072237886538845,107223.7886538845,-0.002469989049142085,-0.002469989049142085,0.07223788653884511,1.1299572951479868,-0.051081053113235075,Daily
2007-02-06,1.2983977794647217,1.0765536888912448,107655.36888912448,0.004025041836873466,0.004025041836873466,0.07655368889124481,1.1299572951479868,-0.04726161465221379,Daily
2007-02-07,1.3023037910461426,1.079792319797225,107979.2319797225,0.003008331994399427,0.003008331994399427,0.07979231979722501,1.1299572951479868,-0.044395461285279714,Daily
2007-02-08,1.3040019273757937,1.0812003127550378,108120.03127550377,0.0013039479277618948,0.0013039479277618948,0.0812003127550378,1.1299572951479868,-0.04314940272726275,Daily
2007-02-09,1.3006945848464966,1.078458062377954,107845.8062377954,-0.002536301871848501,-0.002536301871848501,0.07845806237795405,1.1299572951479868,-0.04557626468820497,Daily
2007-02-12,1.29629385471344,1.0748092404733833,107480.92404733834,-0.003383369304621131,-0.003383369304621131,0.07480924047338333,1.1299572951479868,-0.04880543265786064,Daily
2007-02-13,1.3032032251358032,1.0805380766850239,108053.80766850238,0.0053300957936659454,0.0053300957936659454,0.08053807668502388,1.1299572951479868,-0.043735474495512405,Daily
2007-02-14,1.3139914274215698,1.0894830080080233,108948.30080080233,0.00827821945011098,0.00827821945011098,0.08948300800802333,1.1299572951479868,-0.03581930690102997,Daily
2007-02-15,1.313508152961731,1.0890823057650627,108908.23057650628,-0.0003677911817030477,-0.0003677911817030477,0.08908230576506271,1.1299572951479868,-0.03617392405752007,Daily
2007-02-16,1.3138015270233154,1.0893255539692872,108932.55539692871,0.00022335153453223455,0.00022335153453223455,0.08932555396928721,1.1299572951479868,-0.035958652024436155,Daily
2007-02-19,1.3152011632919312,1.090486048551083,109048.6048551083,0.0010653331114534037,0.0010653331114534037,0.090486048551083,1.1299572951479868,-0.03493162685562767,Daily
2007-02-20,1.3148033618927002,1.0901562154517344,109015.62154517343,-0.00030246430001268365,-0.00030246430001268365,0.09015621545173436,1.1299572951479868,-0.03522352558557518,Daily
2007-02-21,1.313905119895935,1.08941144697598,108941.14469759799,-0.0006831759202930998,-0.0006831759202930998,0.08941144697597991,1.1299572951479868,-0.03588263764136035,Daily
2007-02-22,1.312508225440979,1.0882532257418875,108825.32257418876,-0.001063162350007807,-0.001063162350007807,0.08825322574188754,1.1299572951479868,-0.03690765092200887,Daily
2007-02-23,1.3168984651565552,1.0918933496204641,109189.33496204641,0.003344923582556003,0.003344923582556003,0.09189334962046414,1.1299572951479868,-0.03368618061139872,Daily
2007-02-26,1.319400429725647,1.0939678288200831,109396.78288200831,0.0018998917800352455,0.0018998917800352455,0.09396782882008314,1.1299572951479868,-0.031850288929007986,Daily
2007-02-27,1.3232064247131348,1.097123531955505,109712.3531955505,0.0028846397967896564,0.0028846397967896564,0.09712353195550505,1.1299572951479868,-0.029057525743202195,Daily
2007-02-28,1.322891354560852,1.0968622946520652,109686.22946520652,-0.00023811111131144536,-0.00023811111131144536,0.0968622946520652,1.1299572951479868,-0.02928871793476695,Daily
2007-03-01,1.317002534866333,1.0919796379919748,109197.96379919749,-0.004451476437741131,-0.004451476437741131,0.09197963799197484,1.1299572951479868,-0.033609816334729814,Daily
2007-03-02,1.3164995908737185,1.0915626269502754,109156.26269502754,-0.00038188536415040275,-0.00038188536415040275,0.0915626269502754,1.1299572951479868,-0.03397886660193028,Daily
2007-03-05,1.3086949586868286,1.0850914932929925,108509.14932929925,-0.005928321012018012,-0.005928321012018012,0.08509149329299248,1.1299572951479868,-0.039705749985107563,Daily
2007-03-06,1.3138015270233154,1.0893255539692872,108932.55539692871,0.003902031029148878,0.003902031029148878,0.08932555396928721,1.1299572951479868,-0.035958652024436155,Daily
2007-03-07,1.3178529739379885,1.092684771144733,109268.4771144733,0.00308375871951716,0.00308375871951716,0.09268477114473295,1.1299572951479868,-0.03298578111164141,Daily
2007-03-08,1.314198613166809,1.089654794021409,108965.4794021409,-0.002772965454757581,-0.002772965454757581,0.08965479402140897,1.1299572951479868,-0.03566727813487813,Daily
2007-03-09,1.311595797538757,1.0874966951628,108749.66951628,-0.00198053445040558,-0.00198053445040558,0.08749669516280001,1.1299572951479868,-0.03757717231218538,Daily
2007-03-12,1.318791389465332,1.0934628491063967,109346.28491063968,0.005486135240809764,0.005486135240809764,0.09346284910639668,1.1299572951479868,-0.03229719052064761,Daily
2007-03-13,1.319000244140625,1.0936360188966447,109363.60188966448,0.00015836824304504837,0.00015836824304504837,0.09363601889664475,1.1299572951479868,-0.03214393712692054,Daily
2007-03-14,1.323504090309143,1.0973703384430906,109737.03384430906,0.003414590852826249,0.003414590852826249,0.09737033844309062,1.1299572951479868,-0.028839104667781612,Daily
2007-03-15,1.328303575515747,1.101349784176646,110134.97841766459,0.003626347090081916,0.003626347090081916,0.10134978417664597,1.1299572951479868,-0.025317338180992244,Daily
2007-03-16,1.331806182861328,1.1042539364466668,110425.39364466668,0.002636902745835501,0.002636902745835501,0.1042539364466668,1.1299572951479868,-0.022747194793723335,Daily
2007-03-19,1.3312920331954956,1.1038276343317464,110382.76343317464,-0.00038605442176842253,-0.00038605442176842253,0.10382763433174635,1.1299572951479868,-0.023124467560358908,Daily
2007-03-20,1.33159339427948,1.1040775048966707,110407.75048966707,0.00022636737580472577,0.00022636737580472577,0.10407750489667067,1.1299572951479868,-0.022903334809592724,Daily
2007-03-21,1.3399077653884888,1.1109712835443086,111097.12835443087,0.006243926370262498,0.006243926370262498,0.11097128354430863,1.1299572951479868,-0.01680241517551484,Daily
2007-03-22,1.3334044218063354,1.1055791004751259,110557.91004751259,-0.004853575559559231,-0.004853575559559231,0.10557910047512586,1.1299572951479868,-0.02157443894343658,Daily
2007-03-23,1.3296988010406494,1.1025066216338757,110250.66216338758,-0.0027790674045210517,-0.0027790674045210517,0.1025066216338757,1.1299572951479868,-0.024293549527919067,Daily
2007-03-26,1.333191156387329,1.1054022735603117,110540.22735603117,0.002626425882272576,0.002626425882272576,0.10540227356031173,1.1299572951479868,-0.021730928852898956,Daily
2007-03-27,1.3365052938461304,1.1081501578860504,110815.01578860504,0.0024858681689592377,0.0024858681689592377,0.10815015788605042,1.1299572951479868,-0.01929908090825716,Daily
2007-03-28,1.3315047025680542,1.104003967040538,110400.3967040538,-0.003741542439899992,-0.003741542439899992,0.10400396704053794,1.1299572951479868,-0.022968415017887822,Daily
2007-03-29,1.3334933519363403,1.1056528360136675,110565.28360136675,0.001493535369759158,0.001493535369759158,0.10565283601366748,1.1299572951479868,-0.0215091837883451,Daily
2007-03-30,1.3358982801437378,1.10764685847284,110764.68584728401,0.001803479712820133,0.001803479712820133,0.10764685847284006,1.1299572951479868,-0.019744495452126642,Daily
2007-04-02,1.337005615234375,1.1085649944212514,110856.49944212515,0.0008289067417004414,0.0008289067417004414,0.10856499442125145,1.1299572951479868,-0.018931955055818017,Daily
2007-04-03,1.33249831199646,1.104827808479876,110482.7808479876,-0.003371192451667282,-0.003371192451667282,0.10482780847987594,1.1299572951479868,-0.02223932424350583,Daily
2007-04-04,1.3373990058898926,1.1088911703960345,110889.11703960344,0.0036778237160315363,0.0036778237160315363,0.10889117039603446,1.1299572951479868,-0.018643292841605485,Daily
2007-04-05,1.3432012796401978,1.1137020683416725,111370.20683416726,0.004338476195026253,0.004338476195026253,0.11370206834167251,1.1299572951479868,-0.014385700128769385,Daily
2007-04-06,1.3401951789855957,1.111209589688309,111120.95896883089,-0.0022380120538654236,-0.0022380120538654236,0.11120958968830896,1.1299572951479868,-0.016591516812343388,Daily
2007-04-09,1.335505723953247,1.1073213743864885,110732.13743864885,-0.003499083645337464,-0.003499083645337464,0.10732137438648848,1.1299572951479868,-0.02003254535255139,Daily
2007-04-10,1.3432012796401978,1.1137020683416725,111370.20683416726,0.005762278325675219,0.005762278325675219,0.11370206834167251,1.1299572951479868,-0.014385700128769385,Daily
2007-04-11,1.3439956903457642,1.114360746128325,111436.0746128325,0.0005914308730998741,0.0005914308730998741,0.11436074612832492,1.1299572951479868,-0.013802777402856847,Daily
2007-04-12,1.3491089344024658,1.1186003419120705,111860.03419120704,0.0038045092654916957,0.0038045092654916957,0.11860034191207047,1.1299572951479868,-0.010050780931883718,Daily
2007-04-13,1.352100491523743,1.1210807619384875,112108.07619384876,0.0022174318507512947,0.0022174318507512947,0.12108076193848749,1.1299572951479868,-0.00785563600289585,Daily
2007-04-16,1.3529053926467896,1.1217481377511338,112174.81377511338,0.0005952968200901854,0.0005952968200901854,0.1217481377511338,1.1299572951479868,-0.007265015617937909,Daily
2007-04-17,1.3572019338607788,1.1253105724429895,112531.05724429895,0.00317578837170851,0.00317578837170851,0.1253105724429895,1.1299572951479868,-0.004112299398349228,Daily
2007-04-18,1.361396312713623,1.128788300222606,112878.8300222606,0.003090460415800189,0.003090460415800189,0.128788300222606,1.1299572951479868,-0.0010345478810575015,Daily
2007-04-19,1.362434983253479,1.1296495036372374,112964.95036372374,0.0007629450220749678,0.0007629450220749678,0.12964950363723737,1.1299572951479868,-0.0002723921621383685,Daily
2007-04-20,1.3588987588882446,1.1267174781475529,112671.74781475529,-0.0025955178843030113,-0.0025955178843030113,0.12671747814755285,1.1299572951479868,-0.0028672030477131516,Daily
2007-04-23,1.3584003448486328,1.1263042230716234,112630.42230716234,-0.00036677790479378025,-0.00036677790479378025,0.12630422307162337,1.1299572951479868,-0.0032329293257804537,Daily
2007-04-24,1.3636053800582886,1.1306199265828185,113061.99265828184,0.0038317387281257,0.0038317387281257,0.1306199265828185,1.1306199265828185,0.0,Daily
2007-04-25,1.363902926445007,1.1308666342291995,113086.66342291996,0.0002182056415074296,0.0002182056415074296,0.13086663422919953,1.1308666342291995,0.0,Daily
2007-04-26,1.3588987588882446,1.1267174781475529,112671.74781475529,-0.0036690056599598675,-0.0036690056599598675,0.12671747814755285,1.1308666342291995,-0.0036690056599598675,Daily
2007-04-27,1.3655046224594116,1.1321946646525882,113219.46646525883,0.004861188906060576,0.004861188906060576,0.13219466465258822,1.1321946646525882,0.0,Daily
2007-04-30,1.3652063608169556,1.13194736395898,113194.73639589801,-0.00021842594858367814,-0.00021842594858367814,0.1319473639589801,1.1321946646525882,-0.00021842594858367814,Daily
2007-05-01,1.3601001501083374,1.1277135998062988,112771.35998062989,-0.003740248254895606,-0.003740248254895606,0.12771359980629882,1.1321946646525882,-0.003957857236206341,Daily
2007-05-02,1.3588064908981323,1.1266409750552857,112664.09750552857,-0.0009511499650242117,-0.0009511499650242117,0.1266409750552857,1.1321946646525882,-0.004905242685458777,Daily
2007-05-03,1.3556013107299805,1.1239834315904413,112398.34315904413,-0.0023588201775760487,-0.0023588201775760487,0.12398343159044134,1.1321946646525882,-0.007252492277612377,Daily
2007-05-04,1.3588987588882446,1.1267174781475529,112671.74781475529,0.0024324616184447923,0.0024324616184447923,0.12671747814755285,1.1321946646525882,-0.004837672068271126,Daily
2007-05-07,1.360007643699646,1.1276368990316226,112763.68990316226,0.0008160172375966113,0.0008160172375966113,0.12763689903162256,1.1321946646525882,-0.004025602454472033,Daily
2007-05-08,1.3540961742401123,1.122735462542681,112273.5462542681,-0.004346644290507573,-0.004346644290507573,0.12273546254268108,1.1321946646525882,-0.008354748883055096,Daily
2007-05-09,1.3527040481567385,1.121581194956768,112158.1194956768,-0.0010280850872020908,-0.0010280850872020908,0.121581194956768,1.1321946646525882,-0.009374244577523227,Daily
2007-05-10,1.348308563232422,1.1179367220651943,111793.67220651943,-0.003249406202565752,-0.003249406202565752,0.11793672206519434,1.1321946646525882,-0.012593190051614411,Daily
2007-05-11,1.352100491523743,1.1210807619384875,112108.07619384876,0.002812359421815014,0.002812359421815014,0.12108076193848749,1.1321946646525882,-0.009816247206491657,Daily
2007-05-14,1.354297757148743,1.1229026030194564,112290.26030194564,0.0016250756794886634,0.0016250756794886634,0.12290260301945644,1.1321946646525882,-0.008207123671602035,Daily
2007-05-15,1.3596007823944092,1.1272995540007336,112729.95540007336,0.003915701120875248,0.003915701120875248,0.12729955400073356,1.1321946646525882,-0.004323559194086779,Daily
2007-05-16,1.3523930311203003,1.1213233182542806,112132.33182542806,-0.005301373290926614,-0.005301373290926614,0.12132331825428055,1.1321946646525882,-0.009602011683780165,Daily
2007-05-17,1.34969162940979,1.119083477719567,111908.3477719567,-0.001997497508747559,-0.001997497508747559,0.11908347771956707,1.1321946646525882,-0.011580329198110362,Daily
2007-05-18,1.3512965440750122,1.1204141768554765,112041.41768554765,0.0011890972947086187,0.0011890972947086187,0.1204141768554765,1.1321946646525882,-0.01040500204152306,Daily
2007-05-21,1.3466018438339231,1.1165216125406587,111652.16125406587,-0.0034742190836450915,-0.0034742190836450915,0.11652161254065874,1.1321946646525882,-0.013843071868510082,Daily
2007-05-22,1.3452069759368896,1.1153650716070425,111536.50716070425,-0.0010358428539368747,-0.0010358428539368747,0.11536507160704246,1.1321946646525882,-0.014864575475375452,Daily
2007-05-23,1.3458044528961182,1.1158604637238945,111586.04637238945,0.00044415243893025647,0.00044415243893025647,0.11586046372389447,1.1321946646525882,-0.014427025173896157,Daily
2007-05-24,1.3430029153823853,1.1135375965774181,111353.75965774182,-0.002081682452234501,-0.002081682452234501,0.11353759657741813,1.1321946646525882,-0.01647867514098822,Daily
2007-05-25,1.3450080156326294,1.115200105636766,111520.0105636766,0.0014929976899367148,0.0014929976899367148,0.11520010563676597,1.1321946646525882,-0.015010280074970184,Daily
2007-05-28,1.3452069759368896,1.1153650716070425,111536.50716070425,0.00014792499520277502,0.00014792499520277502,0.11536507160704246,1.1321946646525882,-0.014864575475375452,Daily
2007-05-29,1.3445920944213867,1.1148552486743366,111485.52486743366,-0.00045709063846810505,-0.00045709063846810505,0.11485524867433661,1.1321946646525882,-0.0153148716555489,Daily
2007-05-30,1.3432012796401978,1.1137020683416725,111370.20683416726,-0.001034376735486786,-0.001034376735486786,0.11370206834167251,1.1321946646525882,-0.016333407044088255,Daily
2007-05-31,1.3456052541732788,1.1156953000712089,111569.53000712089,0.0017897351420963492,0.0017897351420963492,0.11569530007120887,1.1321946646525882,-0.014572904374568929,Daily
2007-06-01,1.344194412231445,1.1145255144161923,111452.55144161923,-0.0010484812967679336,-0.0010484812967679336,0.1145255144161923,1.1321946646525882,-0.015606106253660657,Daily
2007-06-04,1.349199891090393,1.1186757577510884,111867.57577510884,0.0037237759757076105,0.0037237759757076105,0.1186757577510884,1.1321946646525882,-0.011940443921494737,Daily
2007-06-05,1.3520090579986572,1.1210049507346513,112100.49507346514,0.002082098380540076,0.002082098380540076,0.12100495073465134,1.1321946646525882,-0.009883206719906612,Daily
2007-06-06,1.34929096698761,1.1187512724313111,111875.12724313111,-0.0020104088763063244,-0.0020104088763063244,0.11875127243131112,1.1321946646525882,-0.011873746309696842,Daily
2007-06-07,1.3428045511245728,1.1133731248131642,111337.31248131642,-0.004807277319523351,-0.004807277319523351,0.1133731248131642,1.1321946646525882,-0.01662394323788774,Daily
2007-06-08,1.3360053300857544,1.1077356178744628,110773.56178744628,-0.005063448014920757,-0.005063448014920757,0.10773561787446284,1.1321946646525882,-0.021603216780420542,Daily
2007-06-11,1.335594892501831,1.1073953076074392,110739.53076074392,-0.00030721253477128396,-0.00030721253477128396,0.1073953076074392,1.1321946646525882,-0.021903792536205446,Daily
2007-06-12,1.3306012153625488,1.1032548495517867,110325.48495517866,-0.003738916019608296,-0.003738916019608296,0.10325484955178665,1.1321946646525882,-0.025560812115010045,Daily
2007-06-13,1.3310085535049438,1.1035925899474937,110359.25899474937,0.0003061308960883302,0.0003061308960883302,0.10359258994749365,1.1321946646525882,-0.02526250617323922,Daily
2007-06-14,1.33159339427948,1.1040775048966707,110407.75048966707,0.00043939670635162464,0.00043939670635162464,0.10407750489667067,1.1321946646525882,-0.024834209728894274,Daily
2007-06-15,1.3379000425338743,1.1093065999784621,110930.65999784622,0.0047361666718142015,0.0047361666718142015,0.10930659997846215,1.1321946646525882,-0.020215662013518876,Daily
2007-06-18,1.341597557067871,1.1123723576178077,111237.23576178077,0.0027636702417574988,0.0027636702417574988,0.11237235761780773,1.1321946646525882,-0.01750786119528569,Daily
2007-06-19,1.3424079418182373,1.1130442801258604,111304.42801258604,0.0006040445930277638,0.0006040445930277638,0.11304428012586043,1.1321946646525882,-0.016914392131148315,Daily
2007-06-20,1.3396027088165283,1.1107183489020451,111071.83489020451,-0.002089702328421539,-0.002089702328421539,0.11071834890204513,1.1321946646525882,-0.018968748414949554,Daily
2007-06-21,1.3394052982330322,1.110554667867427,111055.46678674269,-0.00014736502262702178,-0.00014736502262702178,0.11055466786742696,1.1321946646525882,-0.019113318107537136,Daily
2007-06-22,1.347091555595398,1.1169276522086615,111692.76522086615,0.005738559771643281,0.005738559771643281,0.11692765220866153,1.1321946646525882,-0.013484441254288493,Daily
2007-06-25,1.3468012809753418,1.1166869738757534,111668.69738757535,-0.00021548247322211722,-0.00021548247322211722,0.11668697387575344,1.1321946646525882,-0.013697018066759159,Daily
2007-06-26,1.3448994159698486,1.115110061299485,111511.00612994851,-0.001412134835597878,-0.001412134835597878,0.11511006129948509,1.1321946646525882,-0.015089810866001141,Daily
2007-06-27,1.345496654510498,1.115605255733928,111560.5255733928,0.00044407673433233263,0.00044407673433233263,0.11560525573392799,1.1321946646525882,-0.014652435165599997,Daily
2007-06-28,1.344700574874878,1.114945194170413,111494.51941704129,-0.0005916622928427984,-0.0005916622928427984,0.11494519417041293,1.1321946646525882,-0.015235428165056963,Daily
2007-06-29,1.3536012172698977,1.122325073861682,112232.50738616819,0.006619051528142572,0.006619051528142572,0.1223250738616819,1.1321946646525882,-0.008717220720992125,Daily
2007-07-02,1.363493800163269,1.1305274112154258,113052.74112154258,0.007308343674013562,0.007308343674013562,0.13052741121542577,1.1321946646525882,-0.0014725854918897774,Daily
2007-07-03,1.3611923456192017,1.1286191829217413,112861.91829217413,-0.0016879097974571433,-0.0016879097974571433,0.12861918292174135,1.1321946646525882,-0.003158009697867614,Daily
2007-07-04,1.3615074157714844,1.1288804202251812,112888.04202251812,0.000231466297395011,0.000231466297395011,0.1288804202251812,1.1321946646525882,-0.0029272743732845496,Daily
2007-07-05,1.3598966598510742,1.1275448778702521,112754.48778702521,-0.0011830680477765698,-0.0011830680477765698,0.12754487787025215,1.1321946646525882,-0.004106879256283058,Daily
2007-07-06,1.3629920482635498,1.1301113885857705,113011.13885857705,0.0022761938490343248,0.0022761938490343248,0.13011138858577054,1.1321946646525882,-0.0018400334605506163,Daily
2007-07-09,1.3623977899551392,1.1296186651814395,112961.86651814394,-0.000435995433111791,-0.000435995433111791,0.1296186651814395,1.1321946646525882,-0.0022752266474769245,Daily
2007-07-10,1.376007914543152,1.1409033654968816,114090.33654968816,0.009989831669105387,0.009989831669105387,0.14090336549688165,1.1409033654968816,0.0,Daily
2007-07-11,1.3754022121429443,1.1404011533369205,114040.11533369205,-0.00044018816592972243,-0.00044018816592972243,0.1404011533369205,1.1409033654968816,-0.00044018816592972243,Daily
2007-07-12,1.378796935081482,1.1432158543168875,114321.58543168876,0.002468167426638468,0.002468167426638468,0.14321585431688755,1.1432158543168875,0.0,Daily
2007-07-13,1.3784927129745483,1.1429636115630553,114296.36115630553,-0.00022064315577829952,-0.00022064315577829952,0.14296361156305526,1.1432158543168875,-0.00022064315577829952,Daily
2007-07-16,1.377695083618164,1.1423022650638819,114230.2265063882,-0.0005786242820704501,-0.0005786242820704501,0.14230226506388188,1.1432158543168875,-0.0007991397683612123,Daily
2007-07-17,1.379006028175354,1.1433892217895447,114338.92217895447,0.0009515491292508838,0.0009515491292508838,0.14338922178954472,1.1433892217895447,0.0,Daily
2007-07-18,1.3807005882263184,1.1447942495112229,114479.42495112229,0.0012288271525588979,0.0012288271525588979,0.14479424951122288,1.1447942495112229,0.0,Daily
2007-07-19,1.379805088043213,1.1440517543831719,114405.17543831718,-0.0006485839078664846,-0.0006485839078664846,0.14405175438317186,1.1447942495112229,-0.0006485839078664846,Daily
2007-07-20,1.3833937644958496,1.1470272700028272,114702.72700028273,0.0026008575296139202,0.0026008575296139202,0.14702727000282723,1.1470272700028272,0.0,Daily
2007-07-23,1.3804908990859983,1.1446203878325432,114462.03878325432,-0.002098365255324919,-0.002098365255324919,0.14462038783254316,1.1470272700028272,-0.002098365255324919,Daily
2007-07-24,1.3824948072433472,1.1462819084798461,114628.19084798462,0.0014515909946783978,0.0014515909946783978,0.14628190847984612,1.1470272700028272,-0.000649820228754705,Daily
2007-07-25,1.3726081848144531,1.1380845131863264,113808.45131863264,-0.0071512908237300055,-0.0071512908237300055,0.13808451318632642,1.1470272700028272,-0.007796463999045766,Daily
2007-07-26,1.375005125999451,1.1400719132847987,114007.19132847988,0.0017462675886066314,0.0017462675886066314,0.14007191328479873,1.1470272700028272,-0.006063811122826501,Daily
2007-07-27,1.3636053800582886,1.1306199265828185,113061.99265828184,-0.00829069341314348,-0.00829069341314348,0.1306199265828185,1.1470272700028272,-0.014304231337035511,Daily
2007-07-30,1.3711966276168823,1.1369141344840827,113691.41344840828,0.005567041366666636,0.005567041366666636,0.13691413448408274,1.1470272700028272,-0.008816822217940445,Daily
2007-07-31,1.3672035932540894,1.1336033494988322,113360.33494988322,-0.002912080063770972,-0.002912080063770972,0.13360334949883224,1.1470272700028272,-0.011703226989504656,Daily
2007-08-01,1.367708444595337,1.1340219419998037,113402.19419998037,0.00036925834874823593,0.00036925834874823593,0.13402194199980366,1.1470272700028272,-0.011338290155029629,Daily
2007-08-02,1.3707079887390137,1.1365089843869205,113650.89843869205,0.0021931166364657084,0.0021931166364657084,0.1365089843869205,1.1470272700028272,-0.009170039711332012,Daily
2007-08-03,1.3787018060684204,1.1431369790357127,114313.69790357127,0.005831889355778053,0.005831889355778053,0.14313697903571265,1.1470272700028272,-0.003391629012538644,Daily
2007-08-06,1.3796910047531128,1.1439571633504848,114395.71633504848,0.0007174855943021807,0.0007174855943021807,0.1439571633504848,1.1470272700028272,-0.0026765768631942244,Daily
2007-08-07,1.374098300933838,1.139320028242322,113932.00282423219,-0.0040535915650734555,-0.0040535915650734555,0.13932002824232192,1.1470272700028272,-0.006719318678871766,Daily
2007-08-08,1.3803004026412964,1.1444624395877847,114446.24395877848,0.00451357934380936,0.00451357934380936,0.1444624395877847,1.1470272700028272,-0.0022360675130559393,Daily
2007-08-09,1.367409110069275,1.1337737517353554,113377.37517353555,-0.009339483309106389,-0.009339483309106389,0.13377375173535544,1.1470272700028272,-0.011554667106946082,Daily
2007-08-10,1.3689066171646118,1.1350153949460284,113501.53949460284,0.0010951419617648561,0.0010951419617648561,0.13501539494602843,1.1470272700028272,-0.010472179145984195,Daily
2007-08-13,1.3613035678863523,1.1287114017655209,112871.14017655209,-0.005554103678749978,-0.005554103678749978,0.12871140176552087,1.1470272700028272,-0.015968119256014934,Daily
2007-08-14,1.3534914255142212,1.122234041112356,112223.40411123559,-0.005738721734389385,-0.005738721734389385,0.12223404111235592,1.1470272700028272,-0.021615204397372523,Daily
2007-08-15,1.3428045511245728,1.1133731248131642,111337.31248131642,-0.007895782853288624,-0.007895782853288624,0.1133731248131642,1.1470272700028272,-0.02934031829041006,Daily
2007-08-16,1.3424980640411377,1.113119004076447,111311.90040764469,-0.00022824400109344722,-0.00022824400109344722,0.11311900407644693,1.1470272700028272,-0.029561865539863508,Daily
2007-08-17,1.349400281906128,1.1188419098158187,111884.19098158187,0.005141324259502644,0.005141324259502644,0.11884190981581866,1.1470272700028272,-0.024572528416817008,Daily
2007-08-20,1.347490906715393,1.1172587702436683,111725.87702436683,-0.0014149805779183344,-0.0014149805779183344,0.11725877024366826,1.1470272700028272,-0.025952739344275222,Daily
2007-08-21,1.345496654510498,1.115605255733928,111560.5255733928,-0.0014799745177920265,-0.0014799745177920265,0.11560525573392799,1.1470272700028272,-0.027394304469170794,Daily
2007-08-22,1.3549952507019043,1.1234809229068667,112348.09229068668,0.007059546495016722,0.007059546495016722,0.12348092290686674,1.1470272700028272,-0.02052814934025282,Daily
2007-08-23,1.355693221092224,1.1240596381590948,112405.96381590948,0.0005151091045949574,0.0005151091045949574,0.12405963815909482,1.1470272700028272,-0.020023614472283513,Daily
2007-08-24,1.366698980331421,1.13318495468027,113318.49546802699,0.008118178263317066,0.008118178263317066,0.13318495468026992,1.1470272700028272,-0.012067991480728457,Daily
2007-08-27,1.3637913465499878,1.1307741188618068,113077.41188618068,-0.002127486610641882,-0.002127486610641882,0.1307741188618068,1.1470272700028272,-0.01416980360107778,Daily
2007-08-28,1.3598966598510742,1.1275448778702521,112754.48778702521,-0.00285577900810563,-0.00285577900810563,0.12754487787025215,1.1470272700028272,-0.01698511678151038,Daily
2007-08-29,1.367409110069275,1.1337737517353554,113377.37517353555,0.005524280219221689,0.005524280219221689,0.13377375173535544,1.1470272700028272,-0.011554667106946082,Daily
2007-08-30,1.3642005920410156,1.1311134407167853,113111.34407167853,-0.0023464214218209545,-0.0023464214218209545,0.13111344071678532,1.1470272700028272,-0.013873976410345268,Daily
2007-08-31,1.3642005920410156,1.1311134407167853,113111.34407167853,0.0,0.0,0.13111344071678532,1.1470272700028272,-0.013873976410345268,Daily
2007-09-03,1.361396312713623,1.128788300222606,112878.8300222606,-0.0020556209576166884,-0.0020556209576166884,0.128788300222606,1.1470272700028272,-0.01590107773128735,Daily
2007-09-04,1.3620080947875977,1.1292955532839957,112929.55532839957,0.0004493783832535403,0.0004493783832535403,0.12929555328399567,1.1470272700028272,-0.015458844948636585,Daily
2007-09-05,1.365392804145813,1.1321019516027864,113210.19516027864,0.0024850875491626567,0.0024850875491626567,0.13210195160278637,1.1470272700028272,-0.013012173982580255,Daily
2007-09-06,1.3696004152297974,1.1355906507561002,113559.06507561002,0.0030816121713903577,0.0030816121713903577,0.13559065075610022,1.1470272700028272,-0.009970660284910893,Daily
2007-09-07,1.3775053024291992,1.1421449098663503,114214.49098663504,0.0057716740674873535,0.0057716740674873535,0.1421449098663503,1.1470272700028272,-0.00425653361882572,Daily
2007-09-11,1.384006381034851,1.1475352149526483,114753.52149526484,0.0047194581350704645,0.0047194581350704645,0.14753521495264832,1.1475352149526483,0.0,Daily
2007-09-12,1.390801191329956,1.1531690647667838,115316.90647667838,0.00490952237519604,0.00490952237519604,0.15316906476678382,1.1531690647667838,0.0,Daily
2007-09-13,1.386693239212036,1.1497629968604148,114976.29968604149,-0.0029536587569298778,-0.0029536587569298778,0.14976299686041483,1.1531690647667838,-0.0029536587569298778,Daily
2007-09-14,1.3878093957901,1.1506884470579581,115068.84470579581,0.0008049051848688649,0.0008049051848688649,0.15068844705795814,1.1531690647667838,-0.0021511309873087914,Daily
2007-09-17,1.3865010738372805,1.1496036648387942,114960.36648387942,-0.0009427245245552385,-0.0009427245245552385,0.14960366483879417,1.1531690647667838,-0.00309182758792681,Daily
2007-09-18,1.3979953527450562,1.1591340326159263,115913.40326159263,0.00829013343348084,0.00829013343348084,0.1591340326159263,1.1591340326159263,0.0,Daily
2007-09-19,1.3969016075134275,1.1582271645648254,115822.71645648255,-0.0007823668580019261,-0.0007823668580019261,0.15822716456482544,1.1591340326159263,-0.0007823668580019261,Daily
2007-09-20,1.4078954458236694,1.1673425969655524,116734.25969655524,0.007870159394985254,0.007870159394985254,0.16734259696555243,1.1673425969655524,0.0,Daily
2007-09-21,1.4092049598693848,1.1684283675967615,116842.83675967615,0.0009301216575421378,0.0009301216575421378,0.1684283675967615,1.1684283675967615,0.0,Daily
2007-09-24,1.407400131225586,1.1669319117609396,116693.19117609395,-0.0012807424719581961,-0.0012807424719581961,0.16693191176093958,1.1684283675967615,-0.0012807424719581961,Daily
2007-09-25,1.4152077436447144,1.1734055164483344,117340.55164483344,0.005547542767620373,0.005547542767620373,0.17340551644833435,1.1734055164483344,0.0,Daily
2007-09-26,1.4133076667785645,1.1718300864901332,117183.00864901333,-0.0013426133899299142,-0.0013426133899299142,0.1718300864901332,1.1734055164483344,-0.0013426133899299142,Daily
2007-09-27,1.4152077436447144,1.1734055164483344,117340.55164483344,0.0013444184241078183,0.0013444184241078183,0.17340551644833435,1.1734055164483344,0.0,Daily
2007-09-28,1.4264928102493286,1.182762417911605,118276.2417911605,0.007974141362137255,0.007974141362137255,0.18276241791160497,1.182762417911605,0.0,Daily
2007-10-01,1.4236091375350952,1.1803714491752422,118037.14491752422,-0.002021512266668468,-0.002021512266668468,0.18037144917524217,1.182762417911605,-0.002021512266668468,Daily
2007-10-02,1.4152077436447144,1.1734055164483344,117340.55164483344,-0.0059014751091913675,-0.0059014751091913675,0.17340551644833435,1.182762417911605,-0.007911057471535199,Daily
2007-10-03,1.4099997282028198,1.1690873419070273,116908.73419070273,-0.003680035998447684,-0.003680035998447684,0.16908734190702734,1.182762417911605,-0.011561980493701829,Daily
2007-10-04,1.4135074615478516,1.171995744348841,117199.5744348841,0.0024877546249617577,0.0024877546249617577,0.1719957443488409,1.182762417911605,-0.009102989239186954,Daily
2007-10-05,1.4133076667785645,1.1718300864901332,117183.00864901333,-0.0001413468090702974,-0.0001413468090702974,0.1718300864901332,1.182762417911605,-0.00924304936977527,Daily
2007-10-08,1.4049086570739746,1.164866130587315,116486.6130587315,-0.0059428034687833975,-0.0059428034687833975,0.16486613058731492,1.182762417911605,-0.015130923212701819,Daily
2007-10-09,1.4106959104537964,1.1696645745411884,116966.45745411885,0.0041193093591400665,0.0041193093591400665,0.16966457454118844,1.182762417911605,-0.011073942807164339,Daily
2007-10-10,1.414107084274292,1.1724929156073738,117249.29156073737,0.002418078761849074,0.002418078761849074,0.1724929156073738,1.182762417911605,-0.008682641711227124,Daily
2007-10-11,1.4201923608779907,1.1775384625724463,117753.84625724463,0.004303264350607128,0.004303264350607128,0.17753846257244632,1.182762417911605,-0.004416741063165142,Daily
2007-10-12,1.4190032482147217,1.176552521557762,117655.2521557762,-0.0008372898601805012,-0.0008372898601805012,0.1765525215577619,1.182762417911605,-0.005250332830838311,Daily
2007-10-15,1.4203940629959106,1.177705701890426,117770.5701890426,0.0009801350229035055,0.0009801350229035055,0.177705701890426,1.182762417911605,-0.004275343843024304,Daily
2007-10-16,1.4176956415176392,1.1754683323858246,117546.83323858246,-0.001899769612229929,-0.001899769612229929,0.1754683323858246,1.182762417911605,-0.006166991286939538,Daily
2007-10-17,1.4217066764831543,1.1787940423929515,117879.40423929515,0.002829263805326665,0.002829263805326665,0.1787940423929515,1.182762417911605,-0.0033551755268487193,Daily
2007-10-18,1.4294904470443726,1.1852478788394503,118524.78788394503,0.0054749483068283755,0.0054749483068283755,0.18524787883945026,1.1852478788394503,0.0,Daily
2007-10-19,1.4296947717666626,1.1854172926639284,118541.72926639284,0.00014293535344189756,0.00014293535344189756,0.18541729266392837,1.1854172926639284,0.0,Daily
2007-10-22,1.4179972410202026,1.175718400633158,117571.8400633158,-0.008181837814238868,-0.008181837814238868,0.17571840063315802,1.1854172926639284,-0.008181837814238868,Daily
2007-10-23,1.4258012771606443,1.1821890400844184,118218.90400844184,0.005503562288194042,0.005503562288194042,0.18218904008441839,1.1854172926639284,-0.002723304780087421,Daily
2007-10-24,1.4263097047805786,1.1826105978215242,118261.05978215243,0.0003565908013118957,0.0003565908013118957,0.18261059782152422,1.1854172926639284,-0.002367685084209259,Daily
2007-10-25,1.4326032400131226,1.187828820370823,118782.8820370823,0.004412460499602533,0.004412460499602533,0.18782882037082294,1.187828820370823,0.0,Daily
2007-10-26,1.4393045902252195,1.1933851786806462,119338.51786806462,0.004677743303187931,0.004677743303187931,0.1933851786806462,1.1933851786806462,0.0,Daily
2007-10-29,1.441794753074646,1.195449872601022,119544.9872601022,0.0017301152697895006,0.0017301152697895006,0.1954498726010221,1.195449872601022,0.0,Daily
2007-10-30,1.44400155544281,1.1972796209783494,119727.96209783494,0.0015305939791070422,0.0015305939791070422,0.1972796209783494,1.1972796209783494,0.0,Daily
2007-10-31,1.4471989870071411,1.1999307397649024,119993.07397649024,0.0022142854017566105,0.0022142854017566105,0.1999307397649024,1.1999307397649024,0.0,Daily
2007-11-01,1.442710041999817,1.1962087753690167,119620.87753690167,-0.003101816023660553,-0.003101816023660553,0.1962087753690167,1.1999307397649024,-0.003101816023660553,Daily
2007-11-02,1.4487924575805664,1.201251950145182,120125.19501451819,0.004215965373276509,0.004215965373276509,0.20125195014518193,1.201251950145182,0.0,Daily
2007-11-05,1.4478065967559814,1.2004345333841353,120043.45333841353,-0.0006804707047075587,-0.0006804707047075587,0.2004345333841353,1.201251950145182,-0.0006804707047075587,Daily
2007-11-06,1.4564096927642822,1.2075677054290228,120756.77054290228,0.00594215831560474,0.00594215831560474,0.2075677054290228,1.2075677054290228,0.0,Daily
2007-11-07,1.4623944759368896,1.2125299292587193,121252.99292587192,0.004109271726452368,0.004109271726452368,0.21252992925871927,1.2125299292587193,0.0,Daily
2007-11-08,1.4681053161621094,1.2172650160005214,121726.50160005214,0.0039051297848762268,0.0039051297848762268,0.2172650160005214,1.2172650160005214,0.0,Daily
2007-11-09,1.467502236366272,1.2167649783470589,121676.4978347059,-0.00041078782918235746,-0.00041078782918235746,0.21676497834705888,1.2172650160005214,-0.00041078782918235746,Daily
2007-11-12,1.4523905515670776,1.2042352742199913,120423.52742199913,-0.010297554868885839,-0.010297554868885839,0.20423527421999133,1.2172650160005214,-0.01070411258785775,Daily
2007-11-13,1.4620951414108276,1.2122817389942708,121228.17389942709,0.006681804582988393,0.006681804582988393,0.21228173899427083,1.2172650160005214,-0.0040938307934156315,Daily
2007-11-14,1.46500825881958,1.2146971215081401,121469.71215081401,0.0019924267075681623,0.0019924267075681623,0.21469712150814013,1.2172650160005214,-0.0021095607436566466,Daily
2007-11-15,1.4620951414108276,1.2122817389942708,121228.17389942709,-0.0019884648371195635,-0.0019884648371195635,0.21228173899427083,1.2172650160005214,-0.0040938307934156315,Daily
2007-11-16,1.4634003639221191,1.2133639513421186,121336.39513421187,0.0008927069616222472,0.0008927069616222472,0.2133639513421186,1.2172650160005214,-0.0032047784230423426,Daily
2007-11-19,1.4668993949890137,1.2162651383760053,121626.51383760052,0.0023910278780554517,0.0023910278780554517,0.21626513837600525,1.2172650160005214,-0.0008214132595393275,Daily
2007-11-20,1.4833053350448608,1.2298679614601085,122986.79614601085,0.011184093545808738,0.011184093545808738,0.22986796146010846,1.2298679614601085,0.0,Daily
2007-11-21,1.4857958555221558,1.2319329519040974,123193.29519040973,0.0016790342611554543,0.0016790342611554543,0.23193295190409735,1.2319329519040974,0.0,Daily
2007-11-22,1.4855971336364746,1.2317681836162298,123176.81836162298,-0.00013374777224106627,-0.00013374777224106627,0.23176818361622975,1.2319329519040974,-0.00013374777224106627,Daily
2007-11-23,1.480100154876709,1.2272104179952639,122721.04179952639,-0.0037001813178719756,-0.0037001813178719756,0.22721041799526387,1.2319329519040974,-0.003833434199104979,Daily
2007-11-27,1.483789563179016,1.2302694544327046,123026.94544327047,0.0024926747626847767,0.0024926747626847767,0.23026945443270463,1.2319329519040974,-0.0013503149411026039,Daily
2007-11-28,1.4840978384017944,1.230525057787489,123052.5057787489,0.00020776209135608958,0.00020776209135608958,0.2305250577874891,1.2319329519040974,-0.0011428333940026736,Daily
2007-11-29,1.4759929180145264,1.223804943136122,122380.4943136122,-0.005461176600052409,-0.005461176600052409,0.22380494313612198,1.2319329519040974,-0.006597768779065927,Daily
2007-11-30,1.469594120979309,1.2184994438032677,121849.94438032676,-0.004335249144572395,-0.004335249144572395,0.2184994438032677,1.2319329519040974,-0.01090441495218275,Daily
2007-12-03,1.467007040977478,1.2163543919836504,121635.43919836504,-0.0017604044306511746,-0.0017604044306511746,0.21635439198365036,1.2319329519040974,-0.01264562320243845,Daily
2007-12-04,1.4766032695770264,1.2243110101030579,122431.10101030579,0.006541365059266724,0.006541365059266724,0.22431101010305787,1.2319329519040974,-0.006186977780940794,Daily
2007-12-05,1.459896683692932,1.2104589095012568,121045.89095012569,-0.011314200793338558,-0.011314200793338558,0.21045890950125679,1.2319329519040974,-0.017431177865361858,Daily
2007-12-06,1.4659103155136108,1.2154450529024374,121544.50529024375,0.0041192173993209735,0.0041192173993209735,0.21544505290243743,1.2319329519040974,-0.013383763277194483,Daily
2007-12-07,1.4656095504760742,1.2151956765435354,121519.56765435354,-0.00020517287746291135,-0.00020517287746291135,0.21519567654353544,1.2319329519040974,-0.01358619016943452,Daily
2007-12-10,1.4708911180496216,1.2195748361080063,121957.48361080063,0.0036036661823277694,0.0036036661823277694,0.21957483610800632,1.2319329519040974,-0.010031484081167052,Daily
2007-12-11,1.466490626335144,1.2159262118858445,121592.62118858445,-0.0029917181907471724,-0.0029917181907471724,0.2159262118858445,1.2319329519040974,-0.012993190898508367,Daily
2007-12-12,1.4716053009033203,1.220166993764044,122016.6993764044,0.003487696734181256,0.003487696734181256,0.22016699376404403,1.2319329519040974,-0.009550810473790472,Daily
2007-12-13,1.462993621826172,1.2130267051524342,121302.67051524342,-0.005851894575170435,-0.005851894575170435,0.21302670515243416,1.2319329519040974,-0.015346814712960954,Daily
2007-12-14,1.4437098503112793,1.1970377565509878,119703.77565509878,-0.01318103594383535,-0.01318103594383535,0.19703775655098776,1.2319329519040974,-0.028325563740441373,Daily
2007-12-17,1.4412959814071655,1.1950363210014792,119503.63210014792,-0.0016719903265836056,-0.0016719903265836056,0.19503632100147916,1.2319329519040974,-0.029950193998455887,Daily
2007-12-19,1.4383935928344729,1.192629834196013,119262.98341960131,-0.0020137352841705924,-0.0020137352841705924,0.1926298341960131,1.2319329519040974,-0.0319036175202041,Daily
2007-12-20,1.433301329612732,1.1884076344642556,118840.76344642555,-0.0035402432596396416,-0.0035402432596396416,0.18840763446425557,1.2319329519040974,-0.03533091421295964,Daily
2007-12-21,1.438807487487793,1.1929730108579664,119297.30108579664,0.003841591269959199,0.003841591269959199,0.19297301085796636,1.2319329519040974,-0.031625049874600575,Daily
2007-12-24,1.439698338508606,1.1937116511790429,119371.16511790428,0.0006191592888973307,0.0006191592888973307,0.19371165117904288,1.2319329519040974,-0.03102547152909496,Daily
2007-12-25,1.4395946264266968,1.1936256593311456,119362.56593311456,-7.203737000671673e-05,-7.203737000671673e-05,0.19362565933114562,1.2319329519040974,-0.031095273905729415,Daily
2007-12-26,1.4487924575805664,1.201251950145182,120125.19501451819,0.006389181360519469,0.006389181360519469,0.20125195014518193,1.2319329519040974,-0.02490476588964874,Daily
2007-12-27,1.4613901376724243,1.211697192110978,121169.7192110978,0.008695296573324018,0.008695296573324018,0.21169719211097804,1.2319329519040974,-0.01642602364182444,Daily
2007-12-28,1.4718002080917358,1.220328599133368,122032.85991333681,0.007123402677324586,0.007123402677324586,0.2203285991333681,1.2319329519040974,-0.009419630145287794,Daily
2007-12-31,1.4601097106933594,1.210635538733662,121063.5538733662,-0.007942992081468647,-0.007942992081468647,0.21063553873366203,1.2319329519040974,-0.017287802179102085,Daily
2008-01-01,1.4620096683502195,1.2122108698506586,121221.08698506586,0.0013012430798491348,0.0013012430798491348,0.21221086985065862,1.2319329519040974,-0.016009054732204375,Daily
2008-01-02,1.4716920852661133,1.2202389501609052,122023.89501609052,0.006622676392297633,0.006622676392297633,0.22023895016090522,1.2319329519040974,-0.00949240112874461,Daily
2008-01-03,1.4744912385940552,1.2225598404832918,122255.98404832918,0.0019019965901601044,0.0019019965901601044,0.2225598404832918,1.2319329519040974,-0.007608459053163763,Daily
2008-01-04,1.4754921197891235,1.223389711236103,122338.9711236103,0.0006787976549951225,0.0006787976549951225,0.22338971123610296,1.2319329519040974,-0.006934826002332195,Daily
2008-01-07,1.468299388885498,1.2174259294814143,121742.59294814142,-0.004874801299957765,-0.004874801299957765,0.21742592948141426,1.2319329519040974,-0.01177582140347877,Daily
2008-01-08,1.5570987462997437,1.2910530392219202,129105.30392219202,0.06047769146158144,0.06047769146158144,0.29105303922192016,1.2910530392219202,0.0,Daily
2008-01-09,1.466404676437378,1.2158549473774147,121585.49473774148,-0.05824554806038418,-0.05824554806038418,0.21585494737741473,1.2910530392219202,-0.05824554806038418,Daily
2008-01-10,1.480100154876709,1.2272104179952639,122721.04179952639,0.009339494519755576,0.009339494519755576,0.22721041799526387,1.2910530392219202,-0.049450037517538736,Daily
2008-01-11,1.4790055751800537,1.2263028580557318,122630.28580557318,-0.0007395308304297687,-0.0007395308304297687,0.2263028580557318,1.2910530392219202,-0.05015299852065824,Daily
2008-01-14,1.4869003295898438,1.2328487156636012,123284.87156636012,0.005337880087996849,0.005337880087996849,0.2328487156636012,1.2910530392219202,-0.04508282912481809,Daily
2008-01-15,1.4802095890045166,1.2273011542209762,122730.11542209762,-0.004499790908764512,-0.004499790908764512,0.2273011542209762,1.2910530392219202,-0.049379756728945345,Daily
2008-01-16,1.466404676437378,1.2158549473774147,121585.49473774148,-0.009326322886762828,-0.009326322886762828,0.21585494737741473,1.2910530392219202,-0.05824554806038418,Daily
2008-01-17,1.464000225067139,1.2138613202830604,121386.13202830603,-0.001639691559140788,-0.001639691559140788,0.21386132028306037,1.2910530392219202,-0.05978973488601291,Daily
2008-01-18,1.4617959260940552,1.2120336475710267,121203.36475710267,-0.0015056684659887631,-0.0015056684659887631,0.21203364757102672,1.2910530392219202,-0.061205379833593865,Daily
2008-01-21,1.4420026540756226,1.1956222516616344,119562.22516616344,-0.013540379792493007,-0.013540379792493007,0.19562225166163438,1.2910530392219202,-0.07391701553779628,Daily
2008-01-22,1.464793682098389,1.2145192073400768,121451.92073400768,0.015805122104561198,0.015805122104561198,0.2145192073400768,1.2910530392219202,-0.05928016088941479,Daily
2008-01-23,1.4632076025009155,1.2132041251144747,121320.41251144747,-0.00108280068166422,-0.00108280068166422,0.21320412511447473,1.2910530392219202,-0.06029877297245878,Daily
2008-01-24,1.4774104356765747,1.2249802638985896,122498.02638985896,0.009706642551189582,0.009706642551189582,0.2249802638985896,1.2910530392219202,-0.051177429056788126,Daily
2008-01-25,1.467502236366272,1.2167649783470589,121676.4978347059,-0.006706463600797075,-0.006706463600797075,0.21676497834705888,1.2910530392219202,-0.05754067309243349,Daily
2008-01-28,1.4788086414337158,1.2261395723859314,122613.95723859314,0.007704523228148519,0.007704523228148519,0.2261395723859314,1.2910530392219202,-0.05027947331668903,Daily
2008-01-29,1.4771921634674072,1.2247992856531873,122479.92856531873,-0.001093094752774415,-0.001093094752774415,0.2247992856531873,1.2910530392219202,-0.051317607841008694,Daily
2008-01-30,1.483107328414917,1.2297037862194675,122970.37862194676,0.004004330034912407,0.004004330034912407,0.22970378621946752,1.2910530392219202,-0.04751877044449393,Daily
2008-01-31,1.4865025281906128,1.2325188825642526,123251.88825642526,0.002289247521502391,0.002289247521502391,0.23251888256425257,1.2910530392219202,-0.04533830515045645,Daily
2008-02-01,1.4799906015396118,1.227119582928347,122711.9582928347,-0.004380703380926998,-0.004380703380926998,0.227119582928347,1.2910530392219202,-0.04952039486472526,Daily
2008-02-04,1.4827995300292969,1.2294485782295013,122944.85782295013,0.001897936707681236,0.001897936707681236,0.22944857822950127,1.2910530392219202,-0.047716444732236685,Daily
2008-02-05,1.4638073444366455,1.213701395214212,121370.1395214212,-0.012808329924596351,-0.012808329924596351,0.21370139521421194,1.2910530392219202,-0.059913606689873666,Daily
2008-02-06,1.4617104530334473,1.211962778427415,121196.27784274149,-0.0014324913802130634,-0.0014324913802130634,0.21196277842741496,1.2910530392219202,-0.06126027234494613,Daily
2008-02-07,1.4478904008865356,1.2005040187508846,120050.40187508846,-0.009454712537788179,-0.009454712537788179,0.20050401875088464,1.2910530392219202,-0.07013578661772624,Daily
2008-02-08,1.5570987462997437,1.2910530392219202,129105.30392219202,0.0754258370290597,0.0754258370290597,0.29105303922192016,1.2910530392219202,0.0,Daily
2008-02-11,1.450200080871582,1.2024190670876775,120241.90670876775,-0.06865246387372259,-0.06865246387372259,0.20241906708767754,1.2910530392219202,-0.06865246387372259,Daily
2008-02-12,1.4581936597824097,1.2090468640540608,120904.68640540609,0.005512052451427163,0.005512052451427163,0.2090468640540608,1.2910530392219202,-0.06351882740408721,Daily
2008-02-13,1.455604076385498,1.2068997365691494,120689.97365691494,-0.001775884416681639,-0.001775884416681639,0.2068997365691494,1.2910530392219202,-0.06518190972501603,Daily
2008-02-14,1.4644076824188232,1.2141991595199715,121419.91595199714,0.006048077342010405,0.006048077342010405,0.21419915951997148,1.2910530392219202,-0.05952805761432256,Daily
2008-02-15,1.4676098823547363,1.216854231954704,121685.4231954704,0.002186686108218261,0.002186686108218261,0.216854231954704,1.2910530392219202,-0.05747154068273885,Daily
2008-02-18,1.46500825881958,1.2146971215081401,121469.71215081401,-0.00177269420602566,-0.00177269420602566,0.21469712150814013,1.2910530392219202,-0.05914235542158475,Daily
2008-02-19,1.4729926586151123,1.221317307701778,122131.7307701778,0.005450071525170408,0.005450071525170408,0.22131730770177804,1.2910530392219202,-0.054014613963629055,Daily
2008-02-20,1.4722987413406372,1.220741953050502,122074.19530505019,-0.0004710935050603604,-0.0004710935050603604,0.22074195305050193,1.2910530392219202,-0.05446026153487282,Daily
2008-02-21,1.4815034866333008,1.2283739766543984,122837.39766543984,0.0062519548745127995,0.0062519548745127995,0.2283739766543984,1.2910530392219202,-0.0485487897579302,Daily
2008-02-22,1.482601761817932,1.2292846006712692,122928.46006712691,0.0007413247383756261,0.0007413247383756261,0.2292846006712692,1.2910530392219202,-0.04784345543842028,Daily
2008-02-25,1.4835914373397827,1.2301051803508596,123010.51803508596,0.0006675262011273109,0.0006675262011273109,0.23010518035085958,1.2910530392219202,-0.047207865997350607,Daily
2008-02-26,1.4996100664138794,1.2433868683616083,124338.68683616082,0.010797197038842077,0.010797197038842077,0.24338686836160828,1.2910530392219202,-0.03692038158946509,Daily
2008-02-27,1.511807203292847,1.253500003880353,125350.0003880353,0.008133538945984453,0.008133538945984453,0.253500003880353,1.2910530392219202,-0.029087136005039205,Daily
2008-02-28,1.5195951461791992,1.2599572997690083,125995.72997690082,0.005151412739262895,0.005151412739262895,0.2599572997690083,1.2910530392219202,-0.024085563108741326,Daily
2008-02-29,1.519202709197998,1.2596319145238613,125963.19145238612,-0.000258251009940369,-0.000258251009940369,0.25963191452386125,1.2910530392219202,-0.02433759399768387,Daily
2008-03-03,1.5200109481811523,1.2603020578902333,126030.20578902333,0.0005320152328986971,0.0005320152328986971,0.2603020578902333,1.2910530392219202,-0.02381852673552398,Daily
2008-03-04,1.521005153656006,1.2611263935355939,126112.63935355938,0.0006540778380863532,0.0006540778380863532,0.26112639353559386,1.2910530392219202,-0.023180028067911307,Daily
2008-03-05,1.527697205543518,1.2666750422314677,126667.50422314677,0.004399756221355355,0.004399756221355355,0.26667504223146765,1.2910530392219202,-0.018882258319258827,Daily
2008-03-06,1.5385088920593262,1.2756394452717499,127563.94452717499,0.00707711349904705,0.00707711349904705,0.2756394452717499,1.2910530392219202,-0.011938776705455623,Daily
2008-03-07,1.5336012840270996,1.2715703505657314,127157.03505657314,-0.003189847037970539,-0.003189847037970539,0.2715703505657314,1.2910530392219202,-0.015090540871915192,Daily
2008-03-10,1.534095287322998,1.2719799485170953,127197.99485170953,0.00032211977196672237,0.00032211977196672237,0.2719799485170953,1.2910530392219202,-0.014773282061533055,Daily
2008-03-11,1.5341894626617432,1.2720580330686342,127205.80330686342,6.138819376033666e-05,6.138819376033666e-05,0.2720580330686342,1.2910530392219202,-0.01471280077287429,Daily
2008-03-12,1.5540015697479248,1.2884850458883341,128848.50458883341,0.012913729085199277,0.012913729085199277,0.2884850458883341,1.2910530392219202,-0.0019890688109402976,Daily
2008-03-13,1.5622069835662842,1.2952884836750778,129528.84836750777,0.005280183738611388,0.005280183738611388,0.29528848367507776,1.2952884836750778,0.0,Daily
2008-03-14,1.561792254447937,1.294944615124693,129494.46151246931,-0.0002654764206727611,-0.0002654764206727611,0.29494461512469305,1.2952884836750778,-0.0002654764206727611,Daily
2008-03-17,1.574803113937378,1.3057324407052155,130573.24407052156,0.008330723534059281,0.008330723534059281,0.30573244070521555,1.3057324407052155,0.0,Daily
2008-03-18,1.565802812576294,1.298269929767002,129826.99297670019,-0.005715191493736005,-0.005715191493736005,0.29826992976700195,1.3057324407052155,-0.005715191493736005,Daily
2008-03-19,1.563892841339111,1.2966862959888288,129668.62959888288,-0.0012198031717929325,-0.0012198031717929325,0.2966862959888288,1.3057324407052155,-0.006928023256817517,Daily
2008-03-20,1.54421067237854,1.2803670200820116,128036.70200820116,-0.012585369304279115,-0.012585369304279115,0.28036702008201164,1.3057324407052155,-0.019426200829860907,Daily
2008-03-21,1.5697108507156372,1.3015102409734582,130151.02409734583,0.01651340635913301,0.01651340635913301,0.30151024097345824,1.3057324407052155,-0.0032335872190453196,Daily
2008-03-24,1.5434956550598145,1.2797741705375425,127977.41705375425,-0.01670065263540177,-0.01670065263540177,0.2797741705375425,1.3057324407052155,-0.019880236837535592,Daily
2008-03-25,1.5612071752548218,1.2944595024931067,129445.95024931067,0.011474940105562492,0.011474940105562492,0.2944595024931067,1.3057324407052155,-0.008633421258968155,Daily
2008-03-26,1.5824036598205566,1.312034358220429,131203.4358220429,0.0135769838248887,0.0135769838248887,0.312034358220429,1.312034358220429,0.0,Daily
2008-03-27,1.5814026594161987,1.3112043886264135,131120.43886264134,-0.0006325822100735623,-0.0006325822100735623,0.31120438862641353,1.312034358220429,-0.0006325822100735623,Daily
2008-03-28,1.5760937929153442,1.3068025944261168,130680.25944261168,-0.0033570618268811137,-0.0033570618268811137,0.3068025944261168,1.312034358220429,-0.003987520419364898,Daily
2008-03-31,1.5757957696914673,1.3065554914149176,130655.54914149175,-0.00018908977702769558,-0.00018908977702769558,0.30655549141491756,1.312034358220429,-0.004175856197045524,Daily
2008-04-02,1.5677913427352903,1.2999186998989267,129991.86998989267,-0.005079609369521343,-0.005079609369521343,0.2999186998989267,1.312034358220429,-0.009234253848302676,Daily
2008-04-03,1.5667105913162231,1.2990226055391145,129902.26055391146,-0.0006893464644226466,-0.0006893464644226466,0.2990226055391145,1.312034358220429,-0.009917234712483403,Daily
2008-04-04,1.5736879110336304,1.3048077812373085,130480.77812373085,0.004453483467897756,0.004453483467897756,0.30480778123730845,1.312034358220429,-0.005507917485424896,Daily
2008-04-07,1.5704996585845947,1.3021642732235001,130216.42732235002,-0.0020259750530469134,-0.0020259750530469134,0.30216427322350015,1.312034358220429,-0.007522733635052181,Daily
2008-04-08,1.5578023195266724,1.2916364000107592,129163.64000107592,-0.008084904054907915,-0.008084904054907915,0.2916364000107592,1.312034358220429,-0.015546817110290045,Daily
2008-04-09,1.5824036598205566,1.312034358220429,131203.4358220429,0.015792337696196812,0.015792337696196812,0.312034358220429,1.312034358220429,0.0,Daily
2008-04-10,1.57420814037323,1.3052391242536576,130523.91242536576,-0.005179158551905649,-0.005179158551905649,0.3052391242536576,1.312034358220429,-0.005179158551905649,Daily
2008-04-11,1.582203388214111,1.311868304996903,131186.83049969032,0.00507890134463751,0.00507890134463751,0.3118683049969031,1.312034358220429,-0.00012656164260149705,Daily
2008-04-14,1.5825037956237793,1.312117384832192,131211.7384832192,0.00018986649371766084,0.00018986649371766084,0.3121173848321921,1.312117384832192,0.0,Daily
2008-04-15,1.5786067247390747,1.3088861670165477,130888.61670165477,-0.002462598128030735,-0.002462598128030735,0.3088861670165477,1.312117384832192,-0.002462598128030735,Daily
2008-04-16,1.5958125591278076,1.3231522145827095,132315.22145827094,0.010899379889298899,0.010899379889298899,0.3231522145827095,1.3231522145827095,0.0,Daily
2008-04-17,1.5902043581008911,1.318502230117964,131850.22301179642,-0.003514323154582666,-0.003514323154582666,0.3185022301179641,1.3231522145827095,-0.003514323154582666,Daily
2008-04-18,1.5733908414840698,1.304561468955745,130456.1468955745,-0.010573179812499722,-0.010573179812499722,0.304561468955745,1.3231522145827095,-0.014050345396449782,Daily
2008-04-21,1.5911911725997925,1.3193204376086467,131932.04376086468,0.011313356253512374,0.011313356253512374,0.3193204376086467,1.3231522145827095,-0.0028959457058923554,Daily
2008-04-22,1.5987977981567385,1.325627396025289,132562.7396025289,0.0047804598768090845,0.0047804598768090845,0.3256273960252889,1.325627396025289,0.0,Daily
2008-04-23,1.58740234375,1.31617896760667,131617.896760667,-0.007127514448591499,-0.007127514448591499,0.31617896760666997,1.325627396025289,-0.007127514448591499,Daily
2008-04-24,1.568406105041504,1.3004284239904287,130042.84239904287,-0.011966870770532045,-0.011966870770532045,0.3004284239904287,1.325627396025289,-0.019009091174802095,Daily
2008-04-25,1.5636972188949585,1.2965240975722778,129652.40975722778,-0.0030023385725223006,-0.0030023385725223006,0.2965240975722778,1.325627396025289,-0.021954358019661724,Daily
2008-04-28,1.5652881860733032,1.2978432322872633,129784.32322872632,0.0010174394116202468,0.0010174394116202468,0.2978432322872633,1.325627396025289,-0.020959255837147417,Daily
2008-04-29,1.556710958480835,1.2907315087837476,129073.15087837477,-0.0054796475618879015,-0.0054796475618879015,0.29073150878374765,1.325627396025289,-0.02632405406388838,Daily
2008-04-30,1.5622069835662842,1.2952884836750778,129528.84836750777,0.0035305366455524734,0.0035305366455524734,0.29528848367507776,1.325627396025289,-0.022886455455868093,Daily
2008-05-02,1.5434004068374634,1.2796951964151633,127969.51964151632,-0.012038466686334015,-0.012038466686334015,0.27969519641516327,1.325627396025289,-0.03464940431062835,Daily
2008-05-05,1.5498108863830566,1.2850103821860566,128501.03821860565,0.004153477942077766,0.004153477942077766,0.28501038218605657,1.325627396025289,-0.03063984190506086,Daily
2008-05-06,1.553591012954712,1.2881446367801064,128814.46367801064,0.0024390889268286475,0.0024390889268286475,0.2881446367801064,1.325627396025289,-0.028275486277342665,Daily
2008-05-07,1.5385088920593262,1.2756394452717499,127563.94452717499,-0.009707909462414843,-0.009707909462414843,0.2756394452717499,1.325627396025289,-0.0377088998789713,Daily
2008-05-08,1.5464078187942505,1.2821887623217758,128218.87623217759,0.005134144349566272,0.005134144349566272,0.2821887623217758,1.325627396025289,-0.032768358464646874,Daily
2008-05-09,1.5489946603775024,1.2843336164589845,128433.36164589845,0.0016728068442315447,0.0016728068442315447,0.2843336164589845,1.325627396025289,-0.031150366754729264,Daily
2008-05-12,1.5540015697479248,1.2884850458883341,128848.50458883341,0.0032323606391269077,0.0032323606391269077,0.2884850458883341,1.325627396025289,-0.02801869533499457,Daily
2008-05-13,1.547700047492981,1.2832602009783354,128326.02009783353,-0.004055029529967502,-0.004055029529967502,0.2832602009783354,1.325627396025289,-0.03196010822798756,Daily
2008-05-14,1.546910047531128,1.2826051803162488,128260.51803162489,-0.0005104347984821178,-0.0005104347984821178,0.2826051803162488,1.325627396025289,-0.03245422947506682,Daily
2008-05-15,1.5450935363769531,1.281099038042388,128109.90380423878,-0.001174283635350326,-0.001174283635350326,0.2810990380423879,1.325627396025289,-0.033590402639846695,Daily
2008-05-16,1.5596001148223877,1.2931270242155166,129312.70242155166,0.009388802751353564,0.009388802751353564,0.2931270242155166,1.325627396025289,-0.024516973553217247,Daily
2008-05-19,1.5527950525283811,1.2874846740577957,128748.46740577956,-0.004363337902665743,-0.004363337902665743,0.28748467405779565,1.325627396025289,-0.02877333561591966,Daily
2008-05-20,1.5654107332229614,1.2979448410454684,129794.48410454683,0.008124498254961976,0.008124498254961976,0.29794484104546837,1.325627396025289,-0.020882606275958726,Daily
2008-05-21,1.5788060426712036,1.3090514295104376,130905.14295104376,0.008557057367725385,0.008557057367725385,0.3090514295104376,1.325627396025289,-0.012504242568124324,Daily
2008-05-22,1.573192834854126,1.3043972937151045,130439.72937151045,-0.0035553498437213005,-0.0035553498437213005,0.3043972937151045,1.325627396025289,-0.01601513545498523,Daily
2008-05-23,1.5785070657730105,1.308803535769603,130880.3535769603,0.003377990797534647,0.003377990797534647,0.30880353576960307,1.325627396025289,-0.01269124363763896,Daily
2008-05-26,1.5779341459274292,1.3083285049408735,130832.85049408735,-0.00036295044729550696,-0.00036295044729550696,0.3083285049408735,1.325627396025289,-0.013049587792379524,Daily
2008-05-27,1.569095015525818,1.3009996273111166,130099.96273111166,-0.005601710581157215,-0.005601710581157215,0.3009996273111166,1.325627396025289,-0.018578198359520348,Daily
2008-05-28,1.5656068325042725,1.2981074348268373,129810.74348268373,-0.002223054045185857,-0.002223054045185857,0.2981074348268373,1.325627396025289,-0.020759952065690812,Daily
2008-05-29,1.5518070459365845,1.2866654781550684,128666.54781550684,-0.00881433721492808,-0.00881433721492808,0.2866654781550684,1.325627396025289,-0.029391304062546086,Daily
2008-05-30,1.5540982484817505,1.2885652061051671,128856.52061051672,0.001476473863915917,0.001476473863915917,0.2885652061051671,1.325627396025289,-0.027958225690905003,Daily
2008-06-02,1.5546056032180786,1.2889858742714326,128898.58742714327,0.0003264624593868337,0.0003264624593868337,0.28898587427143263,1.325627396025289,-0.027640890542637298,Daily
2008-06-03,1.5450220108032229,1.2810397333197001,128103.97333197002,-0.0061646454863004685,-0.0061646454863004685,0.2810397333197001,1.325627396025289,-0.03363513973781673,Daily
2008-06-04,1.5432575941085815,1.2795767846521968,127957.67846521968,-0.001142001008596516,-0.001142001008596516,0.2795767846521968,1.325627396025289,-0.03473872938290845,Daily
2008-06-05,1.5588949918746948,1.2925423784910195,129254.23784910195,0.010132720438771337,0.010132720438771337,0.2925423784910195,1.325627396025289,-0.024958006777372144,Daily
2008-06-06,1.5785070657730105,1.308803535769603,130880.3535769603,0.012580753675223821,0.012580753675223821,0.30880353576960307,1.325627396025289,-0.01269124363763896,Daily
2008-06-09,1.5643576383590698,1.297071677845095,129707.1677845095,-0.008963803660271608,-0.008963803660271608,0.29707167784509503,1.325627396025289,-0.02154128548173817,Daily
2008-06-10,1.5464078187942505,1.2821887623217758,128218.87623217759,-0.011474242925452738,-0.011474242925452738,0.2821887623217758,1.325627396025289,-0.032768358464646874,Daily
2008-06-11,1.555790662765503,1.2899684546851649,128996.84546851649,0.006067509396433746,0.006067509396433746,0.28996845468516486,1.325627396025289,-0.026899671391103164,Daily
2008-06-12,1.5460968017578125,1.2819308856192886,128193.08856192886,-0.006230826061431105,-0.006230826061431105,0.2819308856192886,1.325627396025289,-0.03296289027898658,Daily
2008-06-13,1.5369009971618652,1.2743062751057284,127430.62751057284,-0.005947754749568102,-0.005947754749568102,0.27430627510572836,1.325627396025289,-0.038714589841338354,Daily
2008-06-16,1.547388792037964,1.2830021265934393,128300.21265934393,0.0068239885948842005,0.0068239885948842005,0.28300212659343926,1.325627396025289,-0.03215478916598713,Daily
2008-06-17,1.5521925687789917,1.2869851306103555,128698.51306103554,0.003104440697609512,0.003104440697609512,0.28698513061035547,1.325627396025289,-0.029150171104487588,Daily
2008-06-18,1.553808331489563,1.2883248242958727,128832.48242958727,0.0010409550612926477,0.0010409550612926477,0.2883248242958727,1.325627396025289,-0.02813956006134366,Daily
2008-06-19,1.550988793373108,1.2859870321275202,128598.70321275202,-0.0018145984027205797,-0.0018145984027205797,0.2859870321275202,1.325627396025289,-0.029903096463323564,Daily
2008-06-20,1.5627930164337158,1.2957743870362997,129577.43870362996,0.007610772631654994,0.007610772631654994,0.29577438703629966,1.325627396025289,-0.02251990949983329,Daily
2008-06-23,1.5522888898849487,1.2870649943035752,128706.49943035752,-0.006721380527241805,-0.006721380527241805,0.28706499430357524,1.325627396025289,-0.029089925145887707,Daily
2008-06-24,1.5570018291473389,1.2909726813226783,129097.26813226783,0.0030361225240358447,0.0030361225240358447,0.2909726813226783,1.325627396025289,-0.02614212319880982,Daily
2008-06-25,1.5673980712890625,1.2995926227653487,129959.26227653486,0.006677090512743344,0.006677090512743344,0.2995926227653487,1.325627396025289,-0.019639586008860288,Daily
2008-06-26,1.5752992630004885,1.30614381779826,130614.381779826,0.005040960465727551,0.005040960465727551,0.30614381779826005,1.325627396025289,-0.014697627919766698,Daily
2008-06-27,1.5752992630004885,1.30614381779826,130614.381779826,0.0,0.0,0.30614381779826005,1.325627396025289,-0.014697627919766698,Daily
2008-06-30,1.57500159740448,1.305897011310674,130589.7011310674,-0.00018895812560826286,-0.00018895812560826286,0.30589701131067404,1.325627396025289,-0.014883808809152299,Daily
2008-07-02,1.5878056287765503,1.3165133474014246,131651.33474014245,0.00812953548312012,0.00812953548312012,0.31651334740142456,1.325627396025289,-0.006875271777870284,Daily
2008-07-03,1.5700066089630127,1.3017554660017723,130175.54660017723,-0.011209822846674378,-0.011209822846674378,0.3017554660017723,1.325627396025289,-0.018008024045891968,Daily
2008-07-04,1.5713881254196167,1.302900936720487,130290.0936720487,0.00087994308349848,0.00087994308349848,0.3029009367204869,1.325627396025289,-0.017143926998600123,Daily
2008-07-07,1.5720057487487793,1.3034130330008962,130341.30330008961,0.00039304314393873163,0.00039304314393873163,0.30341303300089617,1.325627396025289,-0.016757622157628438,Daily
2008-07-08,1.5333895683288574,1.2713948085865758,127139.48085865758,-0.024564910434111242,-0.024564910434111242,0.27139480858657583,1.325627396025289,-0.04091088310434898,Daily
2008-07-09,1.5735888481140137,1.304725644196386,130472.5644196386,0.026215960128753713,0.026215960128753713,0.3047256441963859,1.325627396025289,-0.015767441055891007,Daily
2008-07-10,1.5785070657730105,1.308803535769603,130880.3535769603,0.0031254782117269286,0.0031254782117269286,0.30880353576960307,1.325627396025289,-0.01269124363763896,Daily
2008-07-11,1.59489643573761,1.3223926199262834,132239.26199262834,0.010382829649592695,0.010382829649592695,0.32239261992628343,1.325627396025289,-0.002440185008777296,Daily
2008-07-14,1.589092493057251,1.3175803382037825,131758.03382037824,-0.003639071823290374,-0.003639071823290374,0.3175803382037825,1.325627396025289,-0.00607037682355871,Daily
2008-07-15,1.5899008512496948,1.3182505804113591,131825.05804113593,0.000508691719315113,0.000508691719315113,0.3182505804113591,1.325627396025289,-0.0055647730546668495,Daily
2008-07-16,1.582203388214111,1.311868304996903,131186.83049969032,-0.004841473623675152,-0.004841473623675152,0.3118683049969031,1.325627396025289,-0.01037930497637607,Daily
2008-07-17,1.585590124130249,1.3146763836161703,131467.63836161702,0.002140518685123549,0.002140518685123549,0.31467638361617034,1.325627396025289,-0.008261003387493138,Daily
2008-07-18,1.5853890180587769,1.3145096385042132,131450.9638504213,-0.0001268335797578457,-0.0001268335797578457,0.3145096385042132,1.325627396025289,-0.008386789194618882,Daily
2008-07-21,1.5913937091827393,1.3194883688150576,131948.83688150576,0.003787519060346911,0.003787519060346911,0.3194883688150576,1.325627396025289,-0.004631035258201743,Daily
2008-07-22,1.5792051553726196,1.3093823498630357,130938.23498630356,-0.007659043604224758,-0.007659043604224758,0.3093823498630357,1.325627396025289,-0.01225460956145119,Daily
2008-07-23,1.5692428350448608,1.301122190404671,130112.2190404671,-0.006308439593086579,-0.006308439593086579,0.30112219040467103,1.325627396025289,-0.01848574169038253,Daily
2008-07-24,1.568873643875122,1.3008160791943977,130081.60791943976,-0.00023526707370824518,-0.00023526707370824518,0.3008160791943977,1.325627396025289,-0.018716659677737946,Daily
2008-07-25,1.5672998428344729,1.2995111776128576,129951.11776128576,-0.001003140722513396,-0.001003140722513396,0.2995111776128576,1.325627396025289,-0.01970102495673909,Daily
2008-07-28,1.5741338729858398,1.3051775461832669,130517.75461832668,0.0043603846338728935,0.0043603846338728935,0.30517754618326687,1.325627396025289,-0.015426544369359085,Daily
2008-07-29,1.5590895414352417,1.2927036873367304,129270.36873367304,-0.009557212260518755,-0.009557212260518755,0.29270368733673036,1.325627396025289,-0.024836321870893574,Daily
2008-07-30,1.5573655366897583,1.2912742458375455,129127.42458375455,-0.0011057766085048604,-0.0011057766085048604,0.29127424583754546,1.325627396025289,-0.025914635055632185,Daily
2008-07-31,1.5593082904815674,1.2928850609469504,129288.50609469504,0.001247461656264992,0.001247461656264992,0.29288506094695044,1.325627396025289,-0.024699500912935157,Daily
2008-08-08,1.5048909187316897,1.2477654348788523,124776.54348788522,-0.03489840468498495,-0.03489840468498495,0.24776543487885228,1.325627396025289,-0.058735932419543335,Daily
2008-08-26,1.464793682098389,1.2145192073400768,121451.92073400768,-0.026644613329911193,-0.026644613329911193,0.2145192073400768,1.325627396025289,-0.083815549541564,Daily
2008-08-27,1.4725805521011353,1.220975613657892,122097.5613657892,0.005316018288385349,0.005316018288385349,0.22097561365789198,1.325627396025289,-0.07894509624739265,Daily
2008-08-28,1.4714103937149048,1.2200053883947197,122000.53883947198,-0.00079463115587175,-0.00079463115587175,0.22000538839471973,1.325627396025289,-0.07967699517018301,Daily
2008-08-29,1.4670931100845337,1.2164257553332847,121642.57553332846,-0.002934112501048136,-0.002934112501048136,0.21642575533328468,1.325627396025289,-0.08237732640365636,Daily
2008-09-01,1.4574922323226929,1.2084652824069024,120846.52824069024,-0.00654415026275168,-0.00654415026275168,0.20846528240690243,1.325627396025289,-0.08838238706417878,Daily
2008-09-02,1.4515894651412964,1.203571061325888,120357.10613258881,-0.0040499476089760345,-0.0040499476089760345,0.2035710613258881,1.325627396025289,-0.09207439063598855,Daily
2008-09-03,1.4486035108566284,1.2010952868360816,120109.52868360815,-0.0020570239426320747,-0.0020570239426320747,0.20109528683608158,1.325627396025289,-0.09394201535257918,Daily
2008-09-04,1.4264928102493286,1.182762417911605,118276.2417911605,-0.01526345921543737,-0.01526345921543737,0.18276241791160497,1.325627396025289,-0.1077715944480665,Daily
2008-09-05,1.4274905920028689,1.1835897187930997,118358.97187930997,0.0006994649719724855,0.0006994649719724855,0.1835897187930997,1.325627396025289,-0.10714751193138405,Daily
2008-09-08,1.5050041675567627,1.247859334023108,124785.9334023108,0.05430058592900222,0.05430058592900222,0.2478593340231079,1.325627396025289,-0.05866509868109082,Daily
2008-09-09,1.414847493171692,1.1731068183283966,117310.68183283966,-0.0599046011490002,-0.0599046011490002,0.17310681832839658,1.325627396025289,-0.11505539049223357,Daily
2008-09-10,1.3984057903289795,1.1594743428829497,115947.43428829497,-0.011620830458450748,-0.011620830458450748,0.1594743428829497,1.325627396025289,-0.12533918176444314,Daily
2008-09-11,1.3995996713638306,1.1604642375458136,116046.42375458137,0.0008537443445300053,0.0008537443445300053,0.16046423754581363,1.325627396025289,-0.12459244503749267,Daily
2008-09-12,1.4239943027496338,1.1806908051069158,118069.08051069158,0.017429720715804287,0.017429720715804287,0.18069080510691582,1.325627396025289,-0.10933433584199115,Daily
2008-09-15,1.4268999099731443,1.1830999606249029,118309.99606249029,0.0020404626745347265,0.0020404626745347265,0.18309996062490286,1.325627396025289,-0.107516965798787,Daily
2008-09-16,1.4135074615478516,1.171995744348841,117199.5744348841,-0.009385695753211576,-0.009385695753211576,0.1719957443488409,1.325627396025289,-0.11589354002270269,Daily
2008-09-17,1.4329315423965454,1.18810102904796,118810.10290479599,0.013741760391857927,0.013741760391857927,0.1881010290479599,1.325627396025289,-0.1037443608888009,Daily
2008-09-18,1.430492281913757,1.186078540321897,118607.8540321897,-0.0017022868229341626,-0.0017022868229341626,0.18607854032189697,1.325627396025289,-0.10527004505324045,Daily
2008-09-19,1.441794753074646,1.195449872601022,119544.9872601022,0.007901106006505954,0.007901106006505954,0.1954498726010221,1.325627396025289,-0.09820068883200983,Daily
2008-09-22,1.4795963764190674,1.226792715065133,122679.2715065133,0.02621844979239163,0.02621844979239163,0.226792715065133,1.325627396025289,-0.07455690886933841,Daily
2008-09-23,1.4692918062210083,1.2182487825087074,121824.87825087074,-0.006964446765541754,-0.006964446765541754,0.21824878250870738,1.325627396025289,-0.08100210801205643,Daily
2008-09-24,1.463314652442932,1.2132928845160973,121329.28845160973,-0.004068050847877314,-0.004068050847877314,0.2132928845160973,1.325627396025289,-0.0847406381657555,Daily
2008-09-25,1.4641932249069214,1.2140213441931127,121402.13441931127,0.0006003988701424046,0.0006003988701424046,0.2140213441931127,1.325627396025289,-0.08419111747902286,Daily
2008-09-26,1.459896683692932,1.2104589095012568,121045.89095012569,-0.002934408615545059,-0.002934408615545059,0.21045890950125679,1.325627396025289,-0.08687847495408507,Daily
2008-09-29,1.4393253326416016,1.193402377050226,119340.2377050226,-0.01409096361483142,-0.01409096361483142,0.193402377050226,1.325627396025289,-0.09974523713942651,Daily
2008-09-30,1.409641981124878,1.1687907194523839,116879.0719452384,-0.020623100867852795,-0.020623100867852795,0.16879071945238389,1.325627396025289,-0.11831128192066498,Daily
2008-10-01,1.4016202688217163,1.1621395959617435,116213.95959617435,-0.00569060258602716,-0.00569060258602716,0.16213959596174354,1.325627396025289,-0.1233286220198383,Daily
2008-10-02,1.380795955657959,1.1448733224748067,114487.33224748066,-0.014857314514482134,-0.014857314514482134,0.14487332247480667,1.325627396025289,-0.1363536044083341,Daily
2008-10-03,1.3784927129745483,1.1429636115630553,114296.36115630553,-0.001668054337770175,-0.001668054337770175,0.14296361156305526,1.325627396025289,-0.13779421352480026,Daily
2008-10-06,1.3504936695098877,1.119748481343306,111974.8481343306,-0.020311346734828595,-0.020311346734828595,0.11974848134330607,1.325627396025289,-0.15530677421067363,Daily
2008-10-07,1.3588064908981323,1.1266409750552857,112664.09750552857,0.006155394561206284,0.006155394561206284,0.1266409750552857,1.325627396025289,-0.15010735412276222,Daily
2008-10-08,1.4957072734832764,1.2401509061681488,124015.09061681488,0.10075075700783298,0.10075075700783298,0.24015090616814883,1.325627396025289,-0.06448002667524033,Daily
2008-10-09,1.3598041534423828,1.127468177095576,112746.8177095576,-0.09086211082225715,-0.09086211082225715,0.1274681770955759,1.325627396025289,-0.1494833461679097,Daily
2008-10-10,1.3398001194000244,1.1108820299366635,111088.20299366635,-0.01471096701074015,-0.01471096701074015,0.11088202993666352,1.325627396025289,-0.16199526860451874,Daily
2008-10-13,1.3621937036514282,1.1294494490393705,112944.94490393705,0.016714123194310426,0.016714123194310426,0.1294494490393705,1.325627396025289,-0.14798875428655967,Daily
2008-10-14,1.3618041276931765,1.129126435983131,112912.6435983131,-0.00028599160105324817,-0.00028599160105324817,0.129126435983131,1.325627396025289,-0.14823242234683665,Daily
2008-10-15,1.3443931341171265,1.11469028270406,111469.028270406,-0.012785240712659074,-0.012785240712659074,0.1146902827040599,1.325627396025289,-0.1591224758583708,Daily
2008-10-16,1.3489997386932373,1.1185098033687673,111850.98033687673,0.0034265308704779507,0.0034265308704779507,0.11850980336876726,1.325627396025289,-0.15624118306360835,Daily
2008-10-17,1.3422999382019043,1.1129547299946019,111295.4729994602,-0.004966495025286677,-0.004966495025286677,0.11295472999460188,1.325627396025289,-0.16043170703046472,Daily
2008-10-20,1.3313274383544922,1.1038569901694768,110385.69901694768,-0.008174402408235637,-0.008174402408235637,0.1038569901694768,1.325627396025289,-0.16729467610639315,Daily
2008-10-21,1.3061139583587646,1.0829514823748034,108295.14823748035,-0.01893860163123462,-0.01893860163123462,0.08295148237480343,1.325627396025289,-0.18306495051182237,Daily
2008-10-22,1.2816734313964844,1.0626868609499764,106268.68609499764,-0.018712400097914528,-0.018712400097914528,0.06268686094997644,1.325627396025289,-0.19835176601185478,Daily
2008-10-23,1.2944984436035156,1.0733205930927154,107332.05930927154,0.010006458660110962,0.010006458660110962,0.07332059309271544,1.325627396025289,-0.19033010609850143,Daily
2008-10-24,1.262993097305298,1.0471982465256062,104719.82465256062,-0.024337878854852724,-0.024337878854852724,0.047198246525606224,1.325627396025289,-0.21003575388869766,Daily
2008-10-27,1.246463179588318,1.0334926285888444,103349.26285888444,-0.013087892366354104,-0.013087892366354104,0.033492628588844386,1.325627396025289,-0.22037472091507038,Daily
2008-10-28,1.2809016704559326,1.0620469629921752,106204.69629921751,0.027628967651486258,0.027628967651486258,0.06204696299217516,1.325627396025289,-0.19883447929895182,Daily
2008-10-29,1.2959243059158323,1.0745028327394963,107450.28327394964,0.01172817227613776,0.01172817227613776,0.07450283273949632,1.325627396025289,-0.18943827205046837,Daily
2008-10-30,1.2868025302886963,1.066939602613918,106693.9602613918,-0.00703881822842245,-0.00703881822842245,0.06693960261391796,1.325627396025289,-0.19514366871642108,Daily
2008-10-31,1.2701960802078247,1.05317052862388,105317.052862388,-0.012905204714779406,-0.012905204714779406,0.05317052862387994,1.325627396025289,-0.205530504437622,Daily
2008-11-03,1.2617977857589722,1.0462071657682888,104620.71657682888,-0.006611809451874673,-0.006611809451874673,0.04620716576828876,1.325627396025289,-0.21078338535760743,Daily
2008-11-04,1.2983977794647217,1.0765536888912448,107655.36888912448,0.02900622755787663,0.02900622755787663,0.07655368889124481,1.325627396025289,-0.1878911886408332,Daily
2008-11-05,1.2918059825897217,1.071088165648338,107108.8165648338,-0.005076870108109421,-0.005076870108109421,0.07108816564833798,1.325627396025289,-0.19201415958975476,Daily
2008-11-06,1.2695027589797974,1.0525956681786264,105259.56681786264,-0.01726514965135284,-0.01726514965135284,0.052595668178626376,1.325627396025289,-0.2059641560406118,Daily
2008-11-07,1.2714072465896606,1.0541747552613934,105417.47552613934,0.0015001839077481982,0.0015001839077481982,0.05417475526139337,1.325627396025289,-0.20477295624532876,Daily
2008-11-10,1.2747948169708252,1.0569835257690914,105698.35257690914,0.0026644258873393944,0.0026644258873393944,0.05698352576909138,1.325627396025289,-0.20265413272363653,Daily
2008-11-11,1.2515957355499268,1.0377482366477155,103774.82366477155,-0.01819828658860101,-0.01819828658860101,0.03774823664771554,1.325627396025289,-0.2171644613265683,Daily
2008-11-12,1.2459040880203247,1.0330290633398345,103302.90633398344,-0.004547512721510993,-0.004547512721510993,0.033029063339834464,1.325627396025289,-0.22072441589753666,Daily
2008-11-13,1.2788705825805664,1.0603629065502507,106036.29065502506,0.026459897577367775,0.026459897577367775,0.06036290655025067,1.325627396025289,-0.20010486375764203,Daily
2008-11-14,1.2596997022628784,1.0444675605694467,104446.75605694467,-0.014990477206070274,-0.014990477206070274,0.044467560569446674,1.325627396025289,-0.21209567356472958,Daily
2008-11-17,1.2643983364105225,1.0483633866440123,104836.33866440124,0.0037299636883327825,0.0037299636883327825,0.048363386644012296,1.325627396025289,-0.2091568190372457,Daily
2008-11-18,1.2636953592300415,1.0477805200611956,104778.05200611956,-0.000555977622113013,-0.000555977622113013,0.0477805200611956,1.325627396025289,-0.2095965101484617,Daily
2008-11-19,1.2505314350128174,1.0368657823741212,103686.57823741212,-0.010417007644346055,-0.010417007644346055,0.03686578237412119,1.325627396025289,-0.21783014934436296,Daily
2008-11-20,1.243904948234558,1.0313714963407108,103137.14963407107,-0.005298936590259595,-0.005298936590259595,0.03137149634071079,1.325627396025289,-0.22197481778580008,Daily
2008-11-21,1.2590969800949097,1.0439678194395976,104396.78194395977,0.012213177447290668,0.012213177447290668,0.0439678194395976,1.325627396025289,-0.21247265817695737,Daily
2008-11-24,1.291772723197937,1.071060588952288,107106.0588952288,0.025951728595651202,0.025951728595651202,0.07106058895228795,1.325627396025289,-0.19203496234031103,Daily
2008-11-25,1.303407073020935,1.0807070951446842,108070.70951446843,0.009006499064476259,0.009006499064476259,0.08070709514468422,1.325627396025289,-0.18475802598449942,Daily
2008-11-26,1.289923071861267,1.0695269688235818,106952.69688235818,-0.010345195632870063,-0.010345195632870063,0.06952696882358178,1.325627396025289,-0.1931918636938169,Daily
2008-11-27,1.289507269859314,1.0691822107023568,106918.22107023567,-0.00032234635616923413,-0.00032234635616923413,0.06918221070235675,1.325627396025289,-0.19345193535668292,Daily
2008-11-28,1.269792914390564,1.05283624767033,105283.62476703299,-0.015288285634016519,-0.015288285634016519,0.052836247670329906,1.325627396025289,-0.20578267254651317,Daily
2008-12-01,1.2599060535430908,1.0446386546944009,104463.86546944009,-0.007786199415216077,-0.007786199415216077,0.04463865469440087,1.325627396025289,-0.21196660703708603,Daily
2008-12-02,1.2713264226913452,1.054107740924756,105410.77409247559,0.009064460890665593,0.009064460890665593,0.0541077409247559,1.325627396025289,-0.2048235091660351,Daily
2008-12-03,1.270793318748474,1.0536657230583228,105366.57230583229,-0.00041932892556628687,-0.00041932892556628687,0.053665723058322845,1.325627396025289,-0.2051569496695721,Daily
2008-12-04,1.277400255203247,1.0591437991341988,105914.37991341988,0.005199064519224805,0.005199064519224805,0.05914379913419876,1.325627396025289,-0.20102450936824667,Daily
2008-12-05,1.2716983556747437,1.0544161254827327,105441.61254827326,-0.004463674956441954,-0.004463674956441954,0.05441612548273267,1.325627396025289,-0.20459087625659056,Daily
2008-12-08,1.4918025732040403,1.2369133625154176,123691.33625154177,0.1730789511106292,0.1730789511106292,0.2369133625154176,1.325627396025289,-0.06692229941525663,Daily
2008-12-09,1.2926075458526611,1.071752773907259,107175.2773907259,-0.1335264001613532,-0.1335264001613532,0.07175277390725898,1.325627396025289,-0.1915128058451704,Daily
2008-12-10,1.3014055490493774,1.0790475513214708,107904.75513214708,0.006806399378484818,0.006806399378484818,0.07904755132147079,1.325627396025289,-0.18600991910936193,Daily
2008-12-11,1.3329956531524658,1.1052401739849649,110524.0173984965,0.024273835412922162,0.024273835412922162,0.10524017398496488,1.325627396025289,-0.16625125785807138,Daily
2008-12-12,1.33539879322052,1.1072327138260702,110723.27138260702,0.0018028116313590914,0.0018028116313590914,0.10723271382607025,1.325627396025289,-0.16474816592810693,Daily
2008-12-15,1.3696004152297974,1.1355906507561002,113559.06507561002,0.0256115417977838,0.0256115417977838,0.13559065075610022,1.325627396025289,-0.14335607866809907,Daily
2008-12-16,1.4061928987503052,1.165930946883174,116593.0946883174,0.026717634657235534,0.026717634657235534,0.165930946883174,1.325627396025289,-0.12046857934661181,Daily
2008-12-17,1.440839171409607,1.1946575615059132,119465.75615059132,0.024638349895019562,0.024638349895019562,0.19465756150591318,1.325627396025289,-0.09879837646088996,Daily
2008-12-18,1.4293065071105957,1.185095366860938,118509.53668609381,-0.008004130181808344,-0.008004130181808344,0.18509536686093808,1.325627396025289,-0.10601171157575406,Daily
2008-12-19,1.392602562904358,1.1546626542076759,115466.2654207676,-0.025679547405431102,-0.025679547405431102,0.1546626542076759,1.325627396025289,-0.12896892620824463,Daily
2008-12-22,1.3959071636199951,1.1574026312370562,115740.26312370562,0.002372967567103368,0.002372967567103368,0.15740263123705622,1.325627396025289,-0.1269019977201976,Daily
2008-12-23,1.3937865495681765,1.1556443450505678,115564.43450505678,-0.0015191655341314503,-0.0015191655341314503,0.1556443450505678,1.325627396025289,-0.1282283781131801,Daily
2008-12-24,1.4008938074111938,1.1615372576616447,116153.72576616447,0.00509924410249174,0.00509924410249174,0.16153725766164473,1.325627396025289,-0.12378300181155422,Daily
2008-12-25,1.4015023708343506,1.1620418420105132,116204.18420105132,0.00043441081682060734,0.00043441081682060734,0.1620418420105132,1.325627396025289,-0.12340236366965895,Daily
2008-12-26,1.4027016162872314,1.1630361845275785,116303.61845275784,0.0008556856398087564,0.0008556856398087564,0.1630361845275785,1.325627396025289,-0.12265227166036075,Daily
2008-12-29,1.403902888298035,1.16403220734512,116403.220734512,0.0008563988212850759,0.0008563988212850759,0.16403220734511992,1.325627396025289,-0.12190091209995346,Daily
2008-12-30,1.4140071868896484,1.1724100866780196,117241.00866780196,0.007197291690070662,0.007197291690070662,0.1724100866780196,1.325627396025289,-0.11558097683155177,Daily
2008-12-31,1.3979953527450562,1.1591340326159263,115913.40326159263,-0.011323728969025226,-0.011323728969025226,0.1591340326159263,1.325627396025289,-0.12559589814496142,Daily
2009-01-01,1.3998936414718628,1.1607079799560602,116070.79799560603,0.0013578648334411358,0.0013578648334411358,0.16070797995606023,1.325627396025289,-0.12440857556483575,Daily
2009-01-02,1.3922922611236572,1.1544053705524153,115440.53705524153,-0.005429969908437693,-0.005429969908437693,0.15440537055241532,1.325627396025289,-0.12916301065160485,Daily
2009-01-05,1.3645915985107422,1.1314376398674788,113143.76398674789,-0.019895724041846585,-0.019895724041846585,0.1314376398674788,1.325627396025289,-0.14648894307711302,Daily
2009-01-06,1.3510043621063232,1.1201719170632969,112017.19170632969,-0.009956998430334596,-0.009956998430334596,0.12017191706329688,1.325627396025289,-0.15498735133116737,Daily
2009-01-07,1.3610997200012207,1.1285423833058608,112854.23833058607,0.00747248356708341,0.00747248356708341,0.12854238330586076,1.325627396025289,-0.14867300820001184,Daily
2009-01-08,1.3699005842208862,1.13583953290898,113583.953290898,0.006465995173122074,0.006465995173122074,0.1358395329089801,1.325627396025289,-0.14316833198028467,Daily
2009-01-09,1.345496654510498,1.115605255733928,111560.5255733928,-0.01781438010282177,-0.01781438010282177,0.11560525573392799,1.325627396025289,-0.1584322569985226,Daily
2009-01-12,1.3360053300857544,1.1077356178744628,110773.56178744628,-0.007054141972724803,-0.007054141972724803,0.10773561787446284,1.325627396025289,-0.16436879533732063,Daily
2009-01-13,1.320201754570007,1.094632239396595,109463.22393965951,-0.01182897639692293,-0.01182897639692293,0.09463223939659504,1.325627396025289,-0.1742534571338077,Daily
2009-01-14,1.3217023611068726,1.0958764524785853,109587.64524785853,0.001136649403525869,0.001136649403525869,0.09587645247858534,1.325627396025289,-0.1733148728183953,Daily
2009-01-15,1.315806865692139,1.0909882607110442,109098.82607110441,-0.004460531802180201,-0.004460531802180201,0.09098826071104416,1.325627396025289,-0.1770023281185783,Daily
2009-01-16,1.329203963279724,1.1020963317940804,110209.63317940803,0.010181659586141256,0.010181659586141256,0.1020963317940804,1.325627396025289,-0.1686228459832948,Daily
2009-01-19,1.3093974590301514,1.085673964510991,108567.39645109909,-0.014901027078418672,-0.014901027078418672,0.08567396451099096,1.325627396025289,-0.1810112194676764,Daily
2009-01-20,1.2884937524795532,1.0683418627818706,106834.18627818706,-0.015964370792411087,-0.015964370792411087,0.0683418627818706,1.325627396025289,-0.1940858600349189,Daily
2009-01-21,1.3005084991455078,1.0783037712577614,107830.37712577614,0.009324644875331245,0.009324644875331245,0.07830377125776145,1.325627396025289,-0.18657099687973655,Daily
2009-01-22,1.3006776571273804,1.078444026926918,107844.4026926918,0.00013007064696890502,0.00013007064696890502,0.07844402692691799,1.325627396025289,-0.18646519364303737,Daily
2009-01-23,1.2964956760406494,1.0749765786325673,107497.65786325674,-0.003215232508850141,-0.003215232508850141,0.07497657863256735,1.325627396025289,-0.18908089719951737,Daily
2009-01-26,1.319191575050354,1.0937946590298349,109379.46590298349,0.01750557246670925,0.01750557246670925,0.09379465902983486,1.325627396025289,-0.17488529408080478,Daily
2009-01-27,1.3215975761413574,1.0957895710598475,109578.95710598475,0.0018238451006720169,0.0018238451006720169,0.09578957105984753,1.325627396025289,-0.1733804126669216,Daily
2009-01-28,1.3153221607208252,1.0905863723736298,109058.63723736297,-0.004748355727811182,-0.004748355727811182,0.09058637237362976,1.325627396025289,-0.17730549651915561,Daily
2009-01-29,1.2937949895858765,1.0727373311450807,107273.73311450807,-0.016366462740315613,-0.016366462740315613,0.07273733114508074,1.325627396025289,-0.19077009545703727,Daily
2009-01-30,1.2836971282958984,1.064364789237223,106436.4789237223,-0.007804838766001132,-0.007804838766001132,0.064364789237223,1.325627396025289,-0.1970860043866216,Daily
2009-02-02,1.2814927101135254,1.0625370176839852,106253.70176839852,-0.0017172416559811943,-0.0017172416559811943,0.06253701768398523,1.325627396025289,-0.19846480174605918,Daily
2009-02-03,1.3012869358062744,1.0789492043230133,107894.92043230134,0.015446225746376108,0.015446225746376108,0.07894920432301333,1.325627396025289,-0.18608410813016252,Daily
2009-02-04,1.2855618000030518,1.0659108633576937,106591.08633576937,-0.01208429545439127,-0.01208429545439127,0.0659108633576937,1.325627396025289,-0.1959197082425419,Daily
2009-02-05,1.2791157960891724,1.0605662229078654,106056.62229078654,-0.0050141532782509435,-0.0050141532782509435,0.0605662229078654,1.325627396025289,-0.1999514900734346,Daily
2009-02-06,1.2927078008651731,1.0718358993602262,107183.58993602262,0.010626094070261383,0.010626094070261383,0.07183589936022616,1.325627396025289,-0.1914500993461825,Daily
2009-02-09,1.2959076166152954,1.0744889949708691,107448.89949708691,0.002475281535379237,0.002475281535379237,0.07448899497086914,1.325627396025289,-0.18944871070666136,Daily
2009-02-10,1.2914056777954102,1.070756256883695,107075.6256883695,-0.0034739658615817737,-0.0034739658615817737,0.07075625688369502,1.325627396025289,-0.19226453821472755,Daily
2009-02-11,1.2868025302886963,1.066939602613918,106693.9602613918,-0.003564447319584163,-0.003564447319584163,0.06693960261391796,1.325627396025289,-0.19514366871642108,Daily
2009-02-12,1.28909170627594,1.0688376502635406,106883.76502635406,0.0017789644746268873,0.0017789644746268873,0.0688376502635406,1.325627396025289,-0.19371185789588907,Daily
2009-02-13,1.286603927612305,1.066774933167255,106677.4933167255,-0.0019298694200911015,-0.0019298694200911015,0.06677493316725491,1.325627396025289,-0.1952678887251179,Daily
2009-02-16,1.2799016237258911,1.0612177841277954,106121.77841277955,-0.005209298481508418,-0.005209298481508418,0.06121778412779544,1.325627396025289,-0.1994599784904033,Daily
2009-02-17,1.2581939697265625,1.0432190973156643,104321.90973156643,-0.016960408203980593,-0.016960408203980593,0.04321909731566431,1.325627396025289,-0.2130374640388294,Daily
2009-02-18,1.256897211074829,1.0421439026933346,104214.39026933345,-0.0010306508240659484,-0.0010306508240659484,0.04214390269333457,1.325627396025289,-0.2138485476250268,Daily
2009-02-19,1.2659028768539429,1.04961086148575,104961.086148575,0.007164997821430985,0.007164997821430985,0.04961086148575,1.325627396025289,-0.20821577418144532,Daily
2009-02-20,1.293292999267578,1.0723211108330168,107232.11108330169,0.021636827685948212,0.021636827685948212,0.07232111083301684,1.325627396025289,-0.19108407532295735,Daily
2009-02-23,1.267812728881836,1.0511943964227182,105119.43964227181,-0.019701854413634257,-0.019701854413634257,0.05119439642271817,1.325627396025289,-0.20702121910381477,Daily
2009-02-24,1.2873989343643188,1.0674341051599296,106743.41051599296,0.015448815930218185,0.015448815930218185,0.06743410515992965,1.325627396025289,-0.1947706358811807,Daily
2009-02-25,1.2724264860153198,1.0550198475596944,105501.98475596943,-0.011629999023101578,-0.011629999023101578,0.05501984755969436,1.325627396025289,-0.20413545259925525,Daily
2009-02-26,1.2720541954040527,1.0547111664781044,105471.11664781044,-0.0002925831986042571,-0.0002925831986042571,0.05471116647810437,1.325627396025289,-0.20436830919418947,Daily
2009-02-27,1.2678931951522827,1.0512611142357422,105126.11142357421,-0.0032710872436124694,-0.0032710872436124694,0.0512611142357422,1.325627396025289,-0.20697088986859824,Daily
2009-03-02,1.256407618522644,1.0417379618665368,104173.79618665368,-0.009058788763559145,-0.009058788763559145,0.04173796186653678,1.325627396025289,-0.2141547730606319,Daily
2009-03-03,1.253179907798767,1.0390617374140456,103906.17374140456,-0.002568999643342229,-0.002568999643342229,0.039061737414045616,1.325627396025289,-0.21617360916836126,Daily
2009-03-04,1.2638070583343506,1.0478731342697931,104787.31342697931,0.008480147558581841,0.008480147558581841,0.047873134269793116,1.325627396025289,-0.2095266457137983,Daily
2009-03-05,1.2546736001968384,1.0403002177061758,104030.02177061758,-0.007226940281176764,-0.007226940281176764,0.040300217706175756,1.325627396025289,-0.2152393494390863,Daily
2009-03-06,1.2638070583343506,1.0478731342697931,104787.31342697931,0.007279549148144326,0.007279549148144326,0.047873134269793116,1.325627396025289,-0.2095266457137983,Daily
2009-03-09,1.2622755765914917,1.046603321315843,104660.3321315843,-0.0012118002766002833,-0.0012118002766002833,0.046603321315842994,1.325627396025289,-0.21048454154316754,Daily
2009-03-10,1.2716660499572754,1.0543893395163186,105438.93395163186,0.007439321127594711,0.007439321127594711,0.054389339516318636,1.325627396025289,-0.20461108251250704,Daily
2009-03-11,1.2806720733642578,1.0618565948323473,106185.65948323473,0.007082066402012588,0.007082066402012588,0.06185659483234729,1.325627396025289,-0.19897808538343575,Daily
2009-03-12,1.289889931678772,1.0694994909687365,106949.94909687365,0.007197672617549555,0.007197672617549555,0.06949949096873653,1.325627396025289,-0.19321259188254303,Daily
2009-03-13,1.2929919958114624,1.072071536791706,107207.1536791706,0.0024049060749338214,0.0024049060749338214,0.07207153679170597,1.325627396025289,-0.19127234394358117,Daily
2009-03-16,1.2976058721542358,1.0758970867698865,107589.70867698865,0.0035683719293853056,0.0035683719293853056,0.07589708676988649,1.325627396025289,-0.18838650287719183,Daily
2009-03-17,1.3033220767974854,1.0806366213658902,108063.66213658902,0.004405193260847096,0.004405193260847096,0.08063662136589023,1.325627396025289,-0.18481118856925394,Daily
2009-03-18,1.3483994007110596,1.1180120390630077,111801.20390630077,0.03458648074491144,0.03458648074491144,0.11801203906300772,1.325627396025289,-0.15661667643923716,Daily
2009-03-19,1.3661948442459106,1.1327669552265256,113276.69552265256,0.013197457315293093,0.013197457315293093,0.1327669552265256,1.325627396025289,-0.1454861610261139,Daily
2009-03-20,1.3581973314285278,1.1261358965003947,112613.58965003947,-0.005853859609459389,-0.005853859609459389,0.1261358965003947,1.325627396025289,-0.15048836507380725,Daily
2009-03-23,1.3620452880859375,1.1293263917397933,112932.63917397933,0.0028331351920434233,0.0028331351920434233,0.12932639173979332,1.325627396025289,-0.1480815837648476,Daily
2009-03-24,1.348126769065857,1.1177859892283626,111778.59892283626,-0.010218837172176642,-0.010218837172176642,0.11778598922836259,1.325627396025289,-0.15678719934433316,Daily
2009-03-25,1.3576995134353638,1.1257231356304875,112572.31356304875,0.007100774637195162,0.007100774637195162,0.12572313563048754,1.325627396025289,-0.15079973527567903,Daily
2009-03-26,1.3530701398849487,1.1218847362957247,112188.47362957247,-0.0034097187960990816,-0.0034097187960990816,0.12188473629572472,1.325627396025289,-0.15369526937996192,Daily
2009-03-27,1.329203963279724,1.1020963317940804,110209.63317940803,-0.017638536171712516,-0.017638536171712516,0.1020963317940804,1.325627396025289,-0.1686228459832948,Daily
2009-03-30,1.318617582321167,1.0933187386302652,109331.87386302651,-0.00796445184562622,-0.00796445184562622,0.09331873863026519,1.325627396025289,-0.17524430929201462,Daily
2009-03-31,1.3246963024139404,1.0983588493290914,109835.88493290915,0.004609918883436093,0.004609918883436093,0.09835884932909145,1.325627396025289,-0.17144225245919842,Daily
2009-04-01,1.324099898338318,1.0978643467830802,109786.43467830803,-0.00045021947636991744,-0.00045021947636991744,0.0978643467830802,1.325627396025289,-0.17181528529443857,Daily
2009-04-02,1.346692442893982,1.1165967318560635,111659.67318560634,0.0170625680011125,0.0170625680011125,0.11659673185606345,1.325627396025289,-0.15768432728229298,Daily
2009-04-03,1.34890878200531,1.118434387529749,111843.43875297491,0.0016457648686030169,0.0016457648686030169,0.11843438752974911,1.325627396025289,-0.1562980737398605,Daily
2009-04-06,1.340572476387024,1.1115224221004871,111152.24221004872,-0.006180036581786674,-0.006180036581786674,0.11152242210048713,1.325627396025289,-0.16151218250827193,Daily
2009-04-07,1.327739119529724,1.1008817710734347,110088.17710734346,-0.00957304217664312,-0.00957304217664312,0.10088177107343466,1.325627396025289,-0.16953906174972166,Daily
2009-04-08,1.3251352310180664,1.0987227826439856,109872.27826439856,-0.001961144680726168,-0.001961144680726168,0.0987227826439856,1.325627396025289,-0.17116771580132206,Daily
2009-04-09,1.3159972429275513,1.0911461101145978,109114.61101145978,-0.006895890982760111,-0.006895890982760111,0.09114611011459783,1.325627396025289,-0.17688325287614826,Daily
2009-04-10,1.3175925016403198,1.0924688031129446,109246.88031129446,0.0012122052088952007,0.0012122052088952007,0.09246880311294459,1.325627396025289,-0.1758854664677557,Daily
2009-04-13,1.3363981246948242,1.1080612996432233,110806.12996432233,0.014272715601441943,0.014272715601441943,0.10806129964322331,1.325627396025289,-0.16412311410763503,Daily
2009-04-14,1.327404260635376,1.1006041261300514,110060.41261300514,-0.006729928674138352,-0.006729928674138352,0.10060412613005143,1.325627396025289,-0.16974850593005153,Daily
2009-04-15,1.3225939273834229,1.0966156858468885,109661.56858468885,-0.0036238645562660654,-0.0036238645562660654,0.09661568584688851,1.325627396025289,-0.17275722489219858,Daily
2009-04-16,1.3180439472198486,1.0928431147543092,109284.31147543092,-0.0034401943554782655,-0.0034401943554782655,0.09284311475430918,1.325627396025289,-0.17560310081773456,Daily
2009-04-17,1.304495334625244,1.0816094165003785,108160.94165003784,-0.010279332963959997,-0.010279332963959997,0.08160941650037845,1.325627396025289,-0.18407735103888523,Daily
2009-04-20,1.2928917407989502,1.0719884113387386,107198.84113387385,-0.008895082656333875,-0.008895082656333875,0.07198841133873857,1.325627396025289,-0.19133505044256927,Daily
2009-04-21,1.2934937477111816,1.0724875594213608,107248.75594213608,0.00046562824499085664,0.00046562824499085664,0.07248755942136076,1.325627396025289,-0.19095851320132118,Daily
2009-04-22,1.300576090812683,1.0783598142207014,107835.98142207014,0.005475359362218546,0.005475359362218546,0.07835981422070137,1.325627396025289,-0.18652872032215484,Daily
2009-04-23,1.3140950202941897,1.0895689010147165,108956.89010147165,0.010394570203930975,0.010394570203930975,0.08956890101471648,1.325627396025289,-0.1780730359966619,Daily
2009-04-24,1.3258028030395508,1.0992762933890718,109927.62933890718,0.008909388259260131,0.008909388259260131,0.09927629338907185,1.325627396025289,-0.17075016955360134,Daily
2009-04-27,1.3018969297409058,1.0794549747663358,107945.49747663358,-0.01803124359357089,-0.01803124359357089,0.07945497476633578,1.325627396025289,-0.18570257524630762,Daily
2009-04-28,1.313094139099121,1.088739030261905,108873.90302619051,0.008600688044055671,0.008600688044055671,0.0887390302619051,1.325627396025289,-0.17869905712092315,Daily
2009-04-29,1.3265942335128784,1.0999325001456122,109993.25001456121,0.010281132183728614,0.010281132183728614,0.09993250014561217,1.325627396025289,-0.17025515356456256,Daily
2009-04-30,1.323521614074707,1.097384868100149,109738.4868100149,-0.0023161712606236673,-0.0023161712606236673,0.09738486810014901,1.325627396025289,-0.17217698473152687,Daily
2009-05-01,1.3268054723739624,1.10010764675995,110010.764675995,0.002481151999584874,0.002481151999584874,0.10010764675994999,1.325627396025289,-0.170123030001891,Daily
2009-05-04,1.3418675661087036,1.1125962329459542,111259.62329459543,0.011352149239927334,0.011352149239927334,0.11259623294595422,1.325627396025289,-0.1607021427876938,Daily
2009-05-05,1.33159339427948,1.1040775048966707,110407.75048966707,-0.007656621330388247,-0.007656621330388247,0.10407750489667067,1.325627396025289,-0.1671283286637747,Daily
2009-05-06,1.3312920331954956,1.1038276343317464,110382.76343317464,-0.0002263161452127349,-0.0002263161452127349,0.10382763433174635,1.325627396025289,-0.1673168209698883,Daily
2009-05-07,1.3392080068588257,1.1103910856740131,111039.10856740132,0.0059460835533804435,0.0059460835533804435,0.11039108567401312,1.325627396025289,-0.16236561721388088,Daily
2009-05-08,1.363902926445007,1.1308666342291995,113086.66342291996,0.018439943205017295,0.018439943205017295,0.13086663422919953,1.325627396025289,-0.14691968676873512,Daily
2009-05-11,1.358991026878357,1.1267939812398202,112679.39812398203,-0.0036013556913855327,-0.0036013556913855327,0.12679398123982022,1.325627396025289,-0.14999193240999942,Daily
2009-05-12,1.364498496055603,1.13136044488678,113136.044488678,0.004052616292762989,0.004052616292762989,0.13136044488678,1.325627396025289,-0.14654717586630417,Daily
2009-05-13,1.358861804008484,1.1266868373741643,112668.68373741643,-0.004130962447678077,-0.004130962447678077,0.1266868373741643,1.325627396025289,-0.15007275743366533,Daily
2009-05-14,1.3636053800582886,1.1306199265828185,113061.99265828184,0.0034908450850643646,0.0034908450850643646,0.1306199265828185,1.325627396025289,-0.14710579309629046,Daily
2009-05-15,1.350201964378357,1.1195066169159444,111950.66169159445,-0.009829394835152883,-0.009829394835152883,0.11950661691594444,1.325627396025289,-0.1554892270085615,Daily
2009-05-18,1.3558034896850586,1.1241510662732388,112415.10662732388,0.004148657352369245,0.004148657352369245,0.1241510662732388,1.325627396025289,-0.15198564118103552,Daily
2009-05-19,1.3632335662841797,1.1303116408660465,113031.16408660465,0.005480201707436905,0.005480201707436905,0.13031164086604652,1.325627396025289,-0.14733835144390484,Daily
2009-05-20,1.3772966861724854,1.141971937758511,114197.19377585109,0.010316001774103967,0.010316001774103967,0.1419719377585109,1.325627396025289,-0.13854229236468973,Daily
2009-05-21,1.390607833862305,1.153008744333118,115300.87443331181,0.00966469158276384,0.00966469158276384,0.15300874433311806,1.325627396025289,-0.13021656930879977,Daily
2009-05-22,1.4003052711486816,1.1610492786351285,116104.92786351286,0.006973524131129727,0.006973524131129727,0.16104927863512852,1.325627396025289,-0.12415111356601805,Daily
2009-05-25,1.4006974697113037,1.1613744661978667,116137.44661978667,0.00028008075860519455,0.00028008075860519455,0.16137446619786666,1.325627396025289,-0.1239058051454821,Daily
2009-05-26,1.3994038105010986,1.1603018414468536,116030.18414468535,-0.0009235821711534031,-0.0009235821711534031,0.16030184144685355,1.325627396025289,-0.12471495012410061,Daily
2009-05-27,1.3833937644958496,1.1470272700028272,114702.72700028273,-0.01144061913016825,-0.01144061913016825,0.14702727000282723,1.325627396025289,-0.13472875301006115,Daily
2009-05-28,1.3931069374084473,1.155080851343829,115508.08513438291,0.007021264055022902,0.007021264055022902,0.1550808513438291,1.325627396025289,-0.1286534551057259,Daily
2009-05-29,1.4157087802886963,1.173820946030762,117382.0946030762,0.016224054502445018,0.016224054502445018,0.17382094603076204,1.325627396025289,-0.11451668127084402,Daily
2009-06-01,1.4163904190063477,1.1743861200379768,117438.61200379768,0.00048148229857880587,0.00048148229857880587,0.17438612003797682,1.325627396025289,-0.11409033672718916,Daily
2009-06-02,1.4308607578277588,1.1863840584849439,118638.40584849438,0.010216348986293422,0.010216348986293422,0.18638405848494388,1.325627396025289,-0.1050395744368644,Daily
2009-06-03,1.4149675369262695,1.1732063514213078,117320.63514213078,-0.011107454596502642,-0.011107454596502642,0.1732063514213078,1.325627396025289,-0.11498030672947357,Daily
2009-06-04,1.4177961349487305,1.1755516555212009,117555.16555212009,0.001999055065676991,0.001999055065676991,0.1755516555212009,1.325627396025289,-0.11321110362841735,Daily
2009-06-05,1.3971943855285645,1.1584699185630276,115846.99185630276,-0.014530826338379654,-0.014530826338379654,0.1584699185630276,1.325627396025289,-0.12609687908039613,Daily
2009-06-08,1.3902984857559204,1.1527522514074933,115275.22514074933,-0.00493553355500731,-0.00493553355500731,0.15275225140749327,1.325627396025289,-0.13041005725752042,Daily
2009-06-09,1.4063313007354736,1.1660457015215748,116604.57015215748,0.01153192292433225,0.01153192292433225,0.16604570152157483,1.325627396025289,-0.12038201306203977,Daily
2009-06-10,1.3983862400054932,1.159458132925415,115945.8132925415,-0.005649494344487249,-0.005649494344487249,0.159458132925415,1.325627396025289,-0.12535140990455507,Daily
2009-06-11,1.4110939502716064,1.169994605322946,116999.4605322946,0.009087410832978149,0.009087410832978149,0.16999460532294597,1.325627396025289,-0.11740311883187271,Daily
2009-06-12,1.4001091718673706,1.1608866848537596,116088.66848537595,-0.007784583302990922,-0.007784583302990922,0.16088668485375957,1.325627396025289,-0.12427376777628585,Daily
2009-06-15,1.3784927129745483,1.1429636115630553,114296.36115630553,-0.015439123839173119,-0.015439123839173119,0.14296361156305526,1.325627396025289,-0.13779421352480026,Daily
2009-06-16,1.382991909980774,1.1466940763025264,114669.40763025264,0.003263852586146143,0.003263852586146143,0.1466940763025264,1.325627396025289,-0.13498010093882296,Daily
2009-06-17,1.393805980682373,1.155660456166898,115566.0456166898,0.007819330412243364,0.007819330412243364,0.15566045616689794,1.325627396025289,-0.12821622453489823,Daily
2009-06-18,1.3914979696273804,1.1537467916069672,115374.67916069673,-0.001655905547099823,-0.001655905547099823,0.15374679160696725,1.325627396025289,-0.12965981612456257,Daily
2009-06-19,1.3947001695632937,1.1564018640417,115640.18640417,0.0023012609474168944,0.0023012609474168944,0.15640186404169998,1.325627396025289,-0.12765693624844232,Daily
2009-06-22,1.386520266532898,1.149619578272715,114961.9578272715,-0.005864990346245547,-0.005864990346245547,0.149619578272715,1.325627396025289,-0.13277321989595947,Daily
2009-06-23,1.4072020053863523,1.166767637679094,116676.7637679094,0.014916290336794535,0.014916290336794535,0.16676763767909408,1.325627396025289,-0.11983741345608423,Daily
2009-06-24,1.3940973281860352,1.1559020240706461,115590.20240706461,-0.009312577121235233,-0.009312577121235233,0.15590202407064613,1.325627396025289,-0.12803399542250027,Daily
2009-06-25,1.3985623121261597,1.1596041213844317,115960.41213844316,0.003202777775877852,0.003202777775877852,0.1596041213844317,1.325627396025289,-0.12524128208171847,Daily
2009-06-26,1.4053035974502563,1.1651935914977558,116519.35914977558,0.004820153714744535,0.004820153714744535,0.1651935914977558,1.325627396025289,-0.1210248105980396,Daily
2009-06-29,1.408609390258789,1.167934556939181,116793.4556939181,0.002352369135417254,0.002352369135417254,0.16793455693918102,1.325627396025289,-0.11895713649169304,Daily
2009-06-30,1.4038830995559692,1.1640157997051763,116401.57997051763,-0.003355288368446452,-0.003355288368446452,0.16401579970517632,1.325627396025289,-0.12191328936372514,Daily
2009-07-01,1.414087176322937,1.1724764091262254,117247.64091262255,0.007268466135246676,0.007268466135246676,0.17247640912622542,1.325627396025289,-0.11553094584365531,Daily
2009-07-02,1.3957513570785522,1.1572734457828016,115727.34457828016,-0.01296654092576044,-0.01296654092576044,0.15727344578280156,1.325627396025289,-0.12699945003194224,Daily
2009-07-03,1.3960046768188477,1.1574834833423207,115748.34833423207,0.0001814934579933425,0.0001814934579933425,0.15748348334232065,1.325627396025289,-0.1268410061432983,Daily
2009-07-06,1.3977022171020508,1.158890982094111,115889.0982094111,0.0012159989944098282,0.0012159989944098282,0.1588909820941109,1.325627396025289,-0.1257792456848087,Daily
2009-07-07,1.3915947675704956,1.1538270506650048,115382.70506650048,-0.004369635718413867,-0.004369635718413867,0.1538270506650048,1.325627396025289,-0.12959927191864307,Daily
2009-07-08,1.387905836105347,1.1507684095923822,115076.84095923822,-0.002650866150919029,-0.002650866150919029,0.15076840959238225,1.325627396025289,-0.13190658774644914,Daily
2009-07-09,1.4027999639511108,1.1631177285212744,116311.77285212744,0.010731367689582605,0.010731367689582605,0.16311772852127437,1.325627396025289,-0.12259075815065179,Daily
2009-07-10,1.3933980464935305,1.1553222215651686,115532.22215651686,-0.006702250997426162,-0.006702250997426162,0.15532222156516862,1.325627396025289,-0.12847137511698759,Daily
2009-07-13,1.399012327194214,1.1599772469313423,115997.72469313422,0.004029200927051502,0.004029200927051502,0.1599772469313423,1.325627396025289,-0.12495981117365695,Daily
2009-07-14,1.3971552848815918,1.1584374986479582,115843.74986479581,-0.0013273952462924399,-0.0013273952462924399,0.1584374986479582,1.325627396025289,-0.12612133536061987,Daily
2009-07-15,1.4101985692977903,1.169252209036099,116925.22090360991,0.009335601101279067,0.009335601101279067,0.16925220903609905,1.325627396025289,-0.11796315273662816,Daily
2009-07-16,1.414107084274292,1.1724929156073738,117249.29156073737,0.0027716061139164694,0.0027716061139164694,0.1724929156073738,1.325627396025289,-0.11551849401805347,Daily
2009-07-17,1.410496950149536,1.1694996085709115,116949.96085709115,-0.0025529425351893398,-0.0025529425351893398,0.1694996085709115,1.325627396025289,-0.11777652447626308,Daily
2009-07-20,1.421181321144104,1.1783584492048096,117835.84492048096,0.00757489833170899,0.00757489833170899,0.1783584492048096,1.325627396025289,-0.11109377134332388,Daily
2009-07-21,1.419849514961243,1.177254195268363,117725.41952683631,-0.0009371120792588394,-0.0009371120792588394,0.17725419526836306,1.325627396025289,-0.11192677610752644,Daily
2009-07-22,1.4205957651138306,1.1778729412084055,117787.29412084055,0.000525583975431454,0.000525583975431454,0.17787294120840547,1.325627396025289,-0.11146001905203895,Daily
2009-07-23,1.416330337524414,1.174336304070919,117433.6304070919,-0.0030025625122673816,-0.0030025625122673816,0.17433630407091893,1.325627396025289,-0.11412791588948412,Daily
2009-07-24,1.4212015867233276,1.1783752522095712,117837.52522095712,0.003439345377172609,0.003439345377172609,0.17837525220957118,1.325627396025289,-0.11108109583223236,Daily
2009-07-27,1.4247043132781982,1.1812795033207968,118127.95033207968,0.002464623307201874,0.002464623307201874,0.1812795033207968,1.325627396025289,-0.10889024558280813,Daily
2009-07-28,1.4146071672439575,1.1729075544601657,117290.75544601657,-0.0070871871027101685,-0.0070871871027101685,0.1729075544601657,1.325627396025289,-0.11520570714141287,Daily
2009-07-29,1.4014631509780884,1.1620093232542394,116200.93232542394,-0.009291636978962292,-0.009291636978962292,0.16200932325423945,1.325627396025289,-0.12342689451171251,Daily
2009-07-30,1.4084903001785278,1.1678358145759058,116783.58145759058,0.0050141519564999015,0.0050141519564999015,0.1678358145759058,1.325627396025289,-0.11903162375981324,Daily
2009-07-31,1.4260046482086182,1.1823576631792607,118235.76631792607,0.012434837519200714,0.012434837519200714,0.18235766317926072,1.325627396025289,-0.1080769251417123,Daily
2009-08-03,1.4411921501159668,1.1949502303123773,119495.02303123774,0.01065038737877022,0.01065038737877022,0.19495023031237735,1.325627396025289,-0.09857759888240769,Daily
2009-08-04,1.4419610500335691,1.1955877560812709,119558.77560812709,0.0005335165873199266,0.0005335165873199266,0.19558775608127088,1.325627396025289,-0.09809667507922959,Daily
2009-08-05,1.4411712884902954,1.1949329331015934,119493.29331015934,-0.000547699636724075,-0.000547699636724075,0.19493293310159343,1.325627396025289,-0.09859064720264898,Daily
2009-08-06,1.4372979402542114,1.1917213846856407,119172.13846856407,-0.0026876390523581373,-0.0026876390523581373,0.1917213846856407,1.325627396025289,-0.10101331018138804,Daily
2009-08-07,1.419103980064392,1.176636042375547,117663.60423755471,-0.012658447271274631,-0.012658447271274631,0.1766360423755471,1.325627396025289,-0.11239308579203466,Daily
2009-08-10,1.413107991218567,1.1716645274726296,117166.45274726296,-0.004225193453092246,-0.004225193453092246,0.1716645274726296,1.325627396025289,-0.11614339671486551,Daily
2009-08-11,1.4150075912475586,1.173239562066013,117323.9562066013,0.001344270955083715,0.001344270955083715,0.173239562066013,1.325627396025289,-0.11495525395461037,Daily
2009-08-12,1.4217066764831543,1.1787940423929515,117879.40423929515,0.0047343104567301175,0.0047343104567301175,0.1787940423929515,1.325627396025289,-0.1107651773587337,Daily
2009-08-13,1.4275925159454346,1.1836742280229298,118367.42280229297,0.004139981586665842,0.004139981586665842,0.18367422802292976,1.325627396025289,-0.10708376156677668,Daily
2009-08-14,1.42069673538208,1.1779566597085998,117795.66597085998,-0.004830356342116149,-0.004830356342116149,0.17795665970859975,1.325627396025289,-0.11139686518207115,Daily
2009-08-17,1.4105963706970217,1.1695820421354481,116958.20421354481,-0.007109444565832623,-0.007109444565832623,0.16958204213544814,1.325627396025289,-0.11771433991008429,Daily
2009-08-18,1.4165109395980835,1.1744860484957058,117448.60484957058,0.004192956272912607,0.004192956272912607,0.17448604849570581,1.325627396025289,-0.11401495471710954,Daily
2009-08-19,1.4253947734832764,1.181851991577143,118185.1991577143,0.006271630974988174,0.006271630974988174,0.18185199157714305,1.325627396025289,-0.10845838346373693,Daily
2009-08-20,1.4260046482086182,1.1823576631792607,118235.76631792607,0.00042786373058678606,0.00042786373058678606,0.18235766317926072,1.325627396025289,-0.1080769251417123,Daily
2009-08-21,1.4320902824401855,1.187403506667947,118740.3506667947,0.004267611777571956,0.004267611777571956,0.18740350666794692,1.325627396025289,-0.1042705437227589,Daily
2009-08-24,1.4293065071105957,1.185095366860938,118509.53668609381,-0.0019438546324372918,-0.0019438546324372918,0.18509536686093808,1.325627396025289,-0.10601171157575406,Daily
2009-08-25,1.4284082651138306,1.184350598385184,118435.05983851841,-0.0006284460277038439,-0.0006284460277038439,0.18435059838518408,1.325627396025289,-0.10657353496442801,Daily
2009-08-26,1.4236294031143188,1.1803882521800038,118038.82521800038,-0.00334558551376829,-0.00334558551376829,0.18038825218000376,1.325627396025289,-0.10956256960346833,Daily
2009-08-27,1.4372979402542114,1.1917213846856407,119172.13846856407,0.009601190527528836,0.009601190527528836,0.1917213846856407,1.325627396025289,-0.10101331018138804,Daily
2009-08-28,1.4359976053237915,1.1906432248271763,119064.32248271763,-0.0009047079899038302,-0.0009047079899038302,0.19064322482717633,1.325627396025289,-0.1018266306224841,Daily
2009-08-31,1.434267520904541,1.1892087424265634,118920.87424265634,-0.0012047961729435563,-0.0012047961729435563,0.18920874242656338,1.325627396025289,-0.10290874646054993,Daily
2009-09-01,1.4212015867233276,1.1783752522095712,117837.52522095712,-0.009109830621398363,-0.009109830621398363,0.17837525220957118,1.325627396025289,-0.11108109583223236,Daily
2009-09-02,1.4274091720581057,1.1835222102504401,118352.22102504401,0.004367842952589074,0.004367842952589074,0.18352221025044013,1.325627396025289,-0.10719843766123993,Daily
2009-09-03,1.4256386756896973,1.1820542206815081,118205.42206815082,-0.0012403565866511146,-0.0012403565866511146,0.18205422068150812,1.325627396025289,-0.1083058299596592,Daily
2009-09-04,1.4294085502624512,1.1851799749319727,118517.99749319727,0.002644340839680348,0.002644340839680348,0.1851799749319727,1.325627396025289,-0.10594788664931676,Daily
2009-09-07,1.4331985712051392,1.1883224333459943,118832.24333459944,0.002651460943053907,0.002651460943053907,0.1883224333459943,1.325627396025289,-0.10357734238971272,Daily
2009-09-08,1.4504104852676392,1.2025935218135841,120259.35218135841,0.012009441265369736,0.012009441265369736,0.20259352181358414,1.325627396025289,-0.09281180713419535,Daily
2009-09-09,1.4547992944717407,1.206232459597707,120623.24595977069,0.003025908354000739,0.003025908354000739,0.20623245959770697,1.325627396025289,-0.09006673880275196,Daily
2009-09-10,1.4581297636032104,1.2089938851684596,120899.38851684597,0.002289298011159069,0.002289298011159069,0.20899388516845963,1.325627396025289,-0.08798363039760548,Daily
2009-09-11,1.4580022096633911,1.2088881250796664,120888.81250796664,-8.74777698139928e-05,-8.74777698139928e-05,0.20888812507966636,1.325627396025289,-0.08806341155565223,Daily
2009-09-14,1.4643217325210571,1.2141278950115417,121412.78950115417,0.0043343712483983055,0.0043343712483983055,0.21412789501154172,1.325627396025289,-0.08411073982633666,Daily
2009-09-15,1.4670931100845337,1.2164257553332847,121642.57553332846,0.0018926015382598749,0.0018926015382598749,0.21642575533328468,1.325627396025289,-0.08237732640365636,Daily
2009-09-16,1.47119402885437,1.219825991608589,121982.5991608589,0.002795268235974424,0.002795268235974424,0.21982599160858896,1.325627396025289,-0.07981232489154255,Daily
2009-09-17,1.4732965230941772,1.2215692539319967,122156.92539319966,0.0014291073771177665,0.0014291073771177665,0.22156925393199667,1.325627396025289,-0.07849727789671235,Daily
2009-09-18,1.4716053009033203,1.220166993764044,122016.6993764044,-0.0011479170447676879,-0.0011479170447676879,0.22016699376404403,1.325627396025289,-0.07955508657821453,Daily
2009-09-21,1.468407154083252,1.2175152819302637,121751.52819302637,-0.0021732368170361838,-0.0021732368170361838,0.2175152819302637,1.325627396025289,-0.08155543135211629,Daily
2009-09-22,1.4811961650848389,1.22811916402925,122811.916402925,0.008709444765387042,0.008709444765387042,0.22811916402924992,1.325627396025289,-0.07355628911140788,Daily
2009-09-23,1.4726022481918335,1.220993602757107,122099.36027571071,-0.005802011303825849,-0.005802011303825849,0.2209936027571071,1.325627396025289,-0.07893152599434183,Daily
2009-09-24,1.4650940895080566,1.2147682871753656,121476.82871753655,-0.005098565273138456,-0.005098565273138456,0.21476828717536556,1.325627396025289,-0.08362765373008973,Daily
2009-09-25,1.4684934616088867,1.2175868429623071,121758.68429623071,0.0023202414951870587,0.0023202414951870587,0.21758684296230713,1.325627396025289,-0.0815014485872323,Daily
2009-09-28,1.462159276008606,1.212334915562281,121233.4915562281,-0.00431339040035017,-0.00431339040035017,0.2123349155622809,1.325627396025289,-0.08546329142163167,Daily
2009-09-29,1.4591723680496216,1.2098583503428386,120985.83503428387,-0.0020428061484095705,-0.0020428061484095705,0.20985835034283862,1.325627396025289,-0.08733151263286187,Daily
2009-09-30,1.465502142906189,1.2151066206182992,121510.66206182992,0.004337921273158463,0.004337921273158463,0.21510662061829922,1.325627396025289,-0.08337242858617055,Daily
2009-10-01,1.4515894651412964,1.203571061325888,120357.10613258881,-0.009493454398710521,-0.009493454398710521,0.2035710613258881,1.325627396025289,-0.09207439063598855,Daily
2009-10-02,1.4590020179748535,1.2097171062616372,120971.71062616372,0.005106507736218235,0.005106507736218235,0.2097171062616372,1.325627396025289,-0.0874380614878606,Daily
2009-10-05,1.465996265411377,1.2155163174108674,121551.63174108673,0.004793857273913682,0.004793857273913682,0.2155163174108674,1.325627396025289,-0.08306336980102735,Daily
2009-10-06,1.4721685647964478,1.2206340184552102,122063.40184552103,0.004210310442597676,0.004210310442597676,0.22063401845521025,1.325627396025289,-0.07920278193170027,Daily
2009-10-07,1.4711507558822632,1.219790112251363,121979.0112251363,-0.0006913671019224132,-0.0006913671019224132,0.21979011225136302,1.325627396025289,-0.07983939083581437,Daily
2009-10-08,1.4781310558319092,1.225577758979669,122557.7758979669,0.004744789017533391,0.004744789017533391,0.22557775897966903,1.325627396025289,-0.07547342288308534,Daily
2009-10-09,1.473405122756958,1.2216592982692775,122165.92982692775,-0.0031972354929594715,-0.0031972354929594715,0.22165929826927755,1.325627396025289,-0.07842935206962787,Daily
2009-10-12,1.4792898893356323,1.2265385943284157,122653.85943284158,0.003993990850027274,0.003993990850027274,0.22653859432841572,1.325627396025289,-0.07474860733414024,Daily
2009-10-13,1.4846047163009644,1.2309453305889366,123094.53305889366,0.0035928231536275224,0.0035928231536275224,0.23094533058893663,1.325627396025289,-0.0714243427076442,Daily
2009-10-14,1.4932059049606323,1.2380769211745521,123807.69211745521,0.005793588397791316,0.005793588397791316,0.23807692117455215,1.325627396025289,-0.0660445575530838,Daily
2009-10-15,1.4955954551696775,1.2400581931183468,124005.81931183467,0.0016002817837157401,0.0016002817837157401,0.24005819311834675,1.325627396025289,-0.06454996567173366,Daily
2009-10-16,1.4908016920089722,1.2360834917626067,123608.34917626067,-0.0032052538967909383,-0.0032052538967909383,0.23608349176260668,1.325627396025289,-0.06754832053951754,Daily
2009-10-19,1.496490716934204,1.2408004905639891,124080.04905639892,0.003816084295937161,0.003816084295937161,0.2408004905639891,1.325627396025289,-0.06399000632880825,Daily
2009-10-20,1.4934512376785278,1.2382803363733714,123828.03363733714,-0.0020310712397221264,-0.0020310712397221264,0.23828033637337143,1.325627396025289,-0.06589110930704634,Daily
2009-10-21,1.500690221786499,1.2442824685153984,124428.24685153984,0.004847151299846919,0.004847151299846919,0.24428246851539837,1.325627396025289,-0.06136334218332551,Daily
2009-10-22,1.504189133644104,1.2471835567080805,124718.35567080804,0.002331535054209688,0.002331535054209688,0.24718355670808045,1.325627396025289,-0.05917487791245979,Daily
2009-10-23,1.5010056495666504,1.2445440023424514,124454.40023424514,-0.0021164120962242627,-0.0021164120962242627,0.24454400234245144,1.325627396025289,-0.061166051581277525,Daily
2009-10-26,1.4861712455749512,1.2322442028570035,123224.42028570035,-0.009882976786917519,-0.009882976786917519,0.23224420285700353,1.325627396025289,-0.07044452570026993,Daily
2009-10-27,1.4817010164260864,1.2285377565302211,122853.77565302211,-0.0030078829490038927,-0.0030078829490038927,0.22853775653022113,1.325627396025289,-0.07324051976156931,Daily
2009-10-28,1.4718002080917358,1.220328599133368,122032.85991333681,-0.006682055438034129,-0.006682055438034129,0.2203285991333681,1.325627396025289,-0.07943317798624616,Daily
2009-10-29,1.4840097427368164,1.2304520141373785,123045.20141373784,0.008295646771860898,0.008295646771860898,0.23045201413737848,1.325627396025289,-0.07179648080092538,Daily
2009-10-30,1.4732965230941772,1.2215692539319967,122156.92539319966,-0.007219103307827268,-0.007219103307827268,0.22156925393199667,1.325627396025289,-0.07849727789671235,Daily
2009-11-02,1.4774104356765747,1.2249802638985896,122498.02638985896,0.002792318123277626,0.002792318123277626,0.2249802638985896,1.325627396025289,-0.07592414914513368,Daily
2009-11-03,1.473101258277893,1.2214073520390591,122140.73520390592,-0.0029167097338853587,-0.0029167097338853587,0.22140735203905915,1.325627396025289,-0.07861941017417051,Daily
2009-11-04,1.4869003295898438,1.2328487156636012,123284.87156636012,0.009367361024511078,0.009367361024511078,0.2328487156636012,1.325627396025289,-0.06998850554829494,Daily
2009-11-05,1.4878073930740356,1.233600798388487,123360.07983884869,0.0006100365075862868,0.0006100365075862868,0.2336007983884869,1.325627396025289,-0.06942116458420444,Daily
2009-11-06,1.4848912954330444,1.2311829448445055,123118.29448445055,-0.0019599967405500296,-0.0019599967405500296,0.23118294484450552,1.325627396025289,-0.07124509606844431,Daily
2009-11-09,1.5008028745651243,1.2443758734536312,124437.58734536312,0.010715652506697149,0.010715652506697149,0.2443758734536312,1.325627396025289,-0.06129288125402299,Daily
2009-11-10,1.4989807605743408,1.24286508564316,124286.508564316,-0.0012140928176935795,-0.0012140928176935795,0.24286508564316,1.325627396025289,-0.06243255882481025,Daily
2009-11-11,1.4983967542648315,1.2423808625824142,124238.08625824143,-0.0003896022716699532,-0.0003896022716699532,0.2423808625824142,1.325627396025289,-0.06279783722973586,Daily
2009-11-12,1.4856854677200315,1.2318414249487488,123184.14249487488,-0.008483258194880827,-0.008483258194880827,0.23184142494874882,1.325627396025289,-0.07074836515731675,Daily
2009-11-13,1.490890622138977,1.2361572273011485,123615.72273011485,0.0035035372775997775,0.0035035372775997775,0.23615722730114852,1.325627396025289,-0.0674926974143748,Daily
2009-11-16,1.498374342918396,1.2423622804359722,124236.22804359722,0.005019630996593305,0.005019630996593305,0.2423622804359722,1.325627396025289,-0.06281185485376639,Daily
2009-11-17,1.4876967668533323,1.2335090737507295,123350.90737507294,-0.007126107114372449,-0.007126107114372449,0.2335090737507295,1.325627396025289,-0.06949035796239844,Daily
2009-11-18,1.495394229888916,1.2398913491651853,123989.13491651852,0.005174080637322831,0.005174080637322831,0.23989134916518529,1.325627396025289,-0.06467582604068933,Daily
2009-11-19,1.4916245937347412,1.2367657925971298,123676.57925971298,-0.002520831014878766,-0.002520831014878766,0.23676579259712982,1.325627396025289,-0.0670336202273718,Daily
2009-11-20,1.4863920211791992,1.2324272567677,123242.72567676999,-0.0035079688130112974,-0.0035079688130112974,0.23242725676769993,1.325627396025289,-0.07030643719120222,Daily
2009-11-23,1.496199607849121,1.2405591203426498,124055.91203426498,0.006598250347267909,0.006598250347267909,0.2405591203426498,1.325627396025289,-0.06417208631754634,Daily
2009-11-24,1.496669888496399,1.240949048894322,124094.9048894322,0.0003143167828749682,0.0003143167828749682,0.240949048894322,1.325627396025289,-0.06387793989839319,Daily
2009-11-25,1.5127906799316406,1.2543154438173099,125431.54438173099,0.010771106948264553,0.010771106948264553,0.25431544381730986,1.325627396025289,-0.05379486907240916,Daily
2009-11-26,1.4972974061965942,1.241469348994703,124146.9348994703,-0.010241518499933155,-0.010241518499933155,0.24146934899470307,1.325627396025289,-0.06348544642553566,Daily
2009-11-27,1.4990930557250977,1.2429581940577799,124295.81940577799,0.001199260428203397,0.001199260428203397,0.24295819405777985,1.325627396025289,-0.06236232158099719,Daily
2009-11-30,1.5038950443267822,1.2469397154566293,124693.97154566293,0.003203262521526362,0.003203262521526362,0.2469397154566293,1.325627396025289,-0.05935882194694664,Daily
2009-12-01,1.5090012550354004,1.2511734796093106,125117.34796093106,0.0033953238478179326,0.0033953238478179326,0.2511734796093106,1.325627396025289,-0.05616504052286342,Daily
2009-12-02,1.5069773197174072,1.2494953536396551,124949.53536396551,-0.0013412416399518623,-0.0013412416399518623,0.24949535363965514,1.325627396025289,-0.05743095127175646,Daily
2009-12-03,1.506545901298523,1.2491376473206433,124913.76473206433,-0.00028628063159252815,-0.00028628063159252815,0.24913764732064325,1.325627396025289,-0.05770079053434596,Daily
2009-12-04,1.485707402229309,1.2318596117303733,123185.96117303733,-0.01383197090195043,-0.01383197090195043,0.23185961173037328,1.325627396025289,-0.07073464578060573,Daily
2009-12-07,1.484119892120361,1.2305433434103175,123054.33434103175,-0.001068521370066633,-0.001068521370066633,0.23054334341031746,1.325627396025289,-0.07172758567005166,Daily
2009-12-08,1.4697020053863523,1.2185888950933217,121858.88950933216,-0.009714772243507697,-0.009714772243507697,0.2185888950933217,1.325627396025289,-0.08074554075519813,Daily
2009-12-09,1.4737958908081057,1.2219832997375621,122198.32997375622,0.0027855207428100215,0.0027855207428100215,0.22198329973756215,1.325627396025289,-0.07818493839105112,Daily
2009-12-10,1.4729492664337158,1.2212813295033476,122128.13295033475,-0.0005744515775013559,-0.0005744515775013559,0.22128132950334756,1.325627396025289,-0.07871447650735697,Daily
2009-12-11,1.461902737617493,1.2121222092902408,121212.22092902409,-0.007499598980057587,-0.007499598980057587,0.21212220929024084,1.325627396025289,-0.08562374847968424,Daily
2009-12-14,1.4656953811645508,1.2152668422107609,121526.68422107608,0.002594320025174124,0.002594320025174124,0.21526684221076087,1.325627396025289,-0.08325156385982135,Daily
2009-12-15,1.4542070627212524,1.2057414164938522,120574.14164938523,-0.007838135120662337,-0.007838135120662337,0.20574141649385225,1.325627396025289,-0.09043716197394402,Daily
2009-12-16,1.452601671218872,1.2044103219931248,120441.03219931248,-0.001103963488786941,-0.001103963488786941,0.2044103219931248,1.325627396025289,-0.09144128613788216,Daily
2009-12-17,1.4346996545791626,1.189567041792802,118956.70417928019,-0.012324105771328364,-0.012324105771328364,0.18956704179280193,1.325627396025289,-0.10263845982698094,Daily
2009-12-18,1.4349054098129272,1.1897376417117338,118973.76417117337,0.00014341345459167876,0.00014341345459167876,0.1897376417117338,1.325627396025289,-0.10250976610848705,Daily
2009-12-21,1.428673505783081,1.1845705200651513,118457.05200651514,-0.004343076545134994,-0.004343076545134994,0.1845705200651513,1.325627396025289,-0.10640763489278904,Daily
2009-12-22,1.4254355430603027,1.181885795269075,118188.57952690749,-0.0022664119616354617,-0.0022664119616354617,0.1818857952690749,1.325627396025289,-0.10843288331789414,Daily
2009-12-23,1.4336096048355105,1.1886632378190405,118866.32378190405,0.005734431006020113,0.005734431006020113,0.18866323781904049,1.325627396025289,-0.10332025320004445,Daily
2009-12-24,1.4384970664978027,1.1927156283615012,119271.56283615013,0.003409199858738887,0.003409199858738887,0.19271562836150125,1.325627396025289,-0.10026329273391998,Daily
2009-12-25,1.4399055242538452,1.1938834371924285,119388.34371924285,0.0009791175726703294,0.0009791175726703294,0.1938834371924285,1.325627396025289,-0.09938234471305929,Daily
2009-12-28,1.437504529953003,1.1918926764930038,119189.26764930038,-0.0016674665527701693,-0.0016674665527701693,0.1918926764930038,1.325627396025289,-0.10088409453008462,Daily
2009-12-29,1.434308648109436,1.1892428426421089,118924.28426421089,-0.002223215146091584,-0.002223215146091584,0.1892428426421089,1.325627396025289,-0.10288302262921711,Daily
2009-12-30,1.4342057704925537,1.1891575426826428,118915.75426826428,-7.172627524631991e-05,-7.172627524631991e-05,0.18915754268264284,1.325627396025289,-0.10294736948846417,Daily
2009-12-31,1.4327058792114258,1.1879139226478799,118791.39226478798,-0.0010457992235053393,-0.0010457992235053393,0.18791392264787987,1.325627396025289,-0.10388550643289651,Daily
2010-01-01,1.4389938116073608,1.193127499660568,119312.74996605681,0.004388850836150704,0.004388850836150704,0.19312749966056808,1.325627396025289,-0.09995259358851782,Daily
2010-01-04,1.4423978328704834,1.1959499102544846,119594.99102544846,0.002365556568530547,0.002365556568530547,0.1959499102544846,1.325627396025289,-0.09782348053429224,Daily
2010-01-05,1.4365959167480469,1.1911393088324598,119113.93088324598,-0.004022410454465608,-0.004022410454465608,0.19113930883245978,1.325627396025289,-0.10145240479796447,Daily
2010-01-06,1.4404033422470093,1.1942961980623357,119429.61980623356,0.0026503106785806807,0.0026503106785806807,0.19429619806233567,1.325627396025289,-0.09907097451118752,Daily
2010-01-07,1.4318032264709473,1.18716549704756,118716.549704756,-0.005970630255999088,-0.005970630255999088,0.18716549704756003,1.325627396025289,-0.10445008860927874,Daily
2010-01-08,1.44110906124115,1.1948813379928551,119488.13379928551,0.006499381058903797,0.006499381058903797,0.19488133799285512,1.325627396025289,-0.09862956847788285,Daily
2010-01-11,1.4511260986328125,1.2031868655640756,120318.68655640756,0.0069509224950923265,0.0069509224950923265,0.2031868655640756,1.325627396025289,-0.09236421246900473,Daily
2010-01-12,1.447659969329834,1.2003129587026253,120031.29587026253,-0.0023885789844481087,-0.0023885789844481087,0.20031295870262533,1.325627396025289,-0.09453217223663424,Daily
2010-01-13,1.4523905515670776,1.2042352742199913,120423.52742199913,0.0032677440403587887,0.0032677440403587887,0.20423527421999133,1.325627396025289,-0.09157333513872379,Daily
2010-01-14,1.4499897956848145,1.2022447112029757,120224.47112029757,-0.0016529685349940815,-0.0016529685349940815,0.2022447112029757,1.325627396025289,-0.09307493583208915,Daily
2010-01-15,1.4390974044799805,1.1932133926672608,119321.33926672608,-0.007512046800087879,-0.007512046800087879,0.19321339266726079,1.325627396025289,-0.09988779935829117,Daily
2010-01-18,1.4406731128692627,1.1945198757080728,119451.98757080728,0.0010949282406993444,0.0010949282406993444,0.19451987570807283,1.325627396025289,-0.09890224109001056,Daily
2010-01-19,1.4281021356582642,1.1840967741720803,118409.67741720802,-0.008725766517542533,-0.008725766517542533,0.18409677417208026,1.325627396025289,-0.10676500974374004,Daily
2010-01-20,1.4110342264175415,1.1699450858795017,116994.50858795017,-0.011951462584190664,-0.011951462584190664,0.16994508587950174,1.325627396025289,-0.11744047430867766,Daily
2010-01-21,1.409701585769653,1.1688401400546233,116884.01400546233,-0.0009444424684665886,-0.0009444424684665886,0.16884014005462333,1.325627396025289,-0.1182740010056903,Daily
2010-01-22,1.414107084274292,1.1724929156073738,117249.29156073737,0.0031251284308047023,0.0031251284308047023,0.1724929156073738,1.325627396025289,-0.11551849401805347,Daily
2010-01-25,1.4150075912475586,1.173239562066013,117323.9562066013,0.0006368025330476534,0.0006368025330476534,0.173239562066013,1.325627396025289,-0.11495525395461037,Daily
2010-01-26,1.4082324504852295,1.1676220210506163,116762.20210506163,-0.004788059657231836,-0.004788059657231836,0.1676220210506163,1.325627396025289,-0.11919290099799529,Daily
2010-01-27,1.4030951261520386,1.1633624593435659,116336.24593435659,-0.003648065581375093,-0.003648065581375093,0.16336245934356586,1.325627396025289,-0.12240614305969544,Daily
2010-01-28,1.3968042135238647,1.1581464113007656,115814.64113007656,-0.004483596664915157,-0.004483596664915157,0.15814641130076557,1.325627396025289,-0.126340919949823,Daily
2010-01-29,1.386693239212036,1.1497629968604148,114976.29968604149,-0.007238648204189402,-0.007238648204189402,0.14976299686041483,1.325627396025289,-0.132665030680702,Daily
2010-02-01,1.3926994800567627,1.1547430121069178,115474.30121069177,0.004331340685081564,0.004331340685081564,0.15474301210691777,1.325627396025289,-0.1289083074404953,Daily
2010-02-02,1.3976240158081057,1.1588261422639723,115882.61422639723,0.003535964378432954,0.003535964378432954,0.1588261422639723,1.325627396025289,-0.12582815824525595,Daily
2010-02-03,1.3901052474975586,1.1525920298150316,115259.20298150316,-0.0053796788159794495,-0.0053796788159794495,0.15259202981503162,1.325627396025289,-0.13053092198386962,Daily
2010-02-04,1.3744947910308838,1.1396487740884211,113964.87740884212,-0.011229693934884821,-0.011229693934884821,0.13964877408842113,1.325627396025289,-0.1402947936158373,Daily
2010-02-05,1.368007779121399,1.134270132264252,113427.01322642522,-0.004719560926541799,-0.004719560926541799,0.1342701322642521,1.325627396025289,-0.14435222471623266,Daily
2010-02-08,1.3654673099517822,1.1321637273555862,113216.37273555863,-0.0018570575463016104,-0.0018570575463016104,0.13216372735558624,1.325627396025289,-0.14594121187429954,Daily
2010-02-09,1.378207802772522,1.1427273810843488,114272.73810843487,0.00933050006242131,0.00933050006242131,0.1427273810843488,1.325627396025289,-0.13797241629838108,Daily
2010-02-10,1.3753266334533691,1.1403384880132803,114033.84880132803,-0.002090518797932095,-0.002090518797932095,0.1403384880132803,1.325627396025289,-0.1397745011664453,Daily
2010-02-11,1.3681762218475342,1.1344097948861818,113440.97948861818,-0.005199064303641698,-0.005199064303641698,0.13440979488618177,1.325627396025289,-0.1442468688505132,Daily
2010-02-12,1.363493800163269,1.1305274112154258,113052.74112154258,-0.0034223820071525024,-0.0034223820071525024,0.13052741121542577,1.325627396025289,-0.1471755829691236,Daily
2010-02-15,1.3603036403656006,1.1278823217423455,112788.23217423455,-0.002339695125336716,-0.002339695125336716,0.12788232174234548,1.325627396025289,-0.14917093210041887,Daily
2010-02-16,1.3767088651657104,1.1414845517792218,114148.45517792218,0.01205997272469328,0.01205997272469328,0.1414845517792218,1.325627396025289,-0.13890995674817375,Daily
2010-02-17,1.360692262649536,1.128204544068949,112820.4544068949,-0.011633979355720081,-0.011633979355720081,0.128204544068949,1.325627396025289,-0.14892786053478158,Daily
2010-02-18,1.3461486101150513,1.1161458182812274,111614.58182812274,-0.010688421573122664,-0.010688421573122664,0.11614581828122739,1.325627396025289,-0.15802447835052535,Daily
2010-02-19,1.3615074157714844,1.1288804202251812,112888.04202251812,0.011409442866133768,0.011409442866133768,0.1288804202251812,1.325627396025289,-0.14841800674158245,Daily
2010-02-22,1.3605626821517944,1.1280971036796799,112809.71036796799,-0.000693887972071594,-0.000693887972071594,0.12809710367967986,1.325627396025289,-0.14900890924393717,Daily
2010-02-23,1.3527040481567385,1.121581194956768,112158.1194956768,-0.00577601759782731,-0.00577601759782731,0.121581194956768,1.325627396025289,-0.15392424875973842,Daily
2010-02-24,1.354316234588623,1.1229179234061508,112291.79234061508,0.001191824948022946,0.001191824948022946,0.12291792340615082,1.325627396025289,-0.15291587457149314,Daily
2010-02-25,1.3536012172698977,1.122325073861682,112232.50738616819,-0.0005279544765575128,-0.0005279544765575128,0.1223250738616819,1.325627396025289,-0.15336309642753387,Daily
2010-02-26,1.3631035089492798,1.1302038051119592,113020.38051119592,0.007020008225574248,0.007020008225574248,0.13020380511195917,1.325627396025289,-0.14741969840038038,Daily
2010-03-01,1.356208086013794,1.1244865333212426,112448.65333212426,-0.005058620192974983,-0.005058620192974983,0.1244865333212426,1.325627396025289,-0.15173257833018494,Daily
2010-03-02,1.3620638847351074,1.1293418109676923,112934.18109676923,0.0043177730480321586,0.0043177730480321586,0.12934181096769226,1.325627396025289,-0.14806995211937524,Daily
2010-03-03,1.3701633214950562,1.136057378923653,113605.7378923653,0.005946444106418314,0.005946444106418314,0.136057378923653,1.325627396025289,-0.14300399770707473,Daily
2010-03-04,1.3584003448486328,1.1263042230716234,112630.42230716234,-0.008585090887988533,-0.008585090887988533,0.12630422307162337,1.325627396025289,-0.15036138627740236,Daily
2010-03-05,1.3628991842269895,1.130034391287481,113003.43912874811,0.00331186560384622,0.00331186560384622,0.13003439128748107,1.325627396025289,-0.14754749737691486,Daily
2010-03-08,1.3616927862167358,1.129034118298147,112903.4118298147,-0.0008851703957385437,-0.0008851703957385437,0.12903411829814693,1.325627396025289,-0.14830206309601013,Daily
2010-03-09,1.360692262649536,1.128204544068949,112820.4544068949,-0.0007347645352369092,-0.0007347645352369092,0.128204544068949,1.325627396025289,-0.14892786053478158,Daily
2010-03-10,1.3643310070037842,1.1312215729944861,113122.1572994486,0.002674186114032029,0.002674186114032029,0.1312215729944861,1.325627396025289,-0.14665193523738407,Daily
2010-03-11,1.3685319423675537,1.1347047370403491,113470.47370403491,0.003079117415205168,0.003079117415205168,0.13470473704034913,1.325627396025289,-0.14402437634994192,Daily
2010-03-12,1.376993179321289,1.141720288051906,114172.0288051906,0.006182710605276531,0.006182710605276531,0.14172028805190595,1.325627396025289,-0.13873212678374258,Daily
2010-03-15,1.3677457571029663,1.1340528792968059,113405.28792968059,-0.0067156630527980266,-0.0067156630527980266,0.13405287929680587,1.325627396025289,-0.1445161116184629,Daily
2010-03-16,1.3768794536590576,1.1416259935428323,114162.59935428323,0.006677919860952564,0.006677919860952564,0.14162599354283234,1.325627396025289,-0.13880325876951505,Daily
2010-03-17,1.3738338947296145,1.1391007984507864,113910.07984507864,-0.0022119285180337567,-0.0022119285180337567,0.13910079845078638,1.325627396025289,-0.14070816440108047,Daily
2010-03-18,1.361396312713623,1.128788300222606,112878.8300222606,-0.009053191993373844,-0.009053191993373844,0.128788300222606,1.325627396025289,-0.14848749836709607,Daily
2010-03-19,1.353692889213562,1.1224010827479265,112240.10827479266,-0.005658472428727301,-0.005658472428727301,0.12240108274792649,1.325627396025289,-0.15330575838030247,Daily
2010-03-22,1.356704831123352,1.1248984046203094,112489.84046203094,0.002224981702858786,0.002224981702858786,0.12489840462030943,1.325627396025289,-0.15142187918478278,Daily
2010-03-23,1.3468012809753418,1.1166869738757534,111668.69738757535,-0.007299708765546309,-0.007299708765546309,0.11668697387575344,1.325627396025289,-0.1576162523315484,Daily
2010-03-24,1.3331022262573242,1.1053285380217697,110532.85380217696,-0.01017154862527081,-0.01017154862527081,0.10532853802176967,1.325627396025289,-0.16618459958209597,Daily
2010-03-25,1.3307074308395386,1.103342917064978,110334.2917064978,-0.0017964079352781326,-0.0017964079352781326,0.103342917064978,1.325627396025289,-0.16768247218396382,Daily
2010-03-26,1.3410038948059082,1.111880128419499,111188.0128419499,0.007737586585710776,0.007737586585710776,0.11188012841949901,1.325627396025289,-0.16124234324568243,Daily
2010-03-29,1.3481086492538452,1.1177709653652819,111777.09653652819,0.005298086363101362,0.005298086363101362,0.11777096536528187,1.325627396025289,-0.15679853274248545,Daily
2010-03-30,1.3424079418182373,1.1130442801258604,111304.42801258604,-0.004228670618472208,-0.004228670618472208,0.11304428012586043,1.325627396025289,-0.1603641540125299,Daily
2010-03-31,1.3508037328720093,1.1200055673161577,112000.55673161577,0.006254276954291704,0.006254276954291704,0.12000556731615775,1.325627396025289,-0.15511283889097338,Daily
2010-04-01,1.3584003448486328,1.1263042230716234,112630.42230716234,0.0056237718269194215,0.0056237718269194215,0.12630422307162337,1.325627396025289,-0.15036138627740236,Daily
2010-04-02,1.3504936695098877,1.119748481343306,111974.8481343306,-0.005820578129804632,-0.005820578129804632,0.11974848134330607,1.325627396025289,-0.15530677421067363,Daily
2010-04-05,1.34890878200531,1.118434387529749,111843.43875297491,-0.0011735615948150757,-0.0011735615948150757,0.11843438752974911,1.325627396025289,-0.1562980737398605,Daily
2010-04-06,1.3401951789855957,1.111209589688309,111120.95896883089,-0.006459742227165721,-0.006459742227165721,0.11120958968830896,1.325627396025289,-0.1617481707000641,Daily
2010-04-07,1.3348461389541626,1.1067744860021025,110677.44860021025,-0.003991239571150995,-0.003991239571150995,0.10677448600210249,1.325627396025289,-0.16509383457175575,Daily
2010-04-08,1.336112380027771,1.1078243772760854,110782.43772760854,0.0009486045145252753,0.0009486045145252753,0.1078243772760854,1.325627396025289,-0.1643018388140256,Daily
2010-04-09,1.350092530250549,1.119415880690232,111941.58806902319,0.010463304158956799,0.010463304158956799,0.1194158806902319,1.325627396025289,-0.15555767476845594,Daily
2010-04-12,1.3596007823944092,1.1272995540007336,112729.95540007336,0.007042667025270788,0.007042667025270788,0.12729955400073356,1.325627396025289,-0.1496105486498046,Daily
2010-04-13,1.360858917236328,1.1283427240728117,112834.27240728117,0.0009253707839906866,0.0009253707839906866,0.12834272407281166,1.325627396025289,-0.1488236230965112,Daily
2010-04-14,1.3655978441238403,1.1322719584744916,113227.19584744915,0.003482305790475815,0.003482305790475815,0.13227195847449158,1.325627396025289,-0.14585956667050404,Daily
2010-04-15,1.3574045896530151,1.125478602490605,112547.8602490605,-0.00599975644812345,-0.00599975644812345,0.12547860249060494,1.325627396025289,-0.15098420124297562,Daily
2010-04-16,1.3504024744033811,1.119672867821879,111967.2867821879,-0.005158458504567087,-0.005158458504567087,0.11967286782187903,1.325627396025289,-0.15536381401058563,Daily
2010-04-19,1.348726749420166,1.1182834570105087,111828.34570105087,-0.0012409078145058094,-0.0012409078145058094,0.11828345701050869,1.325627396025289,-0.15641192965419426,Daily
2010-04-20,1.343508243560791,1.1139565844432076,111395.65844432075,-0.0038692091349254998,-0.0038692091349254998,0.11395658444320755,1.325627396025289,-0.15967594832209042,Daily
2010-04-21,1.3389928340911863,1.1102126772999272,111021.26772999272,-0.0033609093887188024,-0.0033609093887188024,0.11021267729992723,1.325627396025289,-0.16250020131694098,Daily
2010-04-22,1.3269991874694824,1.1002682637172296,110026.82637172296,-0.008957214942710512,-0.008957214942710512,0.10026826371722963,1.325627396025289,-0.17000186702822195,Daily
2010-04-23,1.338401436805725,1.1097223260845037,110972.23260845037,0.008592506645000997,0.008592506645000997,0.10972232608450372,1.325627396025289,-0.16287010255532341,Daily
2010-04-26,1.3401232957839966,1.1111499884420077,111114.99884420077,0.0012865041316607595,0.0012865041316607595,0.11114998844200774,1.325627396025289,-0.16179313148352403,Daily
2010-04-27,1.3170719146728516,1.092037163572982,109203.7163572982,-0.017200940528132258,-0.017200940528132258,0.09203716357298197,1.325627396025289,-0.17621107797914792,Daily
2010-04-28,1.321283221244812,1.0955289268036348,109552.89268036348,0.0031974765576918696,0.0031974765576918696,0.09552892680363478,1.325627396025289,-0.17357703221249998,Daily
2010-04-29,1.3262951374053955,1.0996845075635726,109968.45075635726,0.0037932186528952805,0.0037932186528952805,0.09968450756357261,1.325627396025289,-0.17044222919590746,Daily
2010-04-30,1.3298048973083496,1.1025945903058627,110259.45903058627,0.002646288751250614,0.002646288751250614,0.10259459030586271,1.325627396025289,-0.168246979798516,Daily
2010-05-03,1.3199926614761353,1.094458871923938,109445.88719239381,-0.007378703336162529,-0.007378703336162529,0.09445887192393809,1.325627396025289,-0.17438423858354002,Daily
2010-05-04,1.2963947057724,1.074892860132373,107489.2860132373,-0.017877338558341727,-0.017877338558341727,0.07489286013237306,1.325627396025289,-0.18914405106948518,Daily
2010-05-05,1.2814927101135254,1.0625370176839852,106253.70176839852,-0.01149495257310218,-0.01149495257310218,0.06253701768398523,1.325627396025289,-0.19846480174605918,Daily
2010-05-06,1.263296127319336,1.0474495008673932,104744.95008673932,-0.01419952111360634,-0.01419952111360634,0.04744950086739319,1.325627396025289,-0.20984621771696466,Daily
2010-05-07,1.2756078243255615,1.0576576227836427,105765.76227836427,0.009745693618447682,0.009745693618447682,0.057657622783642726,1.325627396025289,-0.20214562104337663,Daily
2010-05-10,1.2779226303100586,1.0595769212922288,105957.69212922288,0.0018146690074758443,0.0018146690074758443,0.0595769212922288,1.325627396025289,-0.20069777942940514,Daily
2010-05-11,1.262993097305298,1.0471982465256062,104719.82465256062,-0.011682657972132748,-0.011682657972132748,0.047198246525606224,1.325627396025289,-0.21003575388869766,Daily
2010-05-12,1.2639029026031494,1.0479526025981947,104795.26025981946,0.0007203565085132091,0.0007203565085132091,0.04795260259819467,1.325627396025289,-0.2094666980025185,Daily
2010-05-13,1.2541072368621826,1.039830623143693,103983.0623143693,-0.007750330916078574,-0.007750330916078574,0.0398306231436929,1.325627396025289,-0.21559359269317924,Daily
2010-05-14,1.2360023260116575,1.0248191152133457,102481.91152133456,-0.014436493402130601,-0.014436493402130601,0.024819115213345677,1.325627396025289,-0.22691767061685308,Daily
2010-05-17,1.2392956018447876,1.0275497023283007,102754.97023283006,0.0026644576339567294,0.0026644576339567294,0.027549702328300674,1.325627396025289,-0.2248578255026511,Daily
2010-05-18,1.217893362045288,1.0098042466820465,100980.42466820465,-0.017269681073377896,-0.017269681073377896,0.009804246682046491,1.325627396025289,-0.23824428364274497,Daily
2010-05-19,1.2393416166305542,1.0275878550332296,102758.78550332296,0.01761094628945692,0.01761094628945692,0.02758785503322958,1.325627396025289,-0.2248290446362906,Daily
2010-05-20,1.2478941679000854,1.0346791184074178,103467.91184074178,0.006900882819366183,0.006900882819366183,0.034679118407417775,1.325627396025289,-0.21947968070834944,Daily
2010-05-21,1.2567076683044434,1.0419867451782119,104198.67451782119,0.007062698609441309,0.007062698609441309,0.04198674517821188,1.325627396025289,-0.21396710093464755,Daily
2010-05-24,1.234994888305664,1.0239838081942882,102398.38081942883,-0.017277510551100717,-0.017277510551100717,0.023983808194288248,1.325627396025289,-0.2275477926417615,Daily
2010-05-25,1.2345983982086182,1.0236550623481888,102365.50623481888,-0.00032104594180948354,-0.00032104594180948354,0.023655062348188816,1.325627396025289,-0.22779578528817568,Daily
2010-05-26,1.217300295829773,1.00931251168976,100931.25116897601,-0.014011116816565083,-0.014011116816565083,0.009312511689760106,1.325627396025289,-0.2386152287467469,Daily
2010-05-27,1.2347966432571411,1.0238194352712384,102381.94352712385,0.01437307416034228,0.01437307416034228,0.02381943527123842,1.325627396025289,-0.22767178896496865,Daily
2010-05-28,1.227400541305542,1.0176870304217076,101768.70304217076,-0.005989732796883418,-0.005989732796883418,0.017687030421707606,1.325627396025289,-0.23229782858056347,Daily
2010-05-31,1.2287880182266235,1.0188374432006462,101883.74432006462,0.001130419023284368,0.001130419023284368,0.018837443200646176,1.325627396025289,-0.2314300034417741,Daily
2010-06-01,1.2233014106750488,1.0142882767644703,101428.82767644704,-0.0044650561937386035,-0.0044650561937386035,0.014288276764470309,1.325627396025289,-0.23486171166522818,Daily
2010-06-02,1.223900318145752,1.014784854975776,101478.48549757761,0.0004895829151154718,0.0004895829151154718,0.014784854975776085,1.325627396025289,-0.23448711303155878,Daily
2010-06-03,1.216944694519043,1.0090176683767973,100901.76683767972,-0.00568316187485518,-0.00568316187485518,0.009017668376797294,1.325627396025289,-0.23883764668548813,Daily
2010-06-04,1.1971030235290527,0.9925661429383862,99256.61429383862,-0.016304496892385112,-0.016304496892385112,-0.007433857061613813,1.325627396025289,-0.25124801590970514,Daily
2010-06-07,1.1922929286956787,0.9885779003376323,98857.79003376323,-0.004018112676045127,-0.004018112676045127,-0.011422099662367735,1.325627396025289,-0.2542565857481922,Daily
2010-06-08,1.197203278541565,0.9926492683913536,99264.92683913535,0.004118408930981365,0.004118408930981365,-0.00735073160864641,1.325627396025289,-0.25118530941071704,Daily
2010-06-09,1.1991989612579346,0.9943039689955474,99430.39689955475,0.0016669539351752416,0.0016669539351752416,-0.005696031004452595,1.325627396025289,-0.24993706981552222,Daily
2010-06-10,1.2109030485153198,1.0040082972925641,100400.82972925641,0.009759921110261693,0.009759921110261693,0.004008297292564134,1.325627396025289,-0.24261651478918989,Daily
2010-06-11,1.2114017009735107,1.0044217500509025,100442.17500509025,0.0004118021329637678,0.0004118021329637678,0.0044217500509025065,1.325627396025289,-0.24230462265450858,Daily
2010-06-14,1.221806883811951,1.0130491045839092,101304.91045839092,0.008589374466024369,0.008589374466024369,0.013049104583909177,1.325627396025289,-0.23579649332731256,Daily
2010-06-15,1.2319064140319824,1.0214230302686294,102142.30302686294,0.00826606099035998,0.00826606099035998,0.02142303026862935,1.325627396025289,-0.22947954053210906,Daily
2010-06-16,1.2311935424804688,1.020831959865841,102083.1959865841,-0.0005786734636605839,-0.0005786734636605839,0.020831959865841077,1.325627396025289,-0.2299254202752108,Daily
2010-06-17,1.238206148147583,1.026646392560561,102664.63925605609,0.005695778466304979,0.005695778466304979,0.026646392560560894,1.325627396025289,-0.2255392460665654,Daily
2010-06-18,1.2392956018447876,1.0275497023283007,102754.97023283006,0.0008798645515004644,0.0008798645515004644,0.027549702328300674,1.325627396025289,-0.2248578255026511,Daily
2010-06-21,1.231602907180786,1.021171380562024,102117.1380562024,-0.0062073121639023565,-0.0062073121639023565,0.021171380562023945,1.325627396025289,-0.22966937495116224,Daily
2010-06-22,1.2275059223175049,1.0177744060464675,101777.44060464675,-0.003326546924657059,-0.003326546924657059,0.017774406046467517,1.325627396025289,-0.2322319159228876,Daily
2010-06-23,1.2319064140319824,1.0214230302686294,102142.30302686294,0.0035849046709033328,0.0035849046709033328,0.02142303026862935,1.325627396025289,-0.22947954053210906,Daily
2010-06-24,1.2337453365325928,1.0229477546889325,102294.77546889325,0.0014927452927140372,0.0014927452927140372,0.02294775468893251,1.325627396025289,-0.22832934974329855,Daily
2010-06-25,1.2373021841049194,1.0258968797069918,102589.68797069919,0.002882967389626012,0.002882967389626012,0.025896879706991838,1.325627396025289,-0.2261046484230771,Daily
2010-06-28,1.2277017831802368,1.0179368021454276,101793.68021454276,-0.0077591400451844095,-0.0077591400451844095,0.01793680214542759,1.325627396025289,-0.23210941083627956,Daily
2010-06-29,1.218635320663452,1.0104194343387276,101041.94343387276,-0.007384906205234132,-0.007384906205234132,0.010419434338727607,1.325627396025289,-0.23778021081313572,Daily
2010-06-30,1.223002314567566,1.0140402841824308,101404.02841824308,0.0035835116790610133,0.0035835116790610133,0.014040284182430751,1.325627396025289,-0.23504878729657308,Daily
2010-07-01,1.2507504224777222,1.0370473536667504,103704.73536667504,0.02268851626823598,0.02268851626823598,0.03704735366675038,1.325627396025289,-0.21769317926274456,Daily
2010-07-02,1.257102608680725,1.042314206088653,104231.4206088653,0.005078700025876737,0.005078700025876737,0.042314206088652995,1.325627396025289,-0.21372007759202283,Daily
2010-07-05,1.2536983489990234,1.0394915978123276,103949.15978123275,-0.0027080205372210786,-0.0027080205372210786,0.039491597812327583,1.325627396025289,-0.21584933976990828,Daily
2010-07-06,1.262403130531311,1.0467090814046363,104670.90814046362,0.006943282280971186,0.006943282280971186,0.046709081404636255,1.325627396025289,-0.2104047603851209,Daily
2010-07-07,1.2633121013641355,1.0474627455887933,104746.27455887933,0.0007200321441231949,0.0007200321441231949,0.047462745588793265,1.325627396025289,-0.20983622643175148,Daily
2010-07-08,1.2694060802459717,1.0525155079617936,105251.55079617936,0.004823811056077432,0.004823811056077432,0.052515507961793606,1.325627396025289,-0.20602462568470115,Daily
2010-07-09,1.2643983364105225,1.0483633866440123,104836.33866440124,-0.003944950251442814,-0.003944950251442814,0.048363386644012296,1.325627396025289,-0.2091568190372457,Daily
2010-07-12,1.259001851081848,1.0438889441584225,104388.89441584225,-0.004268026280384807,-0.004268026280384807,0.04388894415842248,1.325627396025289,-0.21253215851725782,Daily
2010-07-13,1.2720866203308103,1.0547380512857225,105473.80512857225,0.010392970620113795,0.010392970620113795,0.05473805128572251,1.325627396025289,-0.20434802837644328,Daily
2010-07-14,1.274047613143921,1.056363989099413,105636.3989099413,0.0015415560401073058,0.0015415560401073058,0.05636398909941298,1.325627396025289,-0.2031214862737638,Daily
2010-07-15,1.2928582429885864,1.0719606369602797,107196.06369602797,0.014764463785028603,0.014764463785028603,0.07196063696027966,1.325627396025289,-0.1913560023167853,Daily
2010-07-16,1.2931926250457764,1.072237886538845,107223.7886538845,0.0002586378352023022,0.0002586378352023022,0.07223788653884511,1.325627396025289,-0.19114685638377515,Daily
2010-07-19,1.2939456701278689,1.0728622664275431,107286.2266427543,0.0005823147051009503,0.0005823147051009503,0.07286226642754312,1.325627396025289,-0.1906758493039803,Daily
2010-07-20,1.289307713508606,1.0690167505260577,106901.67505260577,-0.0035843518984877143,-0.0035843518984877143,0.06901675052605771,1.325627396025289,-0.19357675186001955,Daily
2010-07-21,1.276796817779541,1.0586434649571228,105864.34649571228,-0.009703576266536729,-0.009703576266536729,0.058643464957122804,1.325627396025289,-0.20140194135145417,Daily
2010-07-22,1.2903059720993042,1.0698444467723702,106984.44467723703,0.010580504377553757,0.010580504377553757,0.06984444677237023,1.325627396025289,-0.19295237109601737,Daily
2010-07-23,1.291305661201477,1.070673329113137,107067.3329113137,0.0007747690267192464,0.0007747690267192464,0.07067332911313695,1.325627396025289,-0.19232709559005534,Daily
2010-07-26,1.299899935722351,1.0777991869088928,107779.91869088927,0.006655492017960674,0.006655492017960674,0.07779918690889276,1.325627396025289,-0.18695163502163192,Daily
2010-07-27,1.2990893125534058,1.0771270667184312,107712.70667184312,-0.0006236042841980538,-0.0006236042841980538,0.07712706671843117,1.325627396025289,-0.18745865546529272,Daily
2010-07-28,1.2992243766784668,1.0772390538031065,107723.90538031065,0.00010396831361458858,0.00010396831361458858,0.07723905380310647,1.325627396025289,-0.18737417691195934,Daily
2010-07-29,1.307805061340332,1.0843536437015517,108435.36437015518,0.0066044671081388895,0.0066044671081388895,0.08435364370155174,1.325627396025289,-0.18200721639215,Daily
2010-07-30,1.3039000034332275,1.0811158035252075,108111.58035252076,-0.0029859632926501067,-0.0029859632926501067,0.08111580352520753,1.325627396025289,-0.18444971281765576,Daily
2010-08-02,1.3175925016403198,1.0924688031129446,109246.88031129446,0.010501187338783025,0.010501187338783025,0.09246880311294459,1.325627396025289,-0.1758854664677557,Daily
2010-08-03,1.3225064277648926,1.0965431364028004,109654.31364028004,0.003729473352690915,0.003729473352690915,0.09654313640280043,1.325627396025289,-0.1728119532753819,Daily
2010-08-04,1.3225064277648926,1.0965431364028004,109654.31364028004,0.0,0.0,0.09654313640280043,1.325627396025289,-0.1728119532753819,Daily
2010-08-05,1.315806865692139,1.0909882607110442,109098.82607110441,-0.0050658068135641665,-0.0050658068135641665,0.09098826071104416,1.325627396025289,-0.1770023281185783,Daily
2010-08-06,1.3181308507919312,1.0929151699923747,109291.51699923747,0.0017662053302707204,0.0017662053302707204,0.0929151699923747,1.325627396025289,-0.175548745243701,Daily
2010-08-09,1.3285682201385498,1.1015692116505906,110156.92116505906,0.007918310492731395,0.007918310492731395,0.10156921165059063,1.325627396025289,-0.16902048422241867,Daily
2010-08-10,1.3229963779449463,1.0969493737532117,109694.93737532117,-0.004193869843599374,-0.004193869843599374,0.09694937375321167,1.325627396025289,-0.17250550415428711,Daily
2010-08-11,1.3184958696365356,1.0932178217604915,109321.78217604915,-0.003401754066327256,-0.003401754066327256,0.09321782176049154,1.325627396025289,-0.17532043692039367,Daily
2010-08-12,1.284406065940857,1.0649525978802634,106495.25978802633,-0.02585507052447289,-0.02585507052447289,0.06495259788026342,1.325627396025289,-0.1966425851839083,Daily
2010-08-13,1.2829889059066772,1.0637775736414095,106377.75736414094,-0.0011033582538723108,-0.0011033582538723108,0.06377757364140946,1.325627396025289,-0.1975289762183552,Daily
2010-08-16,1.277090311050415,1.0588868120025516,105888.68120025516,-0.004597541591440324,-0.004597541591440324,0.058886812002551636,1.325627396025289,-0.20121837012611699,Daily
2010-08-17,1.2811970710754397,1.062291891496876,106229.18914968759,0.0032157162179446974,0.0032157162179446974,0.06229189149687597,1.325627396025289,-0.19864971508433527,Daily
2010-08-18,1.2879958152770996,1.067929003070759,106792.9003070759,0.0053065561537326555,0.0053065561537326555,0.06792900307075911,1.325627396025289,-0.1943973047986206,Daily
2010-08-19,1.28564453125,1.0659794591536025,106597.94591536025,-0.0018255370081258215,-0.0018255370081258215,0.06597945915360248,1.325627396025289,-0.19586796233255666,Daily
2010-08-20,1.2808033227920532,1.0619654189984795,106196.54189984796,-0.003765588652440033,-0.003765588652440033,0.061965418998479516,1.325627396025289,-0.19889599280866066,Daily
2010-08-23,1.2710033655166626,1.0538398812606162,105383.98812606162,-0.007651414624711972,-0.007651414624711972,0.05383988126061623,1.325627396025289,-0.20502557172519975,Daily
2010-08-24,1.2635036706924438,1.0476215834043923,104762.15834043923,-0.005900609729046824,-0.005900609729046824,0.047621583404392265,1.325627396025289,-0.20971640557102156,Daily
2010-08-25,1.263296127319336,1.0474495008673932,104744.95008673932,-0.00016426020590365464,-0.00016426020590365464,0.04744950086739319,1.325627396025289,-0.20984621771696466,Daily
2010-08-26,1.26639986038208,1.0500229304672255,105002.29304672255,0.0024568531444248976,0.0024568531444248976,0.0500229304672255,1.325627396025289,-0.2079049259123834,Daily
2010-08-27,1.2706480026245115,1.0535452356300623,105354.52356300622,0.0033545030881083626,0.0033545030881083626,0.053545235630062304,1.325627396025289,-0.2052478405402811,Daily
2010-08-30,1.2753963470458984,1.0574822784868958,105748.22784868958,0.003736947141599556,0.003736947141599556,0.0574822784868958,1.325627396025289,-0.20227789372970817,Daily
2010-08-31,1.266592264175415,1.0501824601712555,105018.24601712555,-0.006903017160803215,-0.006903017160803215,0.050182460171255494,1.325627396025289,-0.20778458311884407,Daily
2010-09-01,1.268729567527771,1.0519545841263713,105195.45841263713,0.0016874438703031736,0.0016874438703031736,0.05195458412637133,1.325627396025289,-0.20644776406966825,Daily
2010-09-02,1.2802950143814087,1.0615439601025782,106154.39601025783,0.00911576993998331,0.00911576993998331,0.06154396010257823,1.325627396025289,-0.19921392445156794,Daily
2010-09-03,1.2825939655303955,1.0634501127309683,106345.01127309684,0.001795641725667041,0.001795641725667041,0.06345011273096834,1.325627396025289,-0.19777599956098002,Daily
2010-09-06,1.28940749168396,1.0690994806142073,106909.94806142073,0.005312301739036185,0.005312301739036185,0.06909948061420734,1.325627396025289,-0.19351434360835118,Daily
2010-09-07,1.2868356704711914,1.0669670804687632,106696.70804687632,-0.0019945759811043073,-0.0019945759811043073,0.06696708046876321,1.325627396025289,-0.19512294052769508,Daily
2010-09-08,1.2677966356277466,1.0511810528601135,105118.10528601136,-0.014795233983895928,-0.014795233983895928,0.05118105286011354,1.325627396025289,-0.20703128495085787,Daily
2010-09-09,1.2732040882110596,1.055664588736515,105566.4588736515,0.004265236577659426,0.004265236577659426,0.05566458873651503,1.325627396025289,-0.20364908578249075,Daily
2010-09-10,1.269309401512146,1.0524353477449604,105243.53477449605,-0.003058964964828048,-0.003058964964828048,0.05243534774496039,1.325627396025289,-0.20608509532879093,Daily
2010-09-13,1.2716983556747437,1.0544161254827327,105441.61254827326,0.0018820897093740907,0.0018820897093740907,0.05441612548273267,1.325627396025289,-0.20459087625659056,Daily
2010-09-14,1.287200093269348,1.0672692380308573,106726.92380308572,0.012189791333322209,0.012189791333322209,0.06726923803085727,1.325627396025289,-0.19489500501353774,Daily
2010-09-15,1.2991737127304075,1.0771970462912026,107719.70462912026,0.009302065408221205,0.009302065408221205,0.07719704629120261,1.325627396025289,-0.1874058656896881,Daily
2010-09-16,1.3015071153640747,1.0791317640276874,107913.17640276875,0.001796066692854481,0.001796066692854481,0.0791317640276874,1.325627396025289,-0.18594639243024447,Daily
2010-09-17,1.3075997829437256,1.0841834391474379,108418.34391474379,0.0046812403157292515,0.0046812403157292515,0.08418343914743787,1.325627396025289,-0.18213561186332405,Daily
2010-09-20,1.3043931722640991,1.0815247095881397,108152.47095881397,-0.0024522875588183224,-0.0024522875588183224,0.08152470958813973,1.325627396025289,-0.18414125052715224,Daily
2010-09-21,1.3066941499710083,1.083432542517006,108343.2542517006,0.0017640215817100735,0.0017640215817100735,0.08343254251700594,1.325627396025289,-0.18270205808545514,Daily
2010-09-22,1.3256973028182983,1.0991888189231072,109918.88189231072,0.014542923336506641,0.014542923336506641,0.09918881892310716,1.325627396025289,-0.17081615677310724,Daily
2010-09-23,1.339100360870361,1.1103018320663676,111030.18320663675,0.01011019485637421,0.01011019485637421,0.11030183206636757,1.325627396025289,-0.16243294654632623,Daily
2010-09-24,1.331912636756897,1.1043422016422675,110434.22016422675,-0.0053675768624182885,-0.0053675768624182885,0.10434220164226748,1.325627396025289,-0.16692865208316798,Daily
2010-09-27,1.3479087352752686,1.1176052086653694,111760.52086653694,0.012009870675392609,0.012009870675392609,0.11760520866536939,1.325627396025289,-0.15692357293131187,Daily
2010-09-28,1.3439054489135742,1.1142859233365339,111428.59233365339,-0.0029699980843855833,-0.0029699980843855833,0.11428592333653387,1.325627396025289,-0.15942750830469654,Daily
2010-09-29,1.3570915460586548,1.1252190454876414,112521.90454876414,0.009811774448671429,0.009811774448671429,0.1252190454876414,1.325627396025289,-0.15118000060842463,Daily
2010-09-30,1.36280620098114,1.1299572951479868,112995.72951479869,0.004210957572524876,0.004210957572524876,0.12995729514798682,1.325627396025289,-0.14760565560427608,Daily
2010-10-01,1.362212300300598,1.129464868267269,112946.4868267269,-0.0004357924700626459,-0.0004357924700626459,0.129464868267269,1.325627396025289,-0.14797712264108764,Daily
2010-10-04,1.377695083618164,1.1423022650638819,114230.2265063882,0.011365910669100199,0.011365910669100199,0.14230226506388188,1.325627396025289,-0.13829310672899653,Daily
2010-10-05,1.367409110069275,1.1337737517353554,113377.37517353555,-0.007466074076329932,-0.007466074076329932,0.13377375173535544,1.325627396025289,-0.14472667422624197,Daily
2010-10-06,1.3833937644958496,1.1470272700028272,114702.72700028273,0.011689738139717853,0.011689738139717853,0.14702727000282723,1.325627396025289,-0.13472875301006115,Daily
2010-10-07,1.3920016288757324,1.1541643956958938,115416.43956958938,0.006222280742330444,0.006222280742330444,0.1541643956958938,1.325627396025289,-0.12934479239302332,Daily
2010-10-08,1.3927963972091677,1.1548233700061599,115482.33700061598,0.0005709535944129485,0.0005709535944129485,0.15482337000615987,1.325627396025289,-0.12884768867274576,Daily
2010-10-11,1.3977607488632202,1.1589395131255102,115893.95131255103,0.003564305352885544,0.003564305352885544,0.15893951312551025,1.325627396025289,-0.1257426358263033,Daily
2010-10-12,1.3880213499069214,1.1508641867195228,115086.41867195228,-0.006967858386508263,-0.006967858386508263,0.15086418671952284,1.325627396025289,-0.13183433733322758,Daily
2010-10-13,1.3916915655136108,1.1539073097230423,115390.73097230423,0.002644206882650213,0.002644206882650213,0.15390730972304234,1.325627396025289,-0.12953872771272346,Daily
2010-10-14,1.3967260122299194,1.158081571470627,115808.1571470627,0.0036175017806123755,0.0036175017806123755,0.15808157147062696,1.325627396025289,-0.12638983251027025,Daily
2010-10-15,1.4072020053863523,1.166767637679094,116676.7637679094,0.0075003923924261695,0.0075003923924261695,0.16676763767909408,1.325627396025289,-0.11983741345608423,Daily
2010-10-18,1.3964334726333618,1.157839015154834,115783.90151548339,-0.007652442728031783,-0.007652442728031783,0.1578390151548339,1.325627396025289,-0.12657280724096787,Daily
2010-10-19,1.3935922384262085,1.155483233887266,115548.32338872661,-0.002034636280807023,-0.002034636280807023,0.15548323388726604,1.325627396025289,-0.1283499138959987,Daily
2010-10-20,1.3739094734191897,1.1391634637744263,113916.34637744263,-0.014123761932864132,-0.014123761932864132,0.13916346377442634,1.325627396025289,-0.14066089220089217,Daily
2010-10-21,1.3963165283203125,1.1577420519332393,115774.20519332393,0.016308974742971438,0.016308974742971438,0.1577420519332393,1.325627396025289,-0.12664595239614895,Daily
2010-10-22,1.3916915655136108,1.1539073097230423,115390.73097230423,-0.0033122595864887305,-0.0033122595864887305,0.15390730972304234,1.325627396025289,-0.12953872771272346,Daily
2010-10-25,1.3944084644317627,1.1561599996143381,115615.99996143382,0.0019522277676153887,0.0019522277676153887,0.15615999961433813,1.325627396025289,-0.1278393890463304,Daily
2010-10-26,1.3948947191238403,1.1565631728874104,115656.31728874103,0.00034871754186860393,0.00034871754186860393,0.1565631728874104,1.325627396025289,-0.12753525134196397,Daily
2010-10-27,1.3854252099990845,1.148711622968365,114871.1622968365,-0.006788690927659213,-0.006788690927659213,0.14871162296836493,1.325627396025289,-0.13345814486588126,Daily
2010-10-28,1.377808928489685,1.14239665841416,114239.665841416,-0.005497432452094886,-0.005497432452094886,0.14239665841416005,1.325627396025289,-0.13822190018139413,Daily
2010-10-29,1.377808928489685,1.14239665841416,114239.665841416,0.0,0.0,0.14239665841416005,1.325627396025289,-0.13822190018139413,Daily
2010-11-01,1.397506833076477,1.1587289813599686,115872.89813599686,0.014296542996265815,0.014296542996265815,0.1587289813599686,1.325627396025289,-0.125901452524097,Daily
2010-11-02,1.3910914659500122,1.1534097430996917,115340.97430996917,-0.004590580149323453,-0.004590580149323453,0.1534097430996917,1.325627396025289,-0.1299140719646924,Daily
2010-11-03,1.4036072492599487,1.1637870811580104,116378.70811580104,0.008997095889298201,0.008997095889298201,0.16378708115801044,1.325627396025289,-0.12208582543822977,Daily
2010-11-04,1.4127286672592163,1.1713500147599754,117135.00147599753,0.0064985543527769085,0.0064985543527769085,0.17135001475997536,1.325627396025289,-0.11638065245776685,Daily
2010-11-05,1.422798991203308,1.1796997243495986,117969.97243495985,0.007128278895641715,0.007128278895641715,0.17969972434959858,1.325627396025289,-0.1100819673109007,Daily
2010-11-08,1.407578468322754,1.1670797782028408,116707.97782028408,-0.010697591841615006,-0.010697591841615006,0.1670797782028408,1.325627396025289,-0.11960194719710171,Daily
2010-11-09,1.3869625329971311,1.1499862791413342,114998.62791413342,-0.014646384403839585,-0.014646384403839585,0.14998627914133422,1.325627396025289,-0.13249659550684478,Daily
2010-11-10,1.377201795578003,1.1418932601597451,114189.32601597451,-0.007037491775668814,-0.007037491775668814,0.14189326015974513,1.325627396025289,-0.1386016435813301,Daily
2010-11-11,1.3775622844696045,1.1421921559620918,114219.21559620918,0.00026175459018373815,0.00026175459018373815,0.14219215596209178,1.325627396025289,-0.13837616860756075,Daily
2010-11-12,1.3621008396148682,1.1293724517410808,112937.24517410809,-0.011223771896956003,-0.011223771896956003,0.1293724517410808,1.325627396025289,-0.14804683795209084,Daily
2010-11-15,1.3693190813064575,1.1353573855135282,113535.73855135281,0.005299344572484266,0.005299344572484266,0.13535738551352816,1.325627396025289,-0.14353204458678148,Daily
2010-11-16,1.357478380203247,1.125539785196178,112553.9785196178,-0.008647145332929429,-0.008647145332929429,0.12553978519617792,1.325627396025289,-0.15093804747023642,Daily
2010-11-17,1.3490543365478516,1.1185550726404188,111855.50726404188,-0.006205655852975278,-0.006205655852975278,0.11855507264041876,1.325627396025289,-0.15620703374549139,Daily
2010-11-18,1.355399250984192,1.1238158957488482,112381.58957488483,0.004703231192730639,0.004703231192730639,0.12381589574884821,1.325627396025289,-0.15223848034639642,Daily
2010-11-19,1.365728497505188,1.1323802884346013,113238.02884346012,0.00762081468873177,0.00762081468873177,0.13238028843460126,1.325627396025289,-0.14577784690487872,Daily
2010-11-22,1.3744381666183472,1.1396018245162933,113960.18245162933,0.006377306418566375,0.006377306418566375,0.13960182451629333,1.325627396025289,-0.14033021048506367,Daily
2010-11-23,1.3601926565170288,1.127790300580975,112779.0300580975,-0.010364606023978373,-0.010364606023978373,0.12779030058097507,1.325627396025289,-0.14924034916410234,Daily
2010-11-24,1.3386342525482178,1.1099153629568526,110991.53629568526,-0.015849522393404425,-0.015849522393404425,0.10991536295685256,1.325627396025289,-0.16272448330143086,Daily
2010-11-25,1.3357912302017212,1.1075580990712173,110755.80990712173,-0.0021238230988671614,-0.0021238230988671614,0.10755809907121727,1.325627396025289,-0.16450270838391112,Daily
2010-11-26,1.3339736461639404,1.106051067226516,110605.1067226516,-0.0013606797205175658,-0.0013606797205175658,0.10605106722651603,1.325627396025289,-0.1656395526051606,Daily
2010-11-29,1.3238019943237305,1.097617342613085,109761.7342613085,-0.007625077054153495,-0.007625077054153495,0.09761734261308508,1.325627396025289,-0.17200161530748426,Daily
2010-11-30,1.3103927373886108,1.0864991897271916,108649.91897271916,-0.01012935242023838,-0.01012935242023838,0.08649918972719162,1.325627396025289,-0.18038870274942287,Daily
2010-12-01,1.2992074489593506,1.0772250183520704,107722.50183520705,-0.008535829076365742,-0.008535829076365742,0.07722501835207041,1.325627396025289,-0.1873847646918122,Daily
2010-12-02,1.312490940093994,1.0882388937672378,108823.88937672378,0.010224303397647017,0.010224303397647017,0.08823889376723781,1.325627396025289,-0.179076339980471,Daily
2010-12-03,1.3215975761413574,1.0957895710598475,109578.95710598475,0.006938437263964037,0.006938437263964037,0.09578957105984753,1.325627396025289,-0.1733804126669216,Daily
2010-12-06,1.341597557067871,1.1123723576178077,111237.23576178077,0.015133185235483904,0.015133185235483904,0.11237235761780773,1.325627396025289,-0.16087102533253084,Daily
2010-12-07,1.328691840171814,1.101671709979636,110167.1709979636,-0.009619663384199506,-0.009619663384199506,0.10167170997963604,1.325627396025289,-0.16894316360476036,Daily
2010-12-08,1.3244681358337402,1.0981696672637176,109816.96672637176,-0.003178844191236596,-0.003178844191236596,0.09816966726371756,1.325627396025289,-0.17158496380172283,Daily
2010-12-09,1.3250824213027954,1.098678995990401,109867.8995990401,0.0004637978464225867,0.0004637978464225867,0.09867899599040109,1.325627396025289,-0.17120074669199004,Daily
2010-12-10,1.3242051601409912,1.0979516235666356,109795.16235666355,-0.0006620427134951257,-0.0006620427134951257,0.09795162356663556,1.325627396025289,-0.17174944719859275,Daily
2010-12-13,1.319713830947876,1.0942276823466601,109422.76823466601,-0.0033917170301897004,-0.0033917170301897004,0.09422768234666012,1.325627396025289,-0.1745586387037933,Daily
2010-12-14,1.3395488262176514,1.1106736726776205,111067.36726776205,0.015029769943025517,0.015029769943025517,0.11067367267762052,1.325627396025289,-0.1621524449420535,Daily
2010-12-15,1.336094617843628,1.1078096499366181,110780.96499366181,-0.0025786356618121564,-0.0025786356618121564,0.10780964993661812,1.325627396025289,-0.16431294852668799,Daily
2010-12-16,1.3224014043807983,1.096456057301654,109645.6057301654,-0.010248685444844918,-0.010248685444844918,0.09645605730165396,1.325627396025289,-0.17287764224756796,Daily
2010-12-17,1.323994755744934,1.097777168840729,109777.7168840729,0.0012048923714518267,0.0012048923714518267,0.09777716884072896,1.325627396025289,-0.17188104882845467,Daily
2010-12-20,1.3164995908737185,1.0915626269502754,109156.26269502754,-0.00566102308086458,-0.00566102308086458,0.0915626269502754,1.325627396025289,-0.17656904932473816,Daily
2010-12-21,1.3118022680282593,1.0876678881289592,108766.78881289592,-0.003568039730526218,-0.003568039730526218,0.0876678881289592,1.325627396025289,-0.17950708367209256,Daily
2010-12-22,1.3090033531188965,1.0853471954889813,108534.71954889812,-0.0021336408524205153,-0.0021336408524205153,0.08534719548898129,1.325627396025289,-0.18125772087749148,Daily
2010-12-23,1.3115441799163818,1.0874538969212606,108745.38969212606,0.0019410391817802353,0.0019410391817802353,0.0874538969212606,1.325627396025289,-0.1796685100339347,Daily
2010-12-24,1.31271493434906,1.0884246163904554,108842.46163904553,0.0008926534466822122,0.0008926534466822122,0.0884246163904554,1.325627396025289,-0.17893623830199445,Daily
2010-12-27,1.307976007461548,1.084495381988776,108449.53819887759,-0.0036100197868640382,-0.0036100197868640382,0.08449538198877593,1.325627396025289,-0.1819002947280013,Daily
2010-12-28,1.3189654350280762,1.0936071572649366,109360.71572649367,0.008401857147101177,0.008401857147101177,0.09360715726493662,1.325627396025289,-0.17502673787222034,Daily
2010-12-29,1.3086265325546265,1.0850347584416211,108503.47584416211,-0.007838645501145658,-0.007838645501145658,0.08503475844162112,1.325627396025289,-0.18149341082196369,Daily
2010-12-30,1.3224539756774902,1.0964996462728294,109649.96462728294,0.010566378396646536,0.010566378396646536,0.09649964627282936,1.325627396025289,-0.17284476048055997,Daily
2010-12-31,1.3301233053207395,1.1028585951630274,110285.85951630275,0.005799316864180559,0.005799316864180559,0.10285859516302742,1.325627396025289,-0.1680478251507196,Daily
2011-01-03,1.3357912302017212,1.1075580990712173,110755.80990712173,0.00426120259551066,0.00426120259551066,0.10755809907121727,1.325627396025289,-0.16450270838391112,Daily
2011-01-04,1.3356841802597046,1.1074693396695945,110746.93396695945,-8.013972512788126e-05,-8.013972512788126e-05,0.10746933966959449,1.325627396025289,-0.16456966490720637,Daily
2011-01-05,1.3321077823638916,1.1045040046940005,110450.40046940005,-0.002677577490749039,-0.002677577490749039,0.10450400469400045,1.325627396025289,-0.16680659436753986,Daily
2011-01-06,1.3156856298446655,1.0908877392060883,109088.77392060883,-0.012327945783849437,-0.012327945783849437,0.09088773920608828,1.325627396025289,-0.17707815749963762,Daily
2011-01-07,1.297993302345276,1.0762183206844456,107621.83206844455,-0.013447230172665248,-0.013447230172665248,0.07621832068444556,1.325627396025289,-0.18814417692985386,Daily
2011-01-10,1.289507269859314,1.0691822107023568,106918.22107023567,-0.0065378091478818234,-0.0065378091478818234,0.06918221070235675,1.325627396025289,-0.19345193535668292,Daily
2011-01-11,1.2964956760406494,1.0749765786325673,107497.65786325674,0.005419439149108474,0.005419439149108474,0.07497657863256735,1.325627396025289,-0.18908089719951737,Daily
2011-01-12,1.2983977794647217,1.0765536888912448,107655.36888912448,0.0014671112748183557,0.0014671112748183557,0.07655368889124481,1.325627396025289,-0.1878911886408332,Daily
2011-01-13,1.3128355741500854,1.0885246436893887,108852.46436893888,0.011119700690889855,0.011119700690889855,0.08852464368938873,1.325627396025289,-0.17886078173008502,Daily
2011-01-14,1.335327386856079,1.107173507944587,110717.3507944587,0.017132238910081865,0.017132238910081865,0.10717350794458702,1.325627396025289,-0.16479282846424703,Daily
2011-01-17,1.3380253314971924,1.1094104820843704,110941.04820843705,0.002020436836441597,0.002020436836441597,0.10941048208437043,1.325627396025289,-0.16310534512881603,Daily
2011-01-18,1.3283917903900146,1.101422926667961,110142.2926667961,-0.007199819674862273,-0.007199819674862273,0.10142292666796093,1.325627396025289,-0.16913083573074472,Daily
2011-01-19,1.337810516357422,1.1092323702338982,110923.23702338983,0.007090322324742715,0.007090322324742715,0.1092323702338982,1.325627396025289,-0.16323970554638612,Daily
2011-01-20,1.3452069759368896,1.1153650716070425,111536.50716070425,0.0055287796657530475,0.0055287796657530475,0.11536507160704246,1.325627396025289,-0.15861344224530138,Daily
2011-01-21,1.3468012809753418,1.1166869738757534,111668.69738757535,0.001185174524791499,0.001185174524791499,0.11668697387575344,1.325627396025289,-0.1576162523315484,Daily
2011-01-24,1.361952543258667,1.1292494932827082,112924.94932827081,0.011249812795212755,0.011249812795212755,0.12924949328270818,1.325627396025289,-0.14813959286854872,Daily
2011-01-25,1.364405393600464,1.1312832499060816,113128.32499060816,0.0018009807712744408,0.0018009807712744408,0.13128324990608164,1.325627396025289,-0.1466054086554951,Daily
2011-01-26,1.3686069250106812,1.1347669081579668,113476.69081579668,0.003079386397857764,0.003079386397857764,0.13476690815796677,1.325627396025289,-0.1439774769589034,Daily
2011-01-27,1.3710086345672607,1.1367582619046182,113675.82619046181,0.0017548570832788268,0.0017548570832788268,0.13675826190461815,1.325627396025289,-0.14247527977089858,Daily
2011-01-28,1.3723068237304688,1.1378346426214017,113783.46426214017,0.000946886205146269,0.000946886205146269,0.13783464262140166,1.325627396025289,-0.14166330144274175,Daily
2011-01-31,1.3572757244110107,1.1253717551485625,112537.17551485625,-0.010953162266290728,-0.010953162266290728,0.12537175514856247,1.325627396025289,-0.15106480258115162,Daily
2011-02-01,1.3713847398757937,1.1370701059047517,113707.01059047517,0.010395098955229054,0.010395098955229054,0.13707010590475166,1.325627396025289,-0.14224003719740574,Daily
2011-02-02,1.382991909980774,1.1466940763025264,114669.40763025264,0.008463832043246855,0.008463832043246855,0.1466940763025264,1.325627396025289,-0.13498010093882296,Daily
2011-02-03,1.3817880153656006,1.1456958789784863,114569.58789784863,-0.0008705001139089896,-0.0008705001139089896,0.14569587897848635,1.325627396025289,-0.1357331008594892,Daily
2011-02-04,1.362453579902649,1.129664922865136,112966.4922865136,-0.01399233113035514,-0.01399233113035514,0.1296649228651361,1.325627396025289,-0.14782620949726843,Daily
2011-02-07,1.357496738433838,1.1255550067416678,112555.50067416677,-0.00363817273625211,-0.00363817273625211,0.12555500674166775,1.325627396025289,-0.15092656494842416,Daily
2011-02-08,1.359194278717041,1.1269625054934578,112696.25054934577,0.0012504930841759077,0.0012504930841759077,0.12696250549345778,1.325627396025289,-0.14986480448993467,Daily
2011-02-09,1.3626948595046997,1.129864977463003,112986.4977463003,0.002575482285698927,0.002575482285698927,0.12986497746300296,1.325627396025289,-0.14767529635344934,Daily
2011-02-10,1.372099757194519,1.1376629554492206,113766.29554492206,0.0069016901503817785,0.0069016901503817785,0.13766295544922058,1.325627396025289,-0.141792815341365,Daily
2011-02-11,1.3601926565170288,1.127790300580975,112779.0300580975,-0.00867801383613409,-0.00867801383613409,0.12779030058097507,1.325627396025289,-0.14924034916410234,Daily
2011-02-14,1.3510043621063232,1.1201719170632969,112017.19170632969,-0.006755141903378337,-0.006755141903378337,0.12017191706329688,1.325627396025289,-0.15498735133116737,Daily
2011-02-15,1.3481086492538452,1.1177709653652819,111777.09653652819,-0.002143377870344687,-0.002143377870344687,0.11777096536528187,1.325627396025289,-0.15679853274248545,Daily
2011-02-16,1.3498555421829224,1.1192193843757265,111921.93843757265,0.001295810193076008,0.001295810193076008,0.11921938437572654,1.325627396025289,-0.15570590368639659,Daily
2011-02-17,1.357533574104309,1.125585548673852,112558.5548673852,0.005688039706063908,0.005688039706063908,0.12558554867385197,1.325627396025289,-0.15090352534296958,Daily
2011-02-18,1.3626019954681396,1.1297879801647133,112978.79801647132,0.003733551390929346,0.003733551390929346,0.12978798016471327,1.325627396025289,-0.1477333800189805,Daily
2011-02-21,1.3713470697402954,1.137038872084136,113703.8872084136,0.006417922695872269,0.006417922695872269,0.137038872084136,1.325627396025289,-0.14226359873567007,Daily
2011-02-22,1.3682323694229126,1.1344563490934918,113445.63490934917,-0.002271270625876287,-0.002271270625876287,0.1344563490934918,1.325627396025289,-0.14421175022860655,Daily
2011-02-23,1.3673717975616455,1.133742814438353,113374.2814438353,-0.0006289661613767539,-0.0006289661613767539,0.133742814438353,1.325627396025289,-0.1447500120790166,Daily
2011-02-24,1.3764055967330933,1.1412330997550257,114123.30997550258,0.006606688237652314,0.006606688237652314,0.14123309975502574,1.325627396025289,-0.13909964204356673,Daily
2011-02-25,1.381998062133789,1.1458700371807793,114587.00371807793,0.004063094057426886,0.004063094057426886,0.1458700371807793,1.325627396025289,-0.13560172291511718,Daily
2011-02-28,1.373437762260437,1.1387723491283002,113877.23491283001,-0.006194147522996407,-0.006194147522996407,0.13877234912830017,1.325627396025289,-0.14095593336200496,Daily
2011-03-01,1.3821508884429932,1.1459967516049223,114599.67516049223,0.006344026953369664,0.006344026953369664,0.14599675160492231,1.325627396025289,-0.1355061346491211,Daily
2011-03-02,1.3771828413009644,1.141877544408233,114187.7544408233,-0.003594431826198896,-0.003594431826198896,0.14187754440823297,1.325627396025289,-0.13861349891229202,Daily
2011-03-03,1.3866548538208008,1.1497311699925725,114973.11699925725,0.006877817698402788,0.006877817698402788,0.14973116999257252,1.325627396025289,-0.13268903958994582,Daily
2011-03-04,1.3958877325057983,1.157386520120726,115738.6520120726,0.006658382696715925,0.006658382696715925,0.15738652012072607,1.325627396025289,-0.12691415129847938,Daily
2011-03-07,1.3990709781646729,1.1600258768039462,116002.58768039462,0.0022804453286227044,0.0022804453286227044,0.1600258768039462,1.325627396025289,-0.12492312675332151,Daily
2011-03-08,1.3963944911956787,1.157806694080969,115780.6694080969,-0.0019130458788483296,-0.0019130458788483296,0.15780669408096903,1.325627396025289,-0.12659718895936156,Daily
2011-03-09,1.3897961378097534,1.1523357345718157,115233.57345718157,-0.004725278871786087,-0.004725278871786087,0.1523357345718157,1.325627396025289,-0.1307242608089304,Daily
2011-03-10,1.3902212381362915,1.1526882023069902,115268.82023069903,0.0003058724333542262,0.0003058724333542262,0.1526882023069902,1.325627396025289,-0.13045837332332832,Daily
2011-03-11,1.3801289796829224,1.144320305935743,114432.0305935743,-0.007259462146398055,-0.007259462146398055,0.14432030593574297,1.325627396025289,-0.13677077784690495,Daily
2011-03-14,1.3934563398361206,1.155370554914159,115537.05549141591,0.009656604816935532,0.009656604816935532,0.15537055491415908,1.325627396025289,-0.12843491438214194,Daily
2011-03-15,1.3992079496383667,1.1601394453478935,116013.94453478935,0.004127585226619157,0.004127585226619157,0.16013944534789348,1.325627396025289,-0.12483745521070866,Daily
2011-03-16,1.3986209630966189,1.1596527512570358,115965.27512570359,-0.0004195134410861501,-0.0004195134410861501,0.15965275125703582,1.325627396025289,-0.12520459766138292,Daily
2011-03-17,1.3884838819503784,1.1512476905929039,115124.76905929038,-0.007247911631323323,-0.007247911631323323,0.15124769059290388,1.325627396025289,-0.13154503743302115,Daily
2011-03-18,1.4032920598983765,1.1635257450133663,116352.57450133662,0.010664998089281008,0.010664998089281008,0.16352574501336625,1.325627396025289,-0.12228296691661777,Daily
2011-03-21,1.4170527458190918,1.1749352817700658,117493.52817700658,0.009806002837151162,0.009806002837151162,0.1749352817700658,1.325627396025289,-0.11367607119998624,Daily
2011-03-22,1.4217066764831543,1.1787940423929515,117879.40423929515,0.0032842324873183504,0.0032842324873183504,0.1787940423929515,1.325627396025289,-0.1107651773587337,Daily
2011-03-23,1.4168118238449097,1.1747355236958126,117473.55236958126,-0.003442941303724356,-0.003442941303724356,0.17473552369581258,1.325627396025289,-0.11382676065831532,Daily
2011-03-24,1.4105963706970217,1.1695820421354481,116958.20421354481,-0.004386929190794531,-0.004386929190794531,0.16958204213544814,1.325627396025289,-0.11771433991008429,Daily
2011-03-25,1.4171934127807615,1.1750519143913516,117505.19143913516,0.004676775171681413,0.004676775171681413,0.1750519143913516,1.325627396025289,-0.11358808824064526,Daily
2011-03-28,1.402603268623352,1.1629546405338829,116295.46405338829,-0.010295097356387672,-0.010295097356387672,0.16295464053388287,1.325627396025289,-0.12271378517006959,Daily
2011-03-29,1.4079747200012207,1.1674083263665314,116740.83263665314,0.0038296298732716227,0.0038296298732716227,0.16740832636653136,1.325627396025289,-0.1193541036743474,Daily
2011-03-30,1.411113977432251,1.1700112106452987,117001.12106452987,0.0022296262755538976,0.0022296262755538976,0.17001121064529867,1.325627396025289,-0.11739059244444094,Daily
2011-03-31,1.4121301174163818,1.1708537330722832,117085.37330722832,0.0007200977386532248,0.0007200977386532248,0.17085373307228324,1.325627396025289,-0.11675502740594612,Daily
2011-04-01,1.415869116783142,1.1739538874507873,117395.38874507873,0.0026477725534250762,0.0026477725534250762,0.17395388745078733,1.325627396025289,-0.11441639560956096,Daily
2011-04-04,1.4223334789276123,1.1793137494461055,117931.37494461055,0.004565649513676329,0.004565649513676329,0.17931374944610545,1.325627396025289,-0.110373131256856,Daily
2011-04-05,1.422009825706482,1.179045395575943,117904.5395575943,-0.00022755087040104982,-0.00022755087040104982,0.179045395575943,1.325627396025289,-0.11057556662517065,Daily
2011-04-06,1.4219088554382324,1.1789616770757487,117896.16770757487,-7.100532389037184e-05,-7.100532389037184e-05,0.17896167707574873,1.325627396025289,-0.11063872049513845,Daily
2011-04-07,1.4335273504257202,1.188595037387949,118859.5037387949,0.00817105466574164,0.00817105466574164,0.18859503738794903,1.325627396025289,-0.10337170086271041,Daily
2011-04-08,1.430206060409546,1.1858412225899415,118584.12225899415,-0.0023168654683762835,-0.0023168654683762835,0.1858412225899415,1.325627396025289,-0.10544906800695053,Daily
2011-04-11,1.446215271949768,1.1991151021455364,119911.51021455364,0.011193639842106418,0.011193639842106418,0.1991151021455364,1.325627396025289,-0.09543578705379974,Daily
2011-04-12,1.4437931776046753,1.1971068465529189,119710.68465529189,-0.0016747813358569674,-0.0016747813358569674,0.19710684655291888,1.325627396025289,-0.09695073431472612,Daily
2011-04-13,1.447638988494873,1.2002955626506369,120029.55626506369,0.0026636854570667445,0.0026636854570667445,0.20029556265063686,1.325627396025289,-0.09454529511870546,Daily
2011-04-14,1.444210171699524,1.1974525930861888,119745.25930861887,-0.002368557922658554,-0.002368557922658554,0.1974525930861888,1.325627396025289,-0.09668991703356056,Daily
2011-04-15,1.4432096481323242,1.196623018856991,119662.30188569911,-0.00069278252348981,-0.00069278252348981,0.19662301885699107,1.325627396025289,-0.0973157144723319,Daily
2011-04-18,1.4412959814071655,1.1950363210014792,119503.63210014792,-0.0013259797200186885,-0.0013259797200186885,0.19503632100147916,1.325627396025289,-0.09851265552852118,Daily
2011-04-19,1.4223941564559937,1.1793640596191857,117936.40596191857,-0.013114464478501953,-0.013114464478501953,0.17936405961918567,1.325627396025289,-0.11033517928541137,Daily
2011-04-20,1.433794617652893,1.1888166393683925,118881.66393683925,0.008014980338012956,0.008014980338012956,0.18881663936839255,1.325627396025289,-0.10320453323996215,Daily
2011-04-21,1.4513999223709106,1.2034139038107654,120341.39038107655,0.01227881908696049,0.01227881908696049,0.2034139038107654,1.325627396025289,-0.09219294394560928,Daily
2011-04-22,1.455498218536377,1.2068119655795713,120681.19655795713,0.0028236849832343758,0.0028236849832343758,0.20681196557957127,1.325627396025289,-0.08962958279375433,Daily
2011-04-25,1.4557099342346191,1.2069875075587273,120698.75075587272,0.0001454592630523166,0.0001454592630523166,0.2069875075587273,1.325627396025289,-0.08949716098376281,Daily
2011-04-26,1.4578959941864014,1.208800057566475,120880.0057566475,0.0015017139749968766,0.0015017139749968766,0.20880005756647502,1.325627396025289,-0.08812984614613772,Daily
2011-04-27,1.4687954187393188,1.217837207733254,121783.7207733254,0.007476133137329866,0.007476133137329866,0.217837207733254,1.325627396025289,-0.08131258347196879,Daily
2011-04-28,1.477999925613403,1.2254690336547411,122546.9033654741,0.0062667045094575435,0.0062667045094575435,0.22546903365474114,1.325627396025289,-0.07555544089603072,Daily
2011-04-29,1.484406352043152,1.2307808588246825,123078.08588246825,0.004334524189566702,0.004334524189566702,0.23078085882468247,1.325627396025289,-0.07154841359268127,Daily
2011-05-02,1.4793994426727295,1.2266294293953326,122662.94293953326,-0.0033730045438911116,-0.0033730045438911116,0.2266294293953326,1.325627396025289,-0.07468008501241608,Daily
2011-05-03,1.4823819398880005,1.229102337490209,122910.2337490209,0.002016018885259818,0.002016018885259818,0.22910233749020903,1.325627396025289,-0.07281462258889415,Daily
2011-05-04,1.4833273887634275,1.2298862470829368,122988.62470829368,0.0006377903359362502,0.0006377903359362502,0.2298862470829368,1.325627396025289,-0.07222327271555995,Daily
2011-05-05,1.4829754829406738,1.2295944678473132,122959.44678473132,-0.0002372408312685259,-0.0002372408312685259,0.2295944678473132,1.325627396025289,-0.07244337923757249,Daily
2011-05-06,1.454439640045166,1.205934255683792,120593.4255683792,-0.019242289049123507,-0.019242289049123507,0.20593425568379198,1.325627396025289,-0.09029169184371133,Daily
2011-05-09,1.4352967739105225,1.1900621373860405,119006.21373860406,-0.013161677946325168,-0.013161677946325168,0.1900621373860405,1.325627396025289,-0.10226497962076087,Daily
2011-05-10,1.4376078844070437,1.1919783718172878,119197.83718172878,0.001610196956149057,0.001610196956149057,0.19197837181728783,1.325627396025289,-0.10081944942351773,Daily
2011-05-11,1.44110906124115,1.1948813379928551,119488.13379928551,0.0024354184976875803,0.0024354184976875803,0.19488133799285512,1.325627396025289,-0.09862956847788285,Daily
2011-05-12,1.4211004972457886,1.1782914348681726,117829.14348681725,-0.013884142799108434,-0.013884142799108434,0.17829143486817256,1.325627396025289,-0.11114432426402998,Daily
2011-05-13,1.423791527748108,1.180522676218096,118052.2676218096,0.0018936243478449022,0.0018936243478449022,0.18052267621809603,1.325627396025289,-0.10946116551473617,Daily
2011-05-16,1.4077963829040527,1.1672604599246297,116726.04599246297,-0.011234190211367179,-0.011234190211367179,0.16726045992462968,1.325627396025289,-0.11946564817195293,Daily
2011-05-17,1.415808916091919,1.173903972642525,117390.3972642525,0.005691542672767724,0.005691542672767724,0.1739039726425251,1.325627396025289,-0.11445404933368575,Daily
2011-05-18,1.4268999099731443,1.1830999606249029,118309.99606249029,0.00783367992330497,0.00783367992330497,0.18309996062490286,1.325627396025289,-0.107516965798787,Daily
2011-05-19,1.4255167245864868,1.1819531061293256,118195.31061293256,-0.0009693639876139359,-0.0009693639876139359,0.18195310612932558,1.325627396025289,-0.10838210671169812,Daily
2011-05-20,1.4316186904907229,1.1870124908630255,118701.24908630255,0.004280529157597801,0.004280529157597801,0.18701249086302552,1.325627396025289,-0.10456551032204153,Daily
2011-05-23,1.4105764627456665,1.1695655356542998,116956.55356542997,-0.014698206921176404,-0.014698206921176404,0.16956553565429977,1.325627396025289,-0.11772679173568612,Daily
2011-05-24,1.403666377067566,1.1638361063954323,116383.61063954323,-0.004898767178243002,-0.004898767178243002,0.16383610639543233,1.325627396025289,-0.12204884277057448,Daily
2011-05-25,1.4099003076553345,1.1690049083424912,116900.49083424911,0.004441176827781446,0.004441176827781446,0.16900490834249116,1.325627396025289,-0.1181497064351632,Daily
2011-05-26,1.4084903001785278,1.1678358145759058,116783.58145759058,-0.0010000760118646923,-0.0010000760118646923,0.1678358145759058,1.325627396025289,-0.11903162375981324,Daily
2011-05-27,1.4135074615478516,1.171995744348841,117199.5744348841,0.00356208443088879,0.00356208443088879,0.1719957443488409,1.325627396025289,-0.11589354002270269,Daily
2011-05-30,1.4297356605529783,1.1854511951970645,118545.11951970645,0.011480801797364437,0.011480801797364437,0.18545119519706454,1.325627396025289,-0.10574328898793384,Daily
2011-05-31,1.432233810424805,1.1875225114781405,118752.25114781405,0.0017472809420311375,0.0017472809420311375,0.18752251147814047,1.325627396025289,-0.10418077127949898,Daily
2011-06-01,1.4427932500839231,1.1962777665297433,119627.77665297432,0.007372706594593215,0.007372706594593215,0.19627776652974327,1.325627396025289,-0.0975761589443479,Daily
2011-06-02,1.434493899345398,1.18939644187387,118939.644187387,-0.005752279987477404,-0.005752279987477404,0.18939644187387006,1.325627396025289,-0.10276715354547483,Daily
2011-06-03,1.4486035108566284,1.2010952868360816,120109.52868360815,0.009835950865785481,0.009835950865785481,0.20109528683608158,1.325627396025289,-0.09394201535257918,Daily
2011-06-06,1.465502142906189,1.2151066206182992,121510.66206182992,0.011665463960920386,0.011665463960920386,0.21510662061829922,1.325627396025289,-0.08337242858617055,Daily
2011-06-07,1.458299994468689,1.2091350304084567,120913.50304084567,-0.004914457800257788,-0.004914457800257788,0.2091350304084567,1.325627396025289,-0.0878771561044367,Daily
2011-06-08,1.4686013460159302,1.2176762942523611,121767.62942523611,0.00706394540651023,0.00706394540651023,0.21767629425236112,1.325627396025289,-0.08143397013112752,Daily
2011-06-09,1.4601950645446775,1.2107063090360695,121070.63090360694,-0.00572400501610415,-0.00572400501610415,0.21070630903606946,1.325627396025289,-0.08669184669371988,Daily
2011-06-10,1.451568365097046,1.2035535664326953,120355.35664326952,-0.005907908920594451,-0.005907908920594451,0.2035535664326953,1.325627396025289,-0.0920875880798897,Daily
2011-06-13,1.4332603216171265,1.1883736330899148,118837.36330899148,-0.012612594707997471,-0.012612594707997471,0.18837363308991484,1.325627396025289,-0.10353871936179848,Daily
2011-06-14,1.4416908025741575,1.1953636830707155,119536.36830707155,0.005882030521516812,0.005882030521516812,0.1953636830707155,1.325627396025289,-0.0982657067477265,Daily
2011-06-15,1.4450031518936155,1.1981100847783872,119811.00847783872,0.002297544878238744,0.002297544878238744,0.1981100847783872,1.325627396025289,-0.09619393174073254,Daily
2011-06-16,1.4181982278823853,1.1758850469039108,117588.50469039108,-0.01855007996079705,-0.01855007996079705,0.17588504690391082,1.325627396025289,-0.11295960657599557,Daily
2011-06-17,1.419909954071045,1.1773043077590342,117730.43077590341,0.0012069724492715928,0.0012069724492715928,0.17730430775903416,1.325627396025289,-0.11188897325974179,Daily
2011-06-20,1.4285101890563965,1.1844351076150141,118443.51076150141,0.006056887593958837,0.006056887593958837,0.18443510761501414,1.325627396025289,-0.10650978459982074,Daily
2011-06-21,1.4325416088104248,1.187777719468107,118777.7719468107,0.0028221148052791634,0.0028221148052791634,0.18777771946810695,1.325627396025289,-0.10398825263456779,Daily
2011-06-22,1.4381660223007202,1.1924411463366613,119244.11463366613,0.003926178098914601,0.003926178098914601,0.19244114633666132,1.325627396025289,-0.10047035093569145,Daily
2011-06-23,1.4314342737197876,1.1868595835196953,118685.95835196953,-0.004680786833055284,-0.004680786833055284,0.18685958351969534,1.325627396025289,-0.10468085747297451,Daily
2011-06-24,1.427001714706421,1.1831843710135284,118318.43710135283,-0.003096585777458194,-0.003096585777458194,0.18318437101352836,1.325627396025289,-0.10745328999600967,Daily
2011-06-27,1.4171332120895386,1.1750019995830896,117500.19995830896,-0.006915550636820589,-0.006915550636820589,0.1750019995830896,1.325627396025289,-0.11362574196476993,Daily
2011-06-28,1.4316802024841309,1.187063492924537,118706.3492924537,0.010265083247285478,0.010265083247285478,0.18706349292453694,1.325627396025289,-0.10452703641778738,Daily
2011-06-29,1.4357914924621582,1.1904723283846312,119047.23283846313,0.002871653858797396,0.002871653858797396,0.19047232838463124,1.325627396025289,-0.10195554802646767,Daily
2011-06-30,1.4478904008865356,1.2005040187508846,120050.40187508846,0.008426647245018737,0.008426647245018737,0.20050401875088464,1.325627396025289,-0.09438804421934055,Daily
2011-07-01,1.4496954679489136,1.2020006722691152,120200.06722691152,0.0012466876369041646,0.0012466876369041646,0.20200067226911522,1.325627396025289,-0.09325902899023619,Daily
2011-07-04,1.4539955854415894,1.2055660721971053,120556.60721971054,0.002966221242837852,0.002966221242837852,0.20556607219710532,1.325627396025289,-0.09056943466027556,Daily
2011-07-05,1.4553074836730957,1.206653819652404,120665.38196524039,0.0009022711242330228,0.0009022711242330228,0.20665381965240393,1.325627396025289,-0.0897488817216745,Daily
2011-07-06,1.4428139925003052,1.1962949648993229,119629.49648993228,-0.008584777658985132,-0.008584777658985132,0.19629496489932285,1.325627396025289,-0.09756318518593654,Daily
2011-07-07,1.4331575632095337,1.1882884319716533,118828.84319716533,-0.006692774911364219,-0.006692774911364219,0.18828843197165335,1.325627396025289,-0.1036029916592155,Daily
2011-07-08,1.4364513158798218,1.1910194144514261,119101.94144514261,0.0022982488142557767,0.0022982488142557767,0.19101941445142612,1.325627396025289,-0.10154284829769378,Daily
2011-07-11,1.4201923608779907,1.1775384625724463,117753.84625724463,-0.011318834701942282,-0.011318834701942282,0.17753846257244632,1.325627396025289,-0.1117123362845901,Daily
2011-07-12,1.4040604829788208,1.164162875417442,116416.2875417442,-0.011358938650533834,-0.011358938650533834,0.164162875417442,1.325627396025289,-0.1218023413607594,Daily
2011-07-13,1.3969016075134275,1.1582271645648254,115822.71645648255,-0.005098694502251866,-0.005098694502251866,0.15822716456482544,1.325627396025289,-0.12628000293475372,Daily
2011-07-14,1.4234267473220823,1.180220222132388,118022.02221323882,0.01898855271265032,0.01898855271265032,0.18022022213238809,1.325627396025289,-0.10968932471438364,Daily
2011-07-15,1.4157286882400513,1.1738374525119104,117383.74525119104,-0.005408117485858233,-0.005408117485858233,0.1738374525119104,1.325627396025289,-0.11450422944524208,Daily
2011-07-18,1.412309646606445,1.1710025879262291,117100.25879262292,-0.0024150401570633973,-0.0024150401570633973,0.17100258792622913,1.325627396025289,-0.1166427372900416,Daily
2011-07-19,1.411193609237671,1.1700772365698908,117007.72365698908,-0.0007902214443240574,-0.0007902214443240574,0.17007723656989082,1.325627396025289,-0.1173407851420345,Daily
2011-07-20,1.417293906211853,1.175135237526728,117513.52375267282,0.004322792375369033,0.004322792375369033,0.1751352375267281,1.325627396025289,-0.11352523261799718,Daily
2011-07-21,1.427001714706421,1.1831843710135284,118318.43710135283,0.006849538018909973,0.006849538018909973,0.18318437101352836,1.325627396025289,-0.10745328999600967,Daily
2011-07-22,1.4420026540756226,1.1956222516616344,119562.22516616344,0.010512208369902298,0.010512208369902298,0.19562225166163438,1.325627396025289,-0.09807065300057694,Daily
2011-07-25,1.4388489723205566,1.1930074075971253,119300.74075971253,-0.00218701522230369,-0.00218701522230369,0.1930074075971253,1.325627396025289,-0.10004318621190722,Daily
2011-07-26,1.4371533393859863,1.1916014903046066,119160.14903046066,-0.0011784648473812664,-0.0011784648473812664,0.1916014903046066,1.325627396025289,-0.10110375368111768,Daily
2011-07-27,1.450810194015503,1.2029249363722045,120292.49363722045,0.009502712240401223,0.009502712240401223,0.20292493637220455,1.325627396025289,-0.09256180131837255,Daily
2011-07-28,1.4372979402542114,1.1917213846856407,119172.13846856407,-0.009313591686237466,-0.009313591686237466,0.1917213846856407,1.325627396025289,-0.10101331018138804,Daily
2011-07-29,1.4331985712051392,1.1883224333459943,118832.24333459944,-0.002852135896296737,-0.002852135896296737,0.1883224333459943,1.325627396025289,-0.10357734238971272,Daily
2011-08-01,1.4363688230514526,1.1909510163379262,119095.10163379263,0.002212011587234386,0.002212011587234386,0.19095101633792622,1.325627396025289,-0.10159444508401927,Daily
2011-08-02,1.4262080192565918,1.182526286274103,118252.6286274103,-0.007073951781600973,-0.007073951781600973,0.18252628627410306,1.325627396025289,-0.1079497226598174,Daily
2011-08-03,1.417333960533142,1.1751684481714333,117516.84481714333,-0.006222134922558742,-0.006222134922558742,0.1751684481714333,1.325627396025289,-0.11350017984313387,Daily
2011-08-04,1.4352967739105225,1.1900621373860405,119006.21373860406,0.012673663284426873,0.012673663284426873,0.1900621373860405,1.325627396025289,-0.10226497962076087,Daily
2011-08-05,1.4067071676254272,1.1663573478392992,116635.73478392992,-0.019918951122004924,-0.019918951122004924,0.16635734783929923,1.325627396025289,-0.12014691961220703,Daily
2011-08-08,1.4294085502624512,1.1851799749319727,118517.99749319727,0.01613795902905979,0.01613795902905979,0.1851799749319727,1.325627396025289,-0.10594788664931676,Daily
2011-08-09,1.417072892189026,1.174951985933623,117495.19859336231,-0.008629903655718363,-0.008629903655718363,0.17495198593362304,1.325627396025289,-0.11366347025072454,Daily
2011-08-10,1.4383108615875244,1.192561238400104,119256.1238400104,0.014987210266714568,0.014987210266714568,0.19256123840010408,1.325627396025289,-0.10037975831230206,Daily
2011-08-11,1.4124692678451538,1.1711349362990275,117113.49362990275,-0.017966626292349797,-0.017966626292349797,0.17113493629902754,1.325627396025289,-0.11654289899973835,Daily
2011-08-12,1.4226369857788086,1.1795653991527106,117956.53991527106,0.007198540998464953,0.007198540998464953,0.17956539915271064,1.325627396025289,-0.11018329683780304,Daily
2011-08-15,1.4274091720581057,1.1835222102504401,118352.22102504401,0.003354465212841662,0.003354465212841662,0.18352221025044013,1.325627396025289,-0.10719843766123993,Daily
2011-08-16,1.4438347816467283,1.197141342133282,119714.13421332819,0.011507288806992477,0.011507288806992477,0.19714134213328194,1.325627396025289,-0.0969247122360738,Daily
2011-08-17,1.439801812171936,1.1937974453445312,119379.74453445313,-0.0027932347426845583,-0.0027932347426845583,0.19379744534453125,1.325627396025289,-0.09944721350511587,Daily
2011-08-18,1.4429181814193726,1.196381352112038,119638.13521120381,0.002164443203981792,0.002164443203981792,0.1963813521120381,1.325627396025289,-0.09749801814656012,Daily
2011-08-19,1.4324390888214111,1.1876927160322543,118769.27160322544,-0.00726243021461781,-0.00726243021461781,0.18769271603225435,1.325627396025289,-0.10405237580832494,Daily
2011-08-22,1.4369261264801023,1.1914130989688683,119141.30989688683,0.0031324456960910574,0.0031324456960910574,0.19141309896886827,1.325627396025289,-0.10124586852900275,Daily
2011-08-23,1.436100721359253,1.1907287224690515,119072.87224690514,-0.000574424186211342,-0.000574424186211342,0.19072872246905148,1.325627396025289,-0.10176213463957706,Daily
2011-08-24,1.4437098503112793,1.1970377565509878,119703.77565509878,0.005298464682076398,0.005298464682076398,0.19703775655098776,1.325627396025289,-0.09700285303386114,Daily
2011-08-25,1.44123375415802,1.1949847258927406,119498.47258927407,-0.0017150926501787733,-0.0017150926501787733,0.19498472589274063,1.325627396025289,-0.09855157680375515,Daily
2011-08-26,1.4372979402542114,1.1917213846856407,119172.13846856407,-0.002730864367041952,-0.002730864367041952,0.1917213846856407,1.325627396025289,-0.10101331018138804,Daily
2011-08-29,1.449506402015686,1.2018439101188108,120184.39101188107,0.008494036914375114,0.008494036914375114,0.20184391011881075,1.325627396025289,-0.09337728405253687,Daily
2011-08-30,1.4524328708648682,1.2042703628475815,120427.03628475814,0.0020189416515252745,0.0020189416515252745,0.2042703628475815,1.325627396025289,-0.09154686568909165,Daily
2011-08-31,1.4433138370513916,1.196709406069706,119670.94060697062,-0.006278454582239301,-0.006278454582239301,0.1967094060697061,1.325627396025289,-0.09725054743295558,Daily
2011-09-01,1.4374631643295288,1.1918583785950494,119185.83785950494,-0.00405363862776742,-0.00405363862776742,0.1918583785950494,1.325627396025289,-0.10090996748507719,Daily
2011-09-02,1.4262080192565918,1.182526286274103,118252.6286274103,-0.007829866776577044,-0.007829866776577044,0.18252628627410306,1.325627396025289,-0.1079497226598174,Daily
2011-09-05,1.41576886177063,1.1738707619978201,117387.07619978201,-0.007319519554660148,-0.007319519554660148,0.17387076199782014,1.325627396025289,-0.11447910210854884,Daily
2011-09-06,1.4063115119934082,1.1660292938816312,116602.92938816312,-0.006680009733646908,-0.006680009733646908,0.16602929388163123,1.325627396025289,-0.12039439032581145,Daily
2011-09-07,1.4003249406814575,1.1610655874338676,116106.55874338676,-0.004256931171291445,-0.004256931171291445,0.16106558743386756,1.325627396025289,-0.1241388108640763,Daily
2011-09-08,1.4085696935653689,1.1679016428180895,116790.16428180895,0.005887742654857808,0.005887742654857808,0.1679016428180895,1.325627396025289,-0.11898196558106622,Daily
2011-09-09,1.390414476394653,1.1528484238994516,115284.84238994516,-0.012889115287409991,-0.012889115287409991,0.15284842389945164,1.325627396025289,-0.13033750859697923,Daily
2011-09-12,1.3600815534591677,1.1276981805784,112769.81805784,-0.021815741601122318,-0.021815741601122318,0.1276981805784001,1.325627396025289,-0.14930984078961573,Daily
2011-09-13,1.3660268783569336,1.1326276879694137,113262.76879694137,0.004371300296401426,0.004371300296401426,0.1326276879694137,1.325627396025289,-0.14559121864451374,Daily
2011-09-14,1.3686069250106812,1.1347669081579668,113476.69081579668,0.0018887231976363328,0.0018887231976363328,0.13476690815796677,1.325627396025289,-0.1439774769589034,Daily
2011-09-15,1.374608278274536,1.1397428709150856,113974.28709150857,0.004385008693279735,0.004385008693279735,0.13974287091508564,1.325627396025289,-0.14022381075372492,Daily
2011-09-16,1.3869048357009888,1.1499384399983663,114993.84399983664,0.00894549932573363,0.00894549932573363,0.1499384399983663,1.325627396025289,-0.13253268343254043,Daily
2011-09-19,1.370144605636597,1.1360418608545502,113604.18608545502,-0.012084628759636784,-0.012084628759636784,0.13604186085455017,1.325627396025289,-0.14301570391437657,Daily
2011-09-20,1.3605626821517944,1.1280971036796799,112809.71036796799,-0.006993366572684345,-0.006993366572684345,0.12809710367967986,1.325627396025289,-0.14900890924393717,Daily
2011-09-21,1.369394063949585,1.1354195566311458,113541.95566311458,0.006490977529843178,0.006490977529843178,0.1354195566311458,1.325627396025289,-0.14348514519574285,Daily
2011-09-22,1.3586033582687378,1.1264725496428523,112647.25496428522,-0.007879912703670389,-0.007879912703670389,0.12647254964285226,1.325627396025289,-0.15023440748099726,Daily
2011-09-23,1.348090410232544,1.1177558426609964,111775.58426609964,-0.007738055387696341,-0.007738055387696341,0.11775584266099637,1.325627396025289,-0.1568099407024679,Daily
2011-09-26,1.3547013998031616,1.1232372793378245,112323.72793378244,0.004903966025155082,0.004903966025155082,0.12323727933782447,1.325627396025289,-0.15267496529892433,Daily
2011-09-27,1.351807951927185,1.1208382056226942,112083.82056226942,-0.0021358565632227933,-0.0021358565632227933,0.1208382056226942,1.325627396025289,-0.1544847300354737,Daily
2011-09-28,1.3582342863082886,1.1261665372737832,112616.65372737832,0.004753881179602404,0.004753881179602404,0.12616653727378324,1.325627396025289,-0.15046525090652285,Daily
2011-09-29,1.3537662029266355,1.1224618700886813,112246.18700886813,-0.00328962641180075,-0.00328962641180075,0.12246187008868126,1.325627396025289,-0.15325990285488322,Daily
2011-09-30,1.3585848808288574,1.1264572292561579,112645.72292561579,0.003559460925974145,0.003559460925974145,0.12645722925615788,1.325627396025289,-0.15024596456463957,Daily
2011-10-03,1.336094617843628,1.1078096499366181,110780.96499366181,-0.016554183181773707,-0.016554183181773707,0.10780964993661812,1.325627396025289,-0.16431294852668799,Daily
2011-10-04,1.3195048570632937,1.0940544137152073,109405.44137152073,-0.01241660624837293,-0.01241660624837293,0.09405441371520729,1.325627396025289,-0.1746893455916959,Daily
2011-10-05,1.3330134153366089,1.1052549013244324,110525.49013244324,0.010237596474923283,0.010237596474923283,0.10525490132443238,1.325627396025289,-0.16624014814540877,Daily
2011-10-06,1.333991527557373,1.106065893407188,110606.58934071881,0.0007337602228987272,0.0007337602228987272,0.10606589340718808,1.325627396025289,-0.16562836833066796,Daily
2011-10-07,1.3428946733474731,1.1134478487637507,111344.78487637507,0.0066740647194381,0.0066740647194381,0.11344784876375069,1.325627396025289,-0.16005971806084374,Daily
2011-10-10,1.3385984897613523,1.1098857105955084,110988.57105955084,-0.003199196237342661,-0.003199196237342661,0.10988571059550845,1.325627396025289,-0.16274685185041604,Daily
2011-10-11,1.3635495901107788,1.1305736688991221,113057.36688991221,0.01863971948293086,0.01863971948293086,0.13057366889912214,1.325627396025289,-0.14714068803270697,Daily
2011-10-12,1.3645730018615725,1.13142222063958,113142.222063958,0.0007505497110014137,0.0007505497110014137,0.1314222206395801,1.325627396025289,-0.14650057472258515,Daily
2011-10-13,1.379196286201477,1.1435469723518943,114354.69723518942,0.01071638110966222,0.01071638110966222,0.1435469723518943,1.325627396025289,-0.1373541496044346,Daily
2011-10-14,1.3735508918762207,1.1388661494313514,113886.61494313515,-0.004093249366850182,-0.004093249366850182,0.13886614943135145,1.325627396025289,-0.14088517418538216,Daily
2011-10-17,1.387905836105347,1.1507684095923822,115076.84095923822,0.010450973687271103,0.010450973687271103,0.15076840959238225,1.325627396025289,-0.13190658774644914,Daily
2011-10-18,1.3744003772735596,1.1395704918544733,113957.04918544734,-0.00973081781231322,-0.00973081781231322,0.13957049185447334,1.325627396025289,-0.1403538465851577,Daily
2011-10-19,1.374003767967224,1.1392416471671694,113924.16471671693,-0.00028856897370943546,-0.00028856897370943546,0.13924164716716936,1.325627396025289,-0.14060191379340192,Daily
2011-10-20,1.376500368118286,1.1413116785125867,114131.16785125868,0.0018170256947371843,0.0018170256947371843,0.14131167851258675,1.325627396025289,-0.13904036538875664,Daily
2011-10-21,1.377903938293457,1.1424754348541302,114247.54348541301,0.00101966567367473,0.00101966567367473,0.14247543485413017,1.325627396025289,-0.13816247440292395,Daily
2011-10-24,1.384773015975952,1.1481708627386567,114817.08627386566,0.004985164416470456,0.004985164416470456,0.14817086273865665,1.325627396025289,-0.13386607263753847,Daily
2011-10-25,1.3922340869903564,1.1543571360446292,115435.71360446292,0.005387937899083095,0.005387937899083095,0.1543571360446292,1.325627396025289,-0.12919939682462056,Daily
2011-10-26,1.3904531002044678,1.1528804484497033,115288.04484497033,-0.0012792294072748733,-0.0012792294072748733,0.15288044844970328,1.325627396025289,-0.13031335056407523,Daily
2011-10-27,1.387694001197815,1.1505927687720217,115059.27687720217,-0.0019843164837758387,-0.0019843164837758387,0.15059276877202166,1.325627396025289,-0.1320390841182707,Daily
2011-10-28,1.4173942804336548,1.1752184618209,117521.84618209001,0.02140261412833344,0.02140261412833344,0.17521846182090006,1.325627396025289,-0.11346245155717916,Daily
2011-10-31,1.4140071868896484,1.1724100866780196,117241.00866780196,-0.0023896622067433038,-0.0023896622067433038,0.1724100866780196,1.325627396025289,-0.11558097683155177,Daily
2011-11-01,1.386001467704773,1.1491894213508196,114918.94213508196,-0.0198059242163251,-0.0198059242163251,0.14918942135081958,1.325627396025289,-0.13309771297990236,Daily
2011-11-02,1.3655978441238403,1.1322719584744916,113227.19584744915,-0.014721213545841993,-0.014721213545841993,0.13227195847449158,1.325627396025289,-0.14585956667050404,Daily
2011-11-03,1.3690004348754885,1.1350931829739541,113509.31829739541,0.0024916491822897235,0.0024916491822897235,0.13509318297395412,1.325627396025289,-0.1437313483582381,Daily
2011-11-04,1.382991909980774,1.1466940763025264,114669.40763025264,0.01022021231611836,0.01022021231611836,0.1466940763025264,1.325627396025289,-0.13498010093882296,Daily
2011-11-07,1.3789299726486206,1.1433261611010868,114332.61611010868,-0.002937065143215345,-0.002937065143215345,0.14332616110108676,1.325627396025289,-0.13752072073254318,Daily
2011-11-08,1.376007914543152,1.1409033654968816,114090.33654968816,-0.002119076503831474,-0.002119076503831474,0.14090336549688165,1.325627396025289,-0.13934838030828034,Daily
2011-11-09,1.3826478719711304,1.146408820586398,114640.8820586398,0.004825522700705465,0.004825522700705465,0.14640882058639804,1.325627396025289,-0.13519528638005907,Daily
2011-11-10,1.3526674509048462,1.1215508507069925,112155.08507069925,-0.02168333794456545,-0.02168333794456545,0.12155085070699245,1.325627396025289,-0.15394713924153336,Daily
2011-11-11,1.3610072135925293,1.1284656825311845,112846.56825311846,0.006165419802261374,0.006165419802261374,0.1284656825311845,1.325627396025289,-0.1487308681800532,Daily
2011-11-14,1.3787018060684204,1.1431369790357127,114313.69790357127,0.013001101169173301,0.013001101169173301,0.14313697903571265,1.325627396025289,-0.1376634320750677,Daily
2011-11-15,1.362416386604309,1.1296340844093387,112963.40844093387,-0.011812140516847203,-0.011812140516847203,0.12963408440933866,1.325627396025289,-0.1478494727882127,Daily
2011-11-16,1.350712537765503,1.1199299537947307,111992.99537947307,-0.008590507978237905,-0.008590507978237905,0.1199299537947307,1.325627396025289,-0.15516987869088528,Daily
2011-11-17,1.3441040515899658,1.114450592783197,111445.05927831969,-0.004892592606321244,-0.004892592606321244,0.11445059278319691,1.325627396025289,-0.1593032882959997,Daily
2011-11-18,1.3458044528961182,1.1158604637238945,111586.04637238945,0.0012650816014880828,0.0012650816014880828,0.11586046372389447,1.325627396025289,-0.1582397383535914,Daily
2011-11-21,1.3529969453811646,1.1218240477961743,112182.40477961743,0.005344381547830679,0.005344381547830679,0.12182404779617428,1.325627396025289,-0.15374105034355123,Daily
2011-11-22,1.348435878753662,1.1180422844715783,111804.22844715783,-0.0033710842016849707,-0.0033710842016849707,0.11804228447157827,1.325627396025289,-0.1565938605192726,Daily
2011-11-23,1.352191925048828,1.1211565731423232,112115.65731423232,0.0027854837996730275,0.0027854837996730275,0.1211565731423232,1.325627396025289,-0.15424456638120432,Daily
2011-11-24,1.3352025747299194,1.1070700212034967,110707.00212034967,-0.012564303930668097,-0.012564303930668097,0.10707002120349673,1.325627396025289,-0.16487089470020488,Daily
2011-11-25,1.3331022262573242,1.1053285380217697,110532.85380217696,-0.0015730560383470094,-0.0015730560383470094,0.10532853802176967,1.325627396025289,-0.16618459958209597,Daily
2011-11-28,1.3313452005386353,1.103871717508944,110387.17175089441,-0.0013179977379692565,-0.0013179977379692565,0.10387171750894408,1.325627396025289,-0.16728356639373076,Daily
2011-11-29,1.3316997289657593,1.1041656712510668,110416.56712510668,0.00026629339030992405,0.00026629339030992405,0.1041656712510668,1.325627396025289,-0.16706181951145893,Daily
2011-11-30,1.3324095010757446,1.1047541717825384,110475.41717825385,0.0005329820938961838,0.0005329820938961838,0.10475417178253843,1.325627396025289,-0.1666178783759361,Daily
2011-12-01,1.3443931341171265,1.11469028270406,111469.028270406,0.00899395646136325,0.00899395646136325,0.1146902827040599,1.325627396025289,-0.1591224758583708,Daily
2011-12-02,1.346692442893982,1.1165967318560635,111659.67318560634,0.0017102949416396562,0.0017102949416396562,0.11659673185606345,1.325627396025289,-0.15768432728229298,Daily
2011-12-05,1.3419036865234375,1.1126261818309113,111262.61818309114,-0.0035559391424619946,-0.0035559391424619946,0.11262618183091133,1.325627396025289,-0.16067955055321903,Daily
2011-12-06,1.3386701345443726,1.1099451141594008,110994.51141594008,-0.0024096751589097742,-0.0024096751589097742,0.10994511415940078,1.325627396025289,-0.16270204019061596,Daily
2011-12-07,1.3412017822265625,1.1120442048189352,111204.42048189352,0.0018911661781799705,0.0018911661781799705,0.11204420481893518,1.325627396025289,-0.1611185706079653,Daily
2011-12-08,1.3403747081756592,1.1113584445422555,111135.84445422555,-0.0006166663822426699,-0.0006166663822426699,0.11135844454225552,1.325627396025289,-0.16163588058415912,Daily
2011-12-09,1.3345433473587036,1.1065234293427244,110652.34293427244,-0.004350545247822857,-0.004350545247822857,0.10652342934272441,1.325627396025289,-0.1652832216198289,Daily
2011-12-12,1.3371665477752686,1.108698430047299,110869.8430047299,0.0019656164947783328,0.0019656164947783328,0.10869843004729907,1.325627396025289,-0.16364248855177665,Daily
2011-12-13,1.3171066045761108,1.0920659263634858,109206.59263634858,-0.015001828480178947,-0.015001828480178947,0.09206592636348576,1.325627396025289,-0.17618938048663224,Daily
2011-12-14,1.3019137382507324,1.0794689113761673,107946.89113761672,-0.01153503161596281,-0.01153503161596281,0.0794689113761673,1.325627396025289,-0.1856920620282848,Daily
2011-12-15,1.2988024950027466,1.076889254780453,107688.92547804529,-0.00238974607654574,-0.00238974607654574,0.07688925478045294,1.325627396025289,-0.1876380512281528,Daily
2011-12-16,1.302965521812439,1.0803409873232914,108034.09873232915,0.0032052808842839564,0.0032052808842839564,0.08034098732329142,1.325627396025289,-0.18503420300263484,Daily
2011-12-19,1.3036959171295166,1.0809465873831383,108094.65873831382,0.0005605638099017707,0.0005605638099017707,0.08094658738313831,1.325627396025289,-0.18457736267053038,Daily
2011-12-20,1.3007792234420776,1.0785282396331348,107852.82396331348,-0.0022372499975766846,-0.0022372499975766846,0.07852823963313482,1.325627396025289,-0.1864016669639198,Daily
2011-12-21,1.3087977170944214,1.085176694411254,108517.6694411254,0.006164377096311124,0.006164377096311124,0.08517669441125397,1.325627396025289,-0.18138634003415532,Daily
2011-12-22,1.3040019273757937,1.0812003127550378,108120.03127550377,-0.0036642711520573634,-0.0036642711520573634,0.0812003127550378,1.325627396025289,-0.18438596245304828,Daily
2011-12-23,1.3056023120880127,1.0825272559251768,108252.72559251769,0.0012272870757481513,0.0012272870757481513,0.08252725592517685,1.325627396025289,-0.1833849698859682,Daily
2011-12-26,1.304495334625244,1.0816094165003785,108160.94165003784,-0.0008478672659506525,-0.0008478672659506525,0.08160941650037845,1.325627396025289,-0.18407735103888523,Daily
2011-12-27,1.3050570487976074,1.082075156255887,108207.5156255887,0.00043059883577512004,0.00043059883577512004,0.08207515625588702,1.325627396025289,-0.18372601569615998,Daily
2011-12-28,1.307206630706787,1.083857460855064,108385.7460855064,0.0016471171977960886,0.0016471171977960886,0.08385746085506396,1.325627396025289,-0.18238151677849956,Daily
2011-12-29,1.292724609375,1.0718498359700581,107184.9835970058,-0.011078601493902052,-0.011078601493902052,0.07184983597005812,1.325627396025289,-0.19143958612815926,Daily
2011-12-30,1.2956053018569946,1.0742383336763088,107423.83336763088,0.0022283883675637828,0.0022283883675637828,0.07423833367630883,1.325627396025289,-0.18963779950741477,Daily
2012-01-02,1.2960082292556765,1.0745724169474502,107457.24169474503,0.00031099548458501935,0.00031099548458501935,0.0745724169474502,1.325627396025289,-0.18938578052218324,Daily
2012-01-03,1.2940963506698608,1.0729872017100055,107298.72017100055,-0.0014752055910274287,-0.0014752055910274287,0.0729872017100055,1.325627396025289,-0.1905816031509232,Daily
2012-01-04,1.3056023120880127,1.0825272559251768,108252.72559251769,0.008891116501638985,0.008891116501638985,0.08252725592517685,1.325627396025289,-0.1833849698859682,Daily
2012-01-05,1.2931424379348757,1.0721962743917592,107219.62743917592,-0.009543391611501084,-0.009543391611501084,0.07219627439175924,1.325627396025289,-0.19117824691418417,Daily
2012-01-06,1.279606819152832,1.0609733498291172,106097.33498291172,-0.01046722958350943,-0.01046722958350943,0.060973349829117174,1.325627396025289,-0.19964436989586998,Daily
2012-01-09,1.2680377960205078,1.0513810086167759,105138.10086167758,-0.009041076492530498,-0.009041076492530498,0.05138100861677586,1.325627396025289,-0.20688044636886882,Daily
2012-01-10,1.2775959968566897,1.0593060963919547,105930.60963919548,0.007537788594455641,0.007537788594455641,0.05930609639195472,1.325627396025289,-0.20090207884346833,Daily
2012-01-11,1.2751848697662354,1.057306934190149,105730.6934190149,-0.0018872375120041474,-0.0018872375120041474,0.057306934190149095,1.325627396025289,-0.20241016641603948,Daily
2012-01-12,1.272394061088562,1.054992962752076,105499.2962752076,-0.002188552220028228,-0.002188552220028228,0.05499296275207599,1.325627396025289,-0.20415573341700166,Daily
2012-01-13,1.2820513248443604,1.063000187568177,106300.01875681769,0.007589837182622627,0.007589837182622627,0.06300018756817694,1.325627396025289,-0.19811540501091296,Daily
2012-01-16,1.264702081680298,1.0486152340330264,104861.52340330264,-0.013532409216275854,-0.013532409216275854,0.04861523403302637,1.325627396025289,-0.20896683549453288,Daily
2012-01-17,1.2667046785354614,1.0502756674270801,105027.56674270802,0.0015834534347431983,0.0015834534347431983,0.05027566742708012,1.325627396025289,-0.20771427131320086,Daily
2012-01-18,1.27459979057312,1.0568218215585625,105682.18215585625,0.006232796145338559,0.006232796145338559,0.056821821558562524,1.325627396025289,-0.20277611587743494,Daily
2012-01-19,1.286603927612305,1.066774933167255,106677.4933167255,0.009417965645347692,0.009417965645347692,0.06677493316725491,1.325627396025289,-0.1952678887251179,Daily
2012-01-20,1.2964956760406494,1.0749765786325673,107497.65786325674,0.007688262266307477,0.007688262266307477,0.07497657863256735,1.325627396025289,-0.18908089719951737,Daily
2012-01-23,1.2884771823883057,1.068328123854448,106832.81238544479,-0.006184743844909302,-0.006184743844909302,0.06832812385444798,1.325627396025289,-0.19409622412928196,Daily
2012-01-24,1.3026939630508425,1.080115827059487,108011.5827059487,0.011033785352865033,0.011033785352865033,0.08011582705948705,1.325627396025289,-0.185204054851261,Daily
2012-01-25,1.304103970527649,1.081284920826072,108128.49208260719,0.00108237814621015,0.00108237814621015,0.08128492082607197,1.325627396025289,-0.1843221375266113,Daily
2012-01-26,1.3107362985610962,1.086784050078502,108678.4050078502,0.005085735634072108,0.005085735634072108,0.08678405007850198,1.325627396025289,-0.1801738155555066,Daily
2012-01-27,1.3092775344848633,1.0855745302592845,108557.45302592845,-0.0011129348274204753,-0.0011129348274204753,0.08557453025928452,1.325627396025289,-0.18108622866860613,Daily
2012-01-30,1.3207945823669434,1.0951237767064725,109512.37767064726,0.008796490872816642,0.008796490872816642,0.09512377670647254,1.325627396025289,-0.17388266115346562,Daily
2012-01-31,1.3139568567276,1.0894543440587243,108945.43440587244,-0.005176978866077375,-0.005176978866077375,0.08945434405872432,1.325627396025289,-0.1781594531575742,Daily
2012-02-01,1.3077024221420288,1.084268541424495,108426.8541424495,-0.004759999960080696,-0.004759999960080696,0.08426854142449502,1.325627396025289,-0.18207141412773686,Daily
2012-02-02,1.317002534866333,1.0919796379919748,109197.96379919749,0.007111795900071938,0.007111795900071938,0.09197963799197484,1.325627396025289,-0.17625447296417884,Daily
2012-02-03,1.3137152194976809,1.0892539929372442,108925.39929372442,-0.002496058497704956,-0.002496058497704956,0.08925399293724423,1.325627396025289,-0.17831058998688298,Daily
2012-02-06,1.31271493434906,1.0884246163904554,108842.46163904553,-0.0007614170360324968,-0.0007614170360324968,0.0884246163904554,1.325627396025289,-0.17893623830199445,Daily
2012-02-07,1.3121638298034668,1.087967673502146,108796.76735021459,-0.00041982042800980945,-0.00041982042800980945,0.08796767350214596,1.325627396025289,-0.17928093764185382,Daily
2012-02-08,1.3248542547225952,1.0984898139250272,109848.98139250273,0.009671372301909287,0.009671372301909287,0.0984898139250272,1.325627396025289,-0.17134345803451445,Daily
2012-02-09,1.3248542547225952,1.0984898139250272,109848.98139250273,0.0,0.0,0.0984898139250272,1.325627396025289,-0.17134345803451445,Daily
2012-02-10,1.3278449773788452,1.1009695420630126,110096.95420630126,0.0022573974802051477,0.0022573974802051477,0.10096954206301256,1.325627396025289,-0.16947285084472596,Daily
2012-02-13,1.3236793279647827,1.0975156350136759,109751.5635013676,-0.0031371504091427527,-0.0031371504091427527,0.09751563501367588,1.325627396025289,-0.17207833943050266,Daily
2012-02-14,1.3157894611358645,1.09097382989519,109097.38298951901,-0.0059605575627214025,-0.0059605575627214025,0.0909738298951901,1.325627396025289,-0.1770132141457511,Daily
2012-02-15,1.3133701086044312,1.0889678476502755,108896.78476502755,-0.001838707941424489,-0.001838707941424489,0.08896784765027554,1.325627396025289,-0.1785264464845887,Daily
2012-02-16,1.3058068752288818,1.0826968674320638,108269.68674320639,-0.005758645888161884,-0.005758645888161884,0.08269686743206384,1.325627396025289,-0.18325702178577385,Daily
2012-02-17,1.31268048286438,1.088396051282361,108839.6051282361,0.005263877657478044,0.005263877657478044,0.08839605128236094,1.325627396025289,-0.17895778667084994,Daily
2012-02-20,1.3227163553237915,1.096717195763889,109671.7195763889,0.007645327701918836,0.007645327701918836,0.09671719576388904,1.325627396025289,-0.17268064989283982,Daily
2012-02-21,1.3204805850982666,1.0948634289738732,109486.34289738732,-0.0016902869738671944,-0.0016902869738671944,0.09486342897387323,1.325627396025289,-0.1740790570135542,Daily
2012-02-22,1.324327826499939,1.0980533311660452,109805.33311660452,0.002913516067626354,0.002913516067626354,0.0980533311660452,1.325627396025289,-0.17167272307557402,Daily
2012-02-23,1.325574278831482,1.0990868148000843,109908.68148000842,0.0009411962103349492,0.0009411962103349492,0.0990868148000843,1.325627396025289,-0.17089310458161566,Daily
2012-02-24,1.337363362312317,1.108861616875895,110886.1616875895,0.008893566863131364,0.008893566863131364,0.1088616168758949,1.325627396025289,-0.16351938697052903,Daily
2012-02-27,1.3467106819152832,1.116611854560349,111661.1854560349,0.0069893641970308895,0.0069893641970308895,0.11661185456034895,1.325627396025289,-0.15767291932231053,Daily
2012-02-28,1.3406623601913452,1.1115969483686647,111159.69483686647,-0.0044911812204060375,-0.0044911812204060375,0.11159694836866474,1.325627396025289,-0.16145596288848962,Daily
2012-02-29,1.3477997779846191,1.1175148678044748,111751.48678044748,0.005323799642033,0.005323799642033,0.11751486780447484,1.325627396025289,-0.15699172244388637,Daily
2012-03-01,1.3320900201797483,1.104489277354533,110448.9277354533,-0.0116558542755969,-0.0116558542755969,0.10448927735453295,1.325627396025289,-0.16681770408020247,Daily
2012-03-02,1.3322675228118896,1.1046364519080034,110463.64519080034,0.00013325122886032048,0.00013325122886032048,0.10463645190800341,1.325627396025289,-0.16670668151540646,Daily
2012-03-05,1.318617582321167,1.0933187386302652,109331.87386302651,-0.010245645305466344,-0.010245645305466344,0.09331873863026519,1.325627396025289,-0.17524430929201462,Daily
2012-03-06,1.3225764036178589,1.0966011561898301,109660.115618983,0.003002251259021982,0.003002251259021982,0.09660115618983012,1.325627396025289,-0.1727681854812011,Daily
2012-03-07,1.312335968017578,1.0881104002014144,108811.04002014143,-0.007742793211998,-0.007742793211998,0.08811040020141436,1.325627396025289,-0.1791732703594061,Daily
2012-03-08,1.3139914274215698,1.0894830080080233,108948.30080080233,0.0012614600562175227,0.0012614600562175227,0.08948300800802333,1.325627396025289,-0.17813783022688878,Daily
2012-03-09,1.327492356300354,1.1006771697801618,110067.71697801618,0.010274746544790547,0.010274746544790547,0.10067716978016183,1.325627396025289,-0.16969340473771843,Daily
2012-03-12,1.312508225440979,1.0882532257418875,108825.32257418876,-0.01128754586665559,-0.01128754586665559,0.08825322574188754,1.325627396025289,-0.17906552851512803,Daily
2012-03-13,1.3168290853500366,1.091835824039457,109183.58240394571,0.0032920631088662056,0.0032920631088662056,0.091835824039457,1.325627396025289,-0.17636296042675614,Daily
2012-03-14,1.30804443359375,1.0845521168401469,108455.21168401469,-0.006671064494259471,-0.006671064494259471,0.08455211684014685,1.325627396025289,-0.18185749623761027,Daily
2012-03-15,1.3022528886795044,1.079750114602912,107975.0114602912,-0.004427636222061437,-0.004427636222061437,0.07975011460291204,1.325627396025289,-0.1854799336220766,Daily
2012-03-16,1.3078734874725342,1.084410378552923,108441.0378552923,0.004316057842443488,0.004316057842443488,0.0844103785529231,1.325627396025289,-0.18196441790175866,Daily
2012-03-19,1.3177140951156616,1.092569621141514,109256.96211415139,0.007524128088370663,0.007524128088370663,0.0925696211415139,1.325627396025289,-0.1758094134012066,Daily
2012-03-20,1.3229262828826904,1.0968912551249776,109689.12551249776,0.003955476978161343,0.003955476978161343,0.09689125512497765,1.325627396025289,-0.17254934651029774,Daily
2012-03-21,1.323766827583313,1.0975881844577637,109758.81844577637,0.0006353677536672375,0.0006353677536672375,0.09758818445776374,1.325627396025289,-0.17202361104731945,Daily
2012-03-22,1.3218770027160645,1.0960212548431478,109602.12548431478,-0.001427611591309219,-0.001427611591309219,0.09602125484314783,1.325627396025289,-0.17320563973751857,Daily
2012-03-23,1.3204805850982666,1.0948634289738732,109486.34289738732,-0.0010563899779847397,-0.0010563899779847397,0.09486342897387323,1.325627396025289,-0.1740790570135542,Daily
2012-03-26,1.328303575515747,1.101349784176646,110134.97841766459,0.005924350956586277,0.005924350956586277,0.10134978417664597,1.325627396025289,-0.16918601148490775,Daily
2012-03-27,1.3360053300857544,1.1077356178744628,110773.56178744628,0.005798188540610427,0.005798188540610427,0.10773561787446284,1.325627396025289,-0.16436879533732063,Daily
2012-03-28,1.3328713178634644,1.1051370826086926,110513.70826086926,-0.0023458081728530145,-0.0023458081728530145,0.10513708260869259,1.325627396025289,-0.1663290258467094,Daily
2012-03-29,1.3326226472854614,1.104930899856148,110493.0899856148,-0.00018656758133384077,-0.00018656758133384077,0.10493089985614801,1.325627396025289,-0.1664845618239853,Daily
2012-03-30,1.3313806056976318,1.1039010733466745,110390.10733466745,-0.0009320279753308736,-0.0009320279753308736,0.10390107334667453,1.325627396025289,-0.1672614215302356,Daily
2012-04-02,1.3358268737792969,1.1075876525913566,110758.76525913566,0.0033395920465097984,0.0033395920465097984,0.10758765259135661,1.325627396025289,-0.1644804143967561,Daily
2012-04-03,1.3333333730697632,1.1055201911172559,110552.01911172559,-0.001866634635429243,-0.001866634635429243,0.10552019111725586,1.325627396025289,-0.16604002419382258,Daily
2012-04-04,1.3225239515304563,1.0965576660598586,109655.76660598586,-0.008107065912870914,-0.008107065912870914,0.0965576660598586,1.325627396025289,-0.1728009926863795,Daily
2012-04-05,1.314405918121338,1.0898266788759992,108982.66788759992,-0.0061382883839070645,-0.0061382883839070645,0.08982667887599916,1.325627396025289,-0.17787857874415214,Daily
2012-04-06,1.3065063953399658,1.0832768676199507,108327.68676199506,-0.006009956796803384,-0.006009956796803384,0.08327686761995068,1.325627396025289,-0.18281949296762645,Daily
2012-04-09,1.3079075813293457,1.0844386471374046,108443.86471374046,0.0010724677616409384,0.0010724677616409384,0.08443864713740457,1.325627396025289,-0.18194309321839275,Daily
2012-04-10,1.311131477355957,1.087111708671352,108711.1708671352,0.002464926476941409,0.002464926476941409,0.08711170867135198,1.325627396025289,-0.17992664308922202,Daily
2012-04-11,1.3073604106903076,1.0839849660088428,108398.49660088427,-0.0028761926098015422,-0.0028761926098015422,0.08398496600884275,1.325627396025289,-0.1822853320178639,Daily
2012-04-12,1.311991572380066,1.0878248479616728,108782.48479616728,0.0035423756539429974,0.0035423756539429974,0.08782484796167278,1.325627396025289,-0.1793886794861318,Daily
2012-04-13,1.318913221359253,1.0935638648173749,109356.38648173749,0.005275680976083219,0.005275680976083219,0.09356386481737489,1.325627396025289,-0.1750593959537382,Daily
2012-04-16,1.30565345287323,1.0825696588018985,108256.96588018985,-0.010053556421519505,-0.010053556421519505,0.08256965880189848,1.325627396025289,-0.18335298286091972,Daily
2012-04-17,1.31268048286438,1.088396051282361,108839.6051282361,0.005382002380253992,0.005382002380253992,0.08839605128236094,1.325627396025289,-0.17895778667084994,Daily
2012-04-18,1.3135426044464111,1.0891108708731574,108911.08708731574,0.0006567642265462581,0.0006567642265462581,0.08911087087315739,1.325627396025289,-0.17841855551665098,Daily
2012-04-19,1.311991572380066,1.0878248479616728,108782.48479616728,-0.001180800730097964,-0.001180800730097964,0.08782484796167278,1.325627396025289,-0.1793886794861318,Daily
2012-04-20,1.314578652381897,1.0899698997812903,108996.98997812903,0.0019718724237975938,0.0019718724237975938,0.08996989978129033,1.325627396025289,-0.17777053865255432,Daily
2012-04-23,1.3204805850982666,1.0948634289738732,109486.34289738732,0.004489600303242192,0.004489600303242192,0.09486342897387323,1.325627396025289,-0.1740790570135542,Daily
2012-04-24,1.3152011632919312,1.090486048551083,109048.6048551083,-0.003998106345457941,-0.003998106345457941,0.090486048551083,1.325627396025289,-0.17738117677655485,Daily
2012-04-25,1.3197835683822632,1.0942855044512807,109428.55044512807,0.00348418570347242,0.00348418570347242,0.0942855044512807,1.325627396025289,-0.17451502003327257,Daily
2012-04-26,1.323276400566101,1.0971815517425345,109718.15517425345,0.002646518919855456,0.002646518919855456,0.09718155174253451,1.325627396025289,-0.17233035841573419,Daily
2012-04-27,1.319087266921997,1.093708172975915,109370.81729759151,-0.0031657283711187256,-0.0031657283711187256,0.09370817297591505,1.325627396025289,-0.17495053568201113,Daily
2012-04-30,1.3241524696350098,1.0979079357542554,109790.79357542554,0.003839929957653254,0.003839929957653254,0.09790793575425538,1.325627396025289,-0.1717824035274308,Daily
2012-05-01,1.32397723197937,1.0977626391836701,109776.26391836701,-0.00013233948480884106,-0.00013233948480884106,0.09776263918367012,1.325627396025289,-0.17189200941745764,Daily
2012-05-02,1.32397723197937,1.0977626391836701,109776.26391836701,0.0,0.0,0.09776263918367012,1.325627396025289,-0.17189200941745764,Daily
2012-05-03,1.3147515058517456,1.0901132195277856,109011.32195277855,-0.006968190921101902,-0.006968190921101902,0.09011321952778562,1.325627396025289,-0.1776624239991268,Daily
2012-05-04,1.3156163692474363,1.0908303124662853,109083.03124662852,0.0006578151018206135,0.0006578151018206135,0.09083031246628526,1.325627396025289,-0.17712147792283894,Daily
2012-05-07,1.297033667564392,1.075422648988384,107542.2648988384,-0.014124711517289668,-0.014124711517289668,0.07542264898838402,1.325627396025289,-0.18874439966095247,Daily
2012-05-08,1.306165099143982,1.0829938852515253,108299.38852515254,0.007040242522568407,0.007040242522568407,0.08299388525152529,1.325627396025289,-0.18303296348677367,Daily
2012-05-09,1.299545168876648,1.0775050354843614,107750.50354843614,-0.005068218613154096,-0.005068218613154096,0.07750503548436138,1.325627396025289,-0.1871735310275634,Daily
2012-05-10,1.2936609983444214,1.0726262336312458,107262.62336312457,-0.004527869190813161,-0.004527869190813161,0.07262623363124576,1.325627396025289,-0.19085390295390114,Daily
2012-05-11,1.2934937477111816,1.0724875594213608,107248.75594213608,-0.0001292847457362578,-0.0001292847457362578,0.07248755942136076,1.325627396025289,-0.19095851320132118,Daily
2012-05-14,1.289989709854126,1.0695822210568857,106958.22210568858,-0.002708971622983225,-0.002708971622983225,0.06958222105688572,1.325627396025289,-0.193150183630875,Daily
2012-05-15,1.283202886581421,1.0639549936034502,106395.49936034503,-0.005261145279579438,-0.005261145279579438,0.06395499360345025,1.325627396025289,-0.19739513773359485,Daily
2012-05-16,1.273560881614685,1.0559604204615227,105596.04204615227,-0.0075140143990970465,-0.0075140143990970465,0.05596042046152272,1.325627396025289,-0.20342592222544997,Daily
2012-05-17,1.273074507713318,1.055557148347246,105555.7148347246,-0.0003819007857326362,-0.0003819007857326362,0.0555571483472459,1.325627396025289,-0.20373013449164634,Daily
2012-05-18,1.269841194152832,1.052876278358144,105287.6278358144,-0.0025397677362135607,-0.0025397677362135607,0.05287627835814401,1.325627396025289,-0.20575247500538352,Daily
2012-05-21,1.277302384376526,1.0590626505053213,105906.26505053214,0.00587568765137747,0.00587568765137747,0.059062650505321335,1.325627396025289,-0.20108572463063545,Daily
2012-05-22,1.281065821647644,1.0621830673307437,106218.30673307438,0.002946394931341967,0.002946394931341967,0.062183067330743746,1.325627396025289,-0.19873180765911047,Daily
2012-05-23,1.2664639949798584,1.0500761070352356,105007.61070352356,-0.01139818612052712,-0.01139818612052712,0.05007610703523557,1.325627396025289,-0.20786481164787018,Daily
2012-05-24,1.2561235427856443,1.0415024232762615,104150.24232762615,-0.008164821293935365,-0.008164821293935365,0.041502423276261524,1.325627396025289,-0.2143324539014032,Daily
2012-05-25,1.2536041736602783,1.0394135132607887,103941.35132607887,-0.0020056698561504716,-0.0020056698561504716,0.03941351326078868,1.325627396025289,-0.21590824361556882,Daily
2012-05-28,1.2569130659103394,1.0421570485735305,104215.70485735305,0.002639503217670258,0.002639503217670258,0.04215704857353053,1.325627396025289,-0.21383863090164335,Daily
2012-05-29,1.25250506401062,1.0385021973554862,103850.21973554863,-0.0035070061878360592,-0.0035070061878360592,0.03850219735548621,1.325627396025289,-0.21659570368770897,Daily
2012-05-30,1.2478163242340088,1.0346145751008926,103461.45751008925,-0.0037434896762792436,-0.0037434896762792436,0.03461457510089261,1.325627396025289,-0.2195283695833068,Daily
2012-05-31,1.237470626831055,1.0260365423289217,102603.65423289218,-0.008291041880145955,-0.008291041880145955,0.02603654232892172,1.325627396025289,-0.2259992925573574,Daily
2012-06-01,1.2362467050552368,1.0250217396825292,102502.17396825292,-0.0009890511736444507,-0.0009890511736444507,0.025021739682529187,1.325627396025289,-0.2267648188654552,Daily
2012-06-04,1.2402331829071045,1.028327088401533,102832.7088401533,0.003224662064267525,0.003224662064267525,0.028327088401532974,1.325627396025289,-0.22427139671009355,Daily
2012-06-05,1.2509382963180542,1.0372031274050102,103720.31274050102,0.008631532810513098,0.008631532810513098,0.037203127405010195,1.325627396025289,-0.21757566981874332,Daily
2012-06-06,1.2462612390518188,1.0333251915884556,103332.51915884556,-0.00373883930166774,-0.00373883930166774,0.033325191588455594,1.325627396025289,-0.2205010286550061,Daily
2012-06-07,1.2573871612548828,1.042550140043746,104255.0140043746,0.008927439813123605,0.008927439813123605,0.04255014004374602,1.325627396025289,-0.2135420985039318,Daily
2012-06-08,1.257071018218994,1.0422880131694656,104228.80131694656,-0.00025142855409276965,-0.00025142855409276965,0.04228801316946562,1.325627396025289,-0.21373983647695982,Daily
2012-06-11,1.2645422220230105,1.0484826879778193,104848.26879778193,0.0059433426558523905,0.0059433426558523905,0.048482687977819294,1.325627396025289,-0.20906682290849588,Daily
2012-06-12,1.2478163242340088,1.0346145751008926,103461.45751008925,-0.013226840114712535,-0.013226840114712535,0.03461457510089261,1.325627396025289,-0.2195283695833068,Daily
2012-06-13,1.2504688501358032,1.0368138907417692,103681.38907417693,0.002125734252933942,0.002125734252933942,0.03681389074176922,1.325627396025289,-0.21786929430508695,Daily
2012-06-14,1.2573871612548828,1.042550140043746,104255.0140043746,0.005532573736905633,0.005532573736905633,0.04255014004374602,1.325627396025289,-0.2135420985039318,Daily
2012-06-15,1.262785792350769,1.0470263616710158,104702.63616710158,0.0042935312704308615,0.0042935312704308615,0.047026361671015815,1.325627396025289,-0.21016541691098112,Daily
2012-06-18,1.27048659324646,1.053411404639197,105341.14046391968,0.006098263808745674,0.006098263808745674,0.05341140463919691,1.325627396025289,-0.20534879725803357,Daily
2012-06-19,1.2597631216049194,1.04452014409023,104452.014409023,-0.008440444549783654,-0.008440444549783654,0.044520144090230085,1.325627396025289,-0.21205600667119595,Daily
2012-06-20,1.2680699825286863,1.0514076957419853,105140.76957419854,0.006593986425943221,0.006593986425943221,0.05140769574198534,1.325627396025289,-0.2068603146747824,Daily
2012-06-21,1.2680699825286863,1.0514076957419853,105140.76957419854,0.0,0.0,0.05140769574198534,1.325627396025289,-0.2068603146747824,Daily
2012-06-22,1.255177617073059,1.0407181183187155,104071.81183187156,-0.010166919518052486,-0.010166919518052486,0.040718118318715524,1.325627396025289,-0.21492410202205736,Daily
2012-06-25,1.2537612915039062,1.039543785968293,103954.3785968293,-0.0011283865724560638,-0.0011283865724560638,0.039543785968293,1.325627396025289,-0.2158099711236945,Daily
2012-06-26,1.2504688501358032,1.0368138907417692,103681.38907417693,-0.002626051219171144,-0.002626051219171144,0.03681389074176922,1.325627396025289,-0.21786929430508695,Daily
2012-06-27,1.248751163482666,1.0353896878264222,103538.96878264222,-0.0013736340996821639,-0.0013736340996821639,0.035389687826422156,1.325627396025289,-0.21894365571283791,Daily
2012-06-28,1.2473493814468384,1.034227414102946,103422.74141029459,-0.0011225471309417312,-0.0011225471309417312,0.03422741410294594,1.325627396025289,-0.2198204282712214,Daily
2012-06-29,1.244090557098389,1.0315253920960858,103152.53920960859,-0.0026125994824878207,-0.0026125994824878207,0.03152539209608585,1.325627396025289,-0.22185872501656756,Daily
2012-07-02,1.2655184268951416,1.049292098601303,104929.2098601303,0.01722372191838617,0.01722372191838617,0.049292098601303014,1.325627396025289,-0.20845623608303454,Daily
2012-07-03,1.2581782341003418,1.043206050276673,104320.60502766729,-0.005800146911182136,-0.005800146911182136,0.0432060502766729,1.325627396025289,-0.21304730620038292,Daily
2012-07-04,1.2605571746826172,1.0451785253532688,104517.85253532688,0.0018907818604703142,0.0018907818604703142,0.04517852535326883,1.325627396025289,-0.21155935032189843,Daily
2012-07-05,1.2516272068023682,1.0377743307256981,103777.43307256981,-0.007084143472109838,-0.007084143472109838,0.037774330725698135,1.325627396025289,-0.21714477700346158,Daily
2012-07-06,1.2391574382781982,1.0274351453723087,102743.51453723088,-0.009962845531320319,-0.009962845531320319,0.027435145372308734,1.325627396025289,-0.2249442426635634,Daily
2012-07-09,1.227144479751587,1.017474719514485,101747.4719514485,-0.009694457020169689,-0.009694457020169689,0.017474719514485093,1.325627396025289,-0.23245798739129653,Daily
2012-07-10,1.2318304777145386,1.0213600684213757,102136.00684213758,0.003818619600440387,0.003818619600440387,0.021360068421375722,1.325627396025289,-0.22952703641778738,Daily
2012-07-11,1.2256402969360352,1.016227541196361,101622.7541196361,-0.005025188847403772,-0.005025188847403772,0.01622754119636105,1.325627396025289,-0.23339880856160689,Daily
2012-07-12,1.2247247695922852,1.015468440745957,101546.8440745957,-0.0007469788208163131,-0.0007469788208163131,0.015468440745957102,1.325627396025289,-0.23397144341562393,Daily
2012-07-13,1.2192742824554443,1.0109492231947388,101094.92231947387,-0.0044503771558853655,-0.0044503771558853655,0.010949223194738789,1.325627396025289,-0.2373805594046029,Daily
2012-07-16,1.2248897552490234,1.0156052369729571,101560.5236972957,0.004605586187113042,0.004605586187113042,0.015605236972957126,1.325627396025289,-0.23386824984297283,Daily
2012-07-17,1.2268433570861816,1.0172250466319697,101722.50466319696,0.001594920545940015,0.001594920545940015,0.017225046631969665,1.325627396025289,-0.2326463305737504,Daily
2012-07-18,1.2295585870742798,1.0194763527464028,101947.63527464028,0.002213183918236439,0.002213183918236439,0.019476352746402803,1.325627396025289,-0.2309480357729765,Daily
2012-07-19,1.227747082710266,1.0179743618031296,101797.43618031296,-0.0014732965009212062,-0.0014732965009212062,0.017974361803129613,1.325627396025289,-0.23208107734089878,Daily
2012-07-20,1.2276867628097534,1.017924348153663,101792.4348153663,-4.913055902311392e-05,-4.913055902311392e-05,0.01792434815366306,1.325627396025289,-0.2321188056268534,Daily
2012-07-23,1.2127091884613037,1.0055058403816353,100550.58403816352,-0.012199833705277663,-0.012199833705277663,0.005505840381635263,1.325627396025289,-0.2414868285036157,Daily
2012-07-24,1.212415099143982,1.0052619991301839,100526.19991301838,-0.00024250605183839813,-0.00024250605183839813,0.005261999130183881,1.325627396025289,-0.24167077253810276,Daily
2012-07-25,1.2061853408813477,1.0000966566252818,100009.66566252818,-0.005138304749778166,-0.005138304749778166,9.665662528179908e-05,1.325627396025289,-0.24556729920946574,Daily
2012-07-26,1.2140341997146606,1.0066044603694266,100660.44603694267,0.006507174782590219,0.006507174782590219,0.006604460369426635,1.325627396025289,-0.24065807376372017,Daily
2012-07-27,1.2280486822128296,1.0182244300504633,101822.44300504633,0.011543729576533046,0.011543729576533046,0.01822443005046326,1.325627396025289,-0.23189243591112485,Daily
2012-07-30,1.230466365814209,1.0202290285185152,102022.90285185151,0.0019687196740629798,0.0019687196740629798,0.020229028518515157,1.325627396025289,-0.23038024743790653,Daily
2012-07-31,1.2259409427642822,1.0164768187140587,101647.68187140588,-0.003677811255679564,-0.003677811255679564,0.016476818714058705,1.325627396025289,-0.23321076362647275,Daily
2012-08-01,1.2294074296951294,1.0193510220991224,101935.10220991225,0.002827613313110211,0.002827613313110211,0.019351022099122428,1.325627396025289,-0.23104258017335333,Daily
2012-08-02,1.2241400480270386,1.0149836246379844,101498.36246379845,-0.004284488234626349,-0.004284488234626349,0.014983624637984416,1.325627396025289,-0.23433716919152925,Daily
2012-08-03,1.218026876449585,1.0099149488310637,100991.49488310637,-0.004993849835487341,-0.004993849835487341,0.009914948831063697,1.325627396025289,-0.23816077439320094,Daily
2012-08-06,1.2428536415100098,1.0304998157584049,103049.98157584049,0.02038277277820999,0.02038277277820999,0.03049981575840488,1.325627396025289,-0.22263237856412998,Daily
2012-08-07,1.2390038967132568,1.027307837900939,102730.7837900939,-0.0030975045396943734,-0.0030975045396943734,0.027307837900939047,1.325627396025289,-0.22504027830053897,Daily
2012-08-08,1.2386969327926636,1.0270533217994038,102705.33217994038,-0.00024775056915293803,-0.00024775056915293803,0.027053321799403784,1.325627396025289,-0.22523227501266063,Daily
2012-08-09,1.237332820892334,1.0259222818965432,102592.22818965433,-0.0011012474998659538,-0.0011012474998659538,0.02592228189654322,1.325627396025289,-0.22608548603277978,Daily
2012-08-10,1.2294074296951294,1.0193510220991224,101935.10220991225,-0.006405221831494834,-0.006405221831494834,0.019351022099122428,1.325627396025289,-0.23104258017335333,Daily
2012-08-13,1.2277169227600098,1.0179493549783964,101794.93549783964,-0.001375058336469337,-0.001375058336469337,0.017949354978396448,1.325627396025289,-0.23209994148387603,Daily
2012-08-14,1.2327415943145752,1.0221155117472138,102211.55117472139,0.004092695524037904,0.004092695524037904,0.022115511747213823,1.325627396025289,-0.22895716035147862,Daily
2012-08-15,1.2325897216796875,1.0219895880527068,102198.95880527068,-0.0001231990837237129,-0.0001231990837237129,0.021989588052706788,1.325627396025289,-0.22905215212283503,Daily
2012-08-16,1.2289540767669678,1.0189751289984865,101897.51289984865,-0.0029495985961696114,-0.0029495985961696114,0.018975128998486523,1.325627396025289,-0.23132613881265351,Daily
2012-08-17,1.2357884645462036,1.0246417940925092,102464.17940925092,0.0055611417126464335,0.0055611417126464335,0.024641794092509217,1.325627396025289,-0.2270514345397836,Daily
2012-08-20,1.233258605003357,1.022544186051042,102254.4186051042,-0.0020471622898468045,-0.0020471622898468045,0.022544186051042026,1.325627396025289,-0.22863378569498494,Daily
2012-08-21,1.2353304624557495,1.0242620461848984,102426.20461848984,0.0016799862121270603,0.0016799862121270603,0.024262046184898356,1.325627396025289,-0.22733790109045193,Daily
2012-08-22,1.2476606369018557,1.0344854884878425,103448.54884878425,0.009981276120718974,0.009981276120718974,0.0344854884878425,1.325627396025289,-0.2196257473332215,Daily
2012-08-23,1.2534469366073608,1.03928314171208,103928.314171208,0.004637719211750824,0.004637719211750824,0.03928314171208003,1.325627396025289,-0.21600659066927308,Daily
2012-08-24,1.2561235427856443,1.0415024232762615,104150.24232762615,0.0021353964815840065,0.0021353964815840065,0.041502423276261524,1.325627396025289,-0.2143324539014032,Daily
2012-08-27,1.250437617301941,1.0367879943461957,103678.79943461958,-0.004526565492988133,-0.004526565492988133,0.03678799434619573,1.325627396025289,-0.2178888295045337,Daily
2012-08-28,1.250156283378601,1.0365547291036237,103655.47291036237,-0.00022498837162865382,-0.00022498837162865382,0.03655472910362367,1.325627396025289,-0.218064795423216,Daily
2012-08-29,1.257228970527649,1.0424189777654014,104241.89777654014,0.005657442387869693,0.005657442387869693,0.04241897776540138,1.325627396025289,-0.21364104205227574,Daily
2012-08-30,1.2531328201293943,1.039022695138276,103902.26951382759,-0.003258078277129872,-0.003258078277129872,0.03902269513827594,1.325627396025289,-0.2162030610911917,Daily
2012-08-31,1.2510946989059448,1.0373328070652874,103733.28070652873,-0.0016264207518235096,-0.0016264207518235096,0.03733280706528741,1.325627396025289,-0.2174778446978488,Daily
2012-09-03,1.257703423500061,1.0428123657592303,104281.23657592303,0.00528235360592233,0.00528235360592233,0.04281236575923031,1.325627396025289,-0.2133442859690743,Daily
2012-09-04,1.2586532831192017,1.0435999324765244,104359.99324765244,0.0007552333892020258,0.0007552333892020258,0.04359993247652438,1.325627396025289,-0.2127501773080317,Daily
2012-09-05,1.2534469366073608,1.03928314171208,103928.314171208,-0.004136442165342369,-0.004136442165342369,0.03928314171208003,1.325627396025289,-0.21600659066927308,Daily
2012-09-06,1.2602394819259644,1.0449151135433306,104491.51135433305,0.005419092839293649,0.005419092839293649,0.044915113543330554,1.325627396025289,-0.21175805759871547,Daily
2012-09-07,1.263264298439026,1.0474231102657974,104742.31102657974,0.0024001918337290817,0.0024001918337290817,0.047423110265797375,1.325627396025289,-0.20986612572556118,Daily
2012-09-10,1.2795906066894531,1.060959907425308,106095.9907425308,0.01292390537008048,0.01292390537008048,0.06095990742530799,1.325627396025289,-0.19965451030474313,Daily
2012-09-11,1.2761613130569458,1.058116542496042,105811.6542496042,-0.002679992815342258,-0.002679992815342258,0.05811654249604192,1.325627396025289,-0.20179943046691806,Daily
2012-09-12,1.2851818799972534,1.065595856439017,106559.58564390171,0.007068516219708609,0.007068516219708609,0.06559585643901711,1.325627396025289,-0.1961573367945929,Daily
2012-09-13,1.2903226613998413,1.0698582845409976,106985.82845409976,0.0040000419260493025,0.0040000419260493025,0.06985828454099763,1.325627396025289,-0.19294193243982416,Daily
2012-09-14,1.299376368522644,1.077365076338818,107736.5076338818,0.007016622581037524,0.007016622581037524,0.07736507633881806,1.325627396025289,-0.1872791105787729,Daily
2012-09-17,1.3116475343704224,1.0875395922455444,108753.95922455445,0.009443888733893457,0.009443888733893457,0.08753959224554442,1.325627396025289,-0.1796038649273679,Daily
2012-09-18,1.3110111951828003,1.087011977896032,108701.1977896032,-0.0004851449577324418,-0.0004851449577324418,0.0870119778960321,1.325627396025289,-0.18000187597564166,Daily
2012-09-19,1.3046314716339111,1.0817222931558945,108172.22931558946,-0.004866261685888773,-0.004866261685888773,0.08172229315589452,1.325627396025289,-0.18399220142908201,Daily
2012-09-20,1.3058239221572876,1.0827110017243047,108271.10017243047,0.000914013305139294,0.000914013305139294,0.08271100172430468,1.325627396025289,-0.18324635944409084,Daily
2012-09-21,1.2973533868789673,1.0756877410987984,107568.77410987984,-0.006486736178279551,-0.006486736178279551,0.07568774109879839,1.325627396025289,-0.18854442483302636,Daily
2012-09-24,1.2968486547470093,1.0752692474390315,107526.92474390315,-0.000389047530967801,-0.000389047530967801,0.07526924743903152,1.325627396025289,-0.1888601196210351,Daily
2012-09-25,1.2941633462905884,1.073042750466923,107304.27504669232,-0.002070641355559344,-0.002070641355559344,0.0730427504669231,1.325627396025289,-0.19053969940249127,Daily
2012-09-26,1.2900062799453735,1.0695959599843086,106959.59599843086,-0.0032121651081605807,-0.0032121651081605807,0.06959595998430856,1.325627396025289,-0.19313981953651183,Daily
2012-09-27,1.2881617546081543,1.068066590027395,106806.65900273949,-0.001429857641698784,-0.001429857641698784,0.0680665900273949,1.325627396025289,-0.19429351473132994,Daily
2012-09-28,1.2913223505020142,1.070687166881764,107068.71668817638,0.0024535706657595746,0.0024535706657595746,0.07068716688176391,1.325627396025289,-0.19231665693386246,Daily
2012-10-01,1.2809016704559326,1.0620469629921752,106204.69629921751,-0.008069774399885876,-0.008069774399885876,0.06204696299217516,1.325627396025289,-0.19883447929895182,Daily
2012-10-02,1.2888258695602417,1.068617234377551,106861.7234377551,0.0061864226482650775,0.0061864226482650775,0.06861723437755107,1.325627396025289,-0.19387813077667782,Daily
2012-10-03,1.2916558980941772,1.0709637245718981,107096.37245718982,0.0021958191566260332,0.0021958191566260332,0.07096372457189815,1.325627396025289,-0.19210803293366197,Daily
2012-10-04,1.2923235893249512,1.0715173341581885,107151.73341581885,0.0005169265527753542,0.0005169265527753542,0.0715173341581885,1.325627396025289,-0.19169041212411153,Daily
2012-10-05,1.3017443418502808,1.079328458024602,107932.84580246022,0.007289778352069565,0.007289778352069565,0.07932845802460209,1.325627396025289,-0.18579801438864363,Daily
2012-10-08,1.301574945449829,1.0791880046730364,107918.80046730365,-0.00013013031438335876,-0.00013013031438335876,0.07918800467303644,1.325627396025289,-0.18590396674900278,Daily
2012-10-09,1.2976900339126587,1.075966868660249,107596.6868660249,-0.002984777442706421,-0.002984777442706421,0.07596686866024904,1.325627396025289,-0.18833386222524706,Daily
2012-10-10,1.2858428955078125,1.0661439309178569,106614.39309178569,-0.009129405401323676,-0.009129405401323676,0.06614393091785686,1.325627396025289,-0.19574389144751947,Daily
2012-10-11,1.2858428955078125,1.0661439309178569,106614.39309178569,0.0,0.0,0.06614393091785686,1.325627396025289,-0.19574389144751947,Daily
2012-10-12,1.293326497077942,1.0723488852114758,107234.88852114757,0.005819996825641605,0.005819996825641605,0.07234888521147576,1.325627396025289,-0.1910631234487412,Daily
2012-10-15,1.2943308353424072,1.0731816223592168,107318.16223592167,0.0007765543091666771,0.0007765543091666771,0.07318162235921677,1.325627396025289,-0.1904349400314116,Daily
2012-10-16,1.2968486547470093,1.0752692474390315,107526.92474390315,0.001945267265409889,0.001945267265409889,0.07526924743903152,1.325627396025289,-0.1888601196210351,Daily
2012-10-17,1.310787796974182,1.086826749478837,108682.6749478837,0.010748472596358472,0.010748472596358472,0.08682674947883706,1.325627396025289,-0.18014160484496822,Daily
2012-10-18,1.3116475343704224,1.0875395922455444,108753.95922455445,0.0006558936528284764,0.0006558936528284764,0.08753959224554442,1.325627396025289,-0.1796038649273679,Daily
2012-10-19,1.306916117668152,1.0836165848397474,108361.65848397474,-0.0036072318044961804,-0.0036072318044961804,0.08361658483974743,1.325627396025289,-0.18256322395808777,Daily
2012-10-22,1.3022528886795044,1.079750114602912,107975.0114602912,-0.003568116519190423,-0.003568116519190423,0.07975011460291204,1.325627396025289,-0.1854799336220766,Daily
2012-10-23,1.3070186376571655,1.0837015882755996,108370.15882755996,0.0036596186647692708,0.0036596186647692708,0.08370158827559959,1.325627396025289,-0.18249910078433085,Daily
2012-10-24,1.2973533868789673,1.0756877410987984,107568.77410987984,-0.007394883668624064,-0.007394883668624064,0.07568774109879839,1.325627396025289,-0.18854442483302636,Daily
2012-10-25,1.2965123653411863,1.0749904164011943,107499.04164011942,-0.0006482594074110892,-0.0006482594074110892,0.0749904164011943,1.325627396025289,-0.1890704585433245,Daily
2012-10-26,1.2938284873962402,1.0727651055235397,107276.51055235397,-0.0020700750850453087,-0.0020700750850453087,0.07276510552353965,1.325627396025289,-0.19074914358282125,Daily
2012-10-29,1.2924071550369265,1.0715866218425287,107158.66218425287,-0.0010985477388694154,-0.0010985477388694154,0.07158662184252873,1.325627396025289,-0.19163814428131642,Daily
2012-10-30,1.2908222675323486,1.0702725280289718,107027.25280289717,-0.001226306662262644,-0.001226306662262644,0.07027252802897177,1.325627396025289,-0.1926294438105033,Daily
2012-10-31,1.2962603569030762,1.0747814660949246,107478.14660949247,0.004212887790604691,0.004212887790604691,0.07478146609492464,1.325627396025289,-0.18922808225183885,Daily
2012-11-01,1.2965123653411863,1.0749904164011943,107499.04164011942,0.000194411899405722,0.000194411899405722,0.0749904164011943,1.325627396025289,-0.1890704585433245,Daily
2012-11-02,1.2948336601257324,1.073598534559712,107359.85345597121,-0.0012947853490098415,-0.0012947853490098415,0.0735985345597121,1.325627396025289,-0.19012043823268188,Daily
2012-11-05,1.2827913761138916,1.0636137937655865,106361.37937655865,-0.009300255610185215,-0.009300255610185215,0.06361379376558651,1.325627396025289,-0.19765252517058263,Daily
2012-11-06,1.2802459001541138,1.0615032375263325,106150.32375263325,-0.0019843257502160094,-0.0019843257502160094,0.061503237526332466,1.325627396025289,-0.19924464392550756,Daily
2012-11-07,1.2808033227920532,1.0619654189984795,106196.54189984796,0.00043540279087994627,0.00043540279087994627,0.061965418998479516,1.325627396025289,-0.19889599280866066,Daily
2012-11-08,1.2759984731674194,1.0579815254107225,105798.15254107225,-0.003751434384289154,-0.003751434384289154,0.057981525410722545,1.325627396025289,-0.20190128192663004,Daily
2012-11-09,1.274534821510315,1.0567679531021215,105676.79531021214,-0.0011470637997482713,-0.0011470637997482713,0.05676795310212146,1.325627396025289,-0.20281675207475758,Daily
2012-11-12,1.272394061088562,1.054992962752076,105499.2962752076,-0.001679640591706999,-0.001679640591706999,0.05499296275207599,1.325627396025289,-0.20415573341700166,Daily
2012-11-13,1.2709709405899048,1.0538129964529976,105381.29964529976,-0.0011184589288636415,-0.0011184589288636415,0.05381299645299764,1.325627396025289,-0.20504585254294627,Daily
2012-11-14,1.2709709405899048,1.0538129964529976,105381.29964529976,0.0,0.0,0.05381299645299764,1.325627396025289,-0.20504585254294627,Daily
2012-11-15,1.273236632347107,1.055691572385338,105569.1572385338,0.001782646388555964,0.001782646388555964,0.05569157238533795,1.325627396025289,-0.2036287304029144,Daily
2012-11-16,1.2784454822540283,1.0600104388150764,106001.04388150763,0.0040910305080676945,0.0040910305080676945,0.060010438815076395,1.325627396025289,-0.200370751243244,Daily
2012-11-19,1.2759497165679932,1.0579410993580904,105794.10993580904,-0.0019521878098663903,-0.0019521878098663903,0.05794109935809044,1.325627396025289,-0.20193177771507964,Daily
2012-11-20,1.276943564414978,1.058765138479837,105876.5138479837,0.0007789083175298028,0.0007789083175298028,0.05876513847983711,1.325627396025289,-0.20131015573878563,Daily
2012-11-21,1.281443476676941,1.0624961962665351,106249.61962665351,0.0035239711349535074,0.0035239711349535074,0.06249619626653513,1.325627396025289,-0.19849559578182863,Daily
2012-11-22,1.2865046262741089,1.0666925984439233,106669.25984439233,0.0039495691298789826,0.0039495691298789826,0.06669259844392328,1.325627396025289,-0.19532999872946644,Daily
2012-11-23,1.2875149250030518,1.0675302776518882,106753.02776518882,0.000785305165880823,0.000785305165880823,0.06753027765188824,1.325627396025289,-0.1946980872206393,Daily
2012-11-26,1.2965964078903198,1.0750600994503527,107506.00994503527,0.0070534971757680864,0.0070534971757680864,0.07506009945035275,1.325627396025289,-0.18901789245320944,Daily
2012-11-27,1.298701286315918,1.07680533859785,107680.533859785,0.0016233875188833569,0.0016233875188833569,0.07680533859784999,1.325627396025289,-0.18770135422178025,Daily
2012-11-28,1.2938284873962402,1.0727651055235397,107276.51055235397,-0.0037520552039342903,-0.0037520552039342903,0.07276510552353965,1.325627396025289,-0.19074914358282125,Daily
2012-11-29,1.2953367233276367,1.074015644442616,107401.5644442616,0.001165715507185583,0.001165715507185583,0.0740156444426161,1.325627396025289,-0.1898057873102924,Daily
2012-11-30,1.2973533868789673,1.0756877410987984,107568.77410987984,0.00155686433883373,0.00155686433883373,0.07568774109879839,1.325627396025289,-0.18854442483302636,Daily
2012-12-03,1.299680233001709,1.0776170225690367,107761.70225690366,0.001793533008257242,0.001793533008257242,0.07761702256903669,1.325627396025289,-0.18708905247423002,Daily
2012-12-05,1.3099292516708374,1.0861148951241748,108611.48951241748,0.007885800221380412,0.007885800221380412,0.0861148951241748,1.325627396025289,-0.18067859914426887,Daily
2012-12-06,1.3070186376571655,1.0837015882755996,108370.15882755996,-0.0022219627586447244,-0.0022219627586447244,0.08370158827559959,1.325627396025289,-0.18249910078433085,Daily
2012-12-07,1.2963443994522097,1.0748511491440829,107485.11491440829,-0.00816685997996891,-0.00816685997996891,0.07485114914408286,1.325627396025289,-0.1891755161617239,Daily
2012-12-10,1.2906056642532349,1.0700929335604321,107009.29335604321,-0.004426860023771462,-0.004426860023771462,0.07009293356043211,1.325627396025289,-0.1927649226555227,Daily
2012-12-11,1.2938284873962402,1.0727651055235397,107276.51055235397,0.002497140088774108,0.002497140088774108,0.07276510552353965,1.325627396025289,-0.19074914358282125,Daily
2012-12-12,1.3013207912445068,1.0789772752250857,107897.72752250856,0.005790801424804259,0.005790801424804259,0.07897727522508569,1.325627396025289,-0.18606293257045659,Daily
2012-12-13,1.3066771030426023,1.083418408224765,108341.84082247652,0.004116057957525454,0.004116057957525454,0.0834184082247651,1.325627396025289,-0.18271272042713815,Daily
2012-12-14,1.3078734874725342,1.084410378552923,108441.0378552923,0.0009155930161675041,0.0009155930161675041,0.0844103785529231,1.325627396025289,-0.18196441790175866,Daily
2012-12-17,1.3165863752365112,1.0916345833471366,109163.45833471366,0.006661873527855411,0.006661873527855411,0.09163458334713659,1.325627396025289,-0.17651476831253454,Daily
2012-12-18,1.316482424736023,1.09154839381683,109154.839381683,-7.895456192152928e-05,-7.895456192152928e-05,0.09154839381683,1.325627396025289,-0.17657978622825132,Daily
2012-12-19,1.323101282119751,1.097036354013154,109703.6354013154,0.005027683818153328,0.005027683818153328,0.09703635401315402,1.325627396025289,-0.17243988974393076,Daily
2012-12-20,1.3215277194976809,1.0957316501140228,109573.16501140228,-0.0011892986903837555,-0.0011892986903837555,0.09573165011402285,1.325627396025289,-0.17342410589927215,Daily
2012-12-21,1.323766827583313,1.0975881844577637,109758.81844577637,0.0016943330454566308,0.0016943330454566308,0.09758818445776374,1.325627396025289,-0.17202361104731945,Daily
2012-12-24,1.3182003498077393,1.0929727944145864,109297.27944145864,-0.004205028906590691,-0.004205028906590691,0.09297279441458639,1.325627396025289,-0.17550527569684005,Daily
2012-12-25,1.3180439472198486,1.0928431147543092,109284.31147543092,-0.00011864857107135585,-0.00011864857107135585,0.09284311475430918,1.325627396025289,-0.17560310081773456,Daily
2012-12-26,1.3180439472198486,1.0928431147543092,109284.31147543092,0.0,0.0,0.09284311475430918,1.325627396025289,-0.17560310081773456,Daily
2012-12-27,1.3225764036178589,1.0966011561898301,109660.115618983,0.003438774866020733,0.003438774866020733,0.09660115618983012,1.325627396025289,-0.1727681854812011,Daily
2012-12-28,1.3250298500061035,1.0986354070192257,109863.54070192257,0.0018550507793222426,0.0018550507793222426,0.09863540701922568,1.325627396025289,-0.17123362845899792,Daily
2012-12-31,1.3227688074111938,1.09676068589386,109676.068589386,-0.001706408798940906,-0.001706408798940906,0.09676068589386011,1.325627396025289,-0.17264784268766176,Daily
2013-01-01,1.32013201713562,1.0945744172919745,109457.44172919745,-0.001993387098940258,-0.001993387098940258,0.09457441729197447,1.325627396025289,-0.17429707580432852,Daily
2013-01-02,1.3197835683822632,1.0942855044512807,109428.55044512807,-0.0002639499298809911,-0.0002639499298809911,0.0942855044512807,1.325627396025289,-0.17451502003327257,Daily
2013-01-03,1.3182177543640137,1.0929872252304405,109298.72252304404,-0.0011864172700444264,-0.0011864172700444264,0.09298722523044045,1.325627396025289,-0.17549438966966735,Daily
2013-01-04,1.3032711744308472,1.0805944161715773,108059.44161715773,-0.011338475668139947,-0.011338475668139947,0.08059441617157725,1.325627396025289,-0.18484302647064266,Daily
2013-01-07,1.3067454099655151,1.0834750442349321,108347.50442349321,0.002665781000017242,0.002665781000017242,0.08347504423493213,1.325627396025289,-0.18266999649857663,Daily
2013-01-08,1.312508225440979,1.0882532257418875,108825.32257418876,0.004410052204136816,0.004410052204136816,0.08825322574188754,1.325627396025289,-0.17906552851512803,Daily
2013-01-09,1.308232665061951,1.0847081871020205,108470.81871020206,-0.003257549397522097,-0.003257549397522097,0.08470818710202055,1.325627396025289,-0.1817397631081188,Daily
2013-01-10,1.305483102798462,1.082428414720697,108242.8414720697,-0.0021017379682680692,-0.0021017379682680692,0.08242841472069706,1.325627396025289,-0.18345953171591844,Daily
2013-01-11,1.327316164970398,1.1005310824799408,110053.10824799408,0.016724124674715624,0.016724124674715624,0.1005310824799408,1.325627396025289,-0.16980360712238474,Daily
2013-01-14,1.3362016677856443,1.1078984093382407,110789.84093382407,0.006694337829785235,0.006694337829785235,0.10789840933824069,1.325627396025289,-0.16424599200339296,Daily
2013-01-15,1.3377926349639893,1.1092175440532261,110921.75440532262,0.0011906639669005958,0.0011906639669005958,0.10921754405322615,1.325627396025289,-0.16325088982087865,Daily
2013-01-16,1.330849051475525,1.1034603404158998,110346.03404158998,-0.0051903286854703135,-0.0051903286854703135,0.1034603404158998,1.325627396025289,-0.16759389272998315,Daily
2013-01-17,1.32908034324646,1.1019938334650352,110199.38334650353,-0.0013290073935161573,-0.0013290073935161573,0.10199383346503521,1.325627396025289,-0.168700166600953,Daily
2013-01-18,1.3372559547424316,1.1087725609506587,110877.25609506587,0.006151329780411663,0.006151329780411663,0.10877256095065868,1.325627396025289,-0.1635865671793142,Daily
2013-01-21,1.3320013284683228,1.1044157394984002,110441.57394984002,-0.003929409516161719,-0.003929409516161719,0.10441573949840022,1.325627396025289,-0.16687317808168523,Daily
2013-01-22,1.3311502933502195,1.1037101121396198,110371.01121396197,-0.0006389146166106974,-0.0006389146166106974,0.10371011213961978,1.325627396025289,-0.16740547498569924,Daily
2013-01-23,1.331398367881775,1.103915800686142,110391.5800686142,0.00018636102384128606,0.00018636102384128606,0.10391580068614203,1.325627396025289,-0.167250311817573,Daily
2013-01-24,1.330849051475525,1.1034603404158998,110346.03404158998,-0.00041258605951577376,-0.00041258605951577376,0.1034603404158998,1.325627396025289,-0.16759389272998315,Daily
2013-01-25,1.3369340896606443,1.1085056896985634,110850.56896985635,0.004572297796187286,0.004572297796187286,0.10850568969856345,1.325627396025289,-0.16378788412017964,Daily
2013-01-28,1.3466018438339231,1.1165216125406587,111652.16125406587,0.007231287053001134,0.007231287053001134,0.11652161254065874,1.325627396025289,-0.1577409942730552,Daily
2013-01-29,1.3446282148361206,1.1148851975592937,111488.51975592937,-0.0014656366370207063,-0.0014656366370207063,0.11488519755929372,1.325627396025289,-0.1589754399297092,Daily
2013-01-30,1.34916353225708,1.1186456111837222,111864.56111837222,0.00337291555458874,0.00337291555458874,0.11864561118372219,1.325627396025289,-0.15613873510925702,Daily
2013-01-31,1.3568336963653564,1.125005251962352,112500.52519623519,0.005685125579583783,0.005685125579583783,0.1250052519623519,1.325627396025289,-0.15134127784660667,Daily
2013-02-01,1.3610997200012207,1.1285423833058608,112854.23833058607,0.003144102071825028,0.003144102071825028,0.12854238330586076,1.325627396025289,-0.14867300820001184,Daily
2013-02-04,1.3648709058761597,1.1316692248095743,113166.92248095744,0.002770690361272976,0.002770690361272976,0.13166922480957433,1.325627396025289,-0.14631424470954013,Daily
2013-02-05,1.3511687517166138,1.1203082190842746,112030.82190842746,-0.010039157623298878,-0.010039157623298878,0.12030821908427458,1.325627396025289,-0.15488453056766593,Daily
2013-02-06,1.3581420183181765,1.1260900341815163,112609.00341815164,0.005160914647192039,0.005160914647192039,0.12609003418151632,1.325627396025289,-0.15052296176290403,Daily
2013-02-07,1.3523930311203003,1.1213233182542806,112132.33182542806,-0.004232979408880344,-0.004232979408880344,0.12132331825428055,1.325627396025289,-0.15411878057407835,Daily
2013-02-08,1.3389389514923096,1.1101680010755024,111016.80010755024,-0.009948350308227938,-0.009948350308227938,0.1101680010755024,1.325627396025289,-0.16253390326407846,Daily
2013-02-11,1.3368269205093384,1.1084168314557363,110841.68314557364,-0.0015773915462070631,-0.0015773915462070631,0.10841683145573633,1.325627396025289,-0.1638549152053047,Daily
2013-02-12,1.340356707572937,1.111343519520379,111134.35195203789,0.0026404218896594056,0.0026404218896594056,0.11134351952037891,1.325627396025289,-0.1616471394204817,Daily
2013-02-13,1.3452069759368896,1.1153650716070425,111536.50716070425,0.0036186399758726395,0.0036186399758726395,0.11536507160704246,1.325627396025289,-0.15861344224530138,Daily
2013-02-14,1.3444474935531616,1.1147353542933027,111473.53542933027,-0.0005645840359985721,-0.0005645840359985721,0.11473535429330273,1.325627396025289,-0.1590884756639135,Daily
2013-02-15,1.3352917432785034,1.1071439544244477,110714.39544244477,-0.006810046743038534,-0.006810046743038534,0.10714395442444768,1.325627396025289,-0.16481512245140206,Daily
2013-02-18,1.3344007730484009,1.1064052152621666,110640.52152621666,-0.000667247614304256,-0.000667247614304256,0.10640521526216662,1.325627396025289,-0.16537239756844935,Daily
2013-02-19,1.3347214460372925,1.1066710981022168,110667.10981022168,0.00024031235245680627,0.00024031235245680627,0.10667109810221675,1.325627396025289,-0.16517182624588356,Daily
2013-02-20,1.3395847082138062,1.1107034238801687,111070.34238801687,0.0036436532813288736,0.0036436532813288736,0.11070342388016874,1.325627396025289,-0.1621300018312386,Daily
2013-02-21,1.327316164970398,1.1005310824799408,110053.10824799408,-0.009158467671497306,-0.009158467671497306,0.1005310824799408,1.325627396025289,-0.16980360712238474,Daily
2013-02-22,1.3194352388381958,1.0939966904517913,109399.66904517912,-0.0059374897557867845,-0.0059374897557867845,0.09399669045179126,1.325627396025289,-0.1747328897003867,Daily
2013-02-25,1.319591999053955,1.094126666635682,109412.66666356819,0.0001188085713832443,0.0001188085713832443,0.09412666663568192,1.325627396025289,-0.17463484089400239,Daily
2013-02-26,1.3065063953399658,1.0832768676199507,108327.68676199506,-0.009916401223537652,-0.009916401223537652,0.08327686761995068,1.325627396025289,-0.18281949296762645,Daily
2013-02-27,1.3065917491912842,1.0833476379223579,108334.76379223578,6.532983812590487e-05,6.532983812590487e-05,0.08334763792235789,1.325627396025289,-0.18276610669738225,Daily
2013-02-28,1.3150973320007324,1.0903999578619812,109039.99578619812,0.006509747834174684,0.006509747834174684,0.09039995786198118,1.325627396025289,-0.17744612013044148,Daily
2013-03-01,1.3059945106506348,1.082852443487915,108285.2443487915,-0.006921785276720938,-0.006921785276720938,0.08285244348791498,1.325627396025289,-0.18313966146543226,Daily
2013-03-04,1.3016934394836426,1.0792862528302891,107928.62528302892,-0.00329333020308753,-0.00329333020308753,0.07928625283028912,1.325627396025289,-0.18582985229003246,Daily
2013-03-05,1.3036110401153564,1.0808762124455489,108087.62124455489,0.0014731584054650249,0.0014731584054650249,0.08087621244554888,1.325627396025289,-0.18463045069345485,Daily
2013-03-06,1.3048527240753174,1.081905742431409,108190.57424314089,0.0009524957381850108,0.0009524957381850108,0.08190574243140891,1.325627396025289,-0.18385381467269446,Daily
2013-03-07,1.297858476638794,1.0761065312821787,107610.65312821788,-0.005360181503609951,-0.005360181503609951,0.0761065312821787,1.325627396025289,-0.1882285063595277,Daily
2013-03-08,1.311131477355957,1.087111708671352,108711.1708671352,0.010226847499996694,0.010226847499996694,0.08711170867135198,1.325627396025289,-0.17992664308922202,Daily
2013-03-11,1.2988024950027466,1.076889254780453,107688.92547804529,-0.009403315049741012,-0.009403315049741012,0.07688925478045294,1.325627396025289,-0.1876380512281528,Daily
2013-03-12,1.3032711744308472,1.0805944161715773,108059.44161715773,0.003440615062947794,0.003440615062947794,0.08059441617157725,1.325627396025289,-0.18484302647064266,Daily
2013-03-13,1.3029316663742063,1.080312916421219,108031.29164212191,-0.0002605045391179672,-0.0002605045391179672,0.08031291642121907,1.325627396025289,-0.18505537856234078,Daily
2013-03-14,1.2958402633666992,1.0744331496903383,107443.31496903383,-0.005442651514673047,-0.005442651514673047,0.07443314969033832,1.325627396025289,-0.18949083814058298,Daily
2013-03-15,1.301236271858215,1.0789071968111095,107890.71968111095,0.004164100039225849,0.004164100039225849,0.07890719681110947,1.325627396025289,-0.18611579690789126,Daily
2013-03-18,1.2892745733261108,1.0689892726712125,106898.92726712125,-0.009192564633187295,-0.009192564633187295,0.06898927267121246,1.325627396025289,-0.19359748004874555,Daily
2013-03-19,1.2944984436035156,1.0733205930927154,107332.05930927154,0.0040517903520955745,0.0040517903520955745,0.07332059309271544,1.325627396025289,-0.19033010609850143,Daily
2013-03-20,1.2863887548446655,1.066596524793169,106659.65247931691,-0.006264734267486083,-0.006264734267486083,0.06659652479316902,1.325627396025289,-0.19540247282817802,Daily
2013-03-21,1.2941633462905884,1.073042750466923,107304.27504669232,0.006043733993043032,0.006043733993043032,0.0730427504669231,1.325627396025289,-0.19053969940249127,Daily
2013-03-22,1.2904890775680542,1.069996266862451,106999.6266862451,-0.0028391073917105603,-0.0028391073917105603,0.06999626686245097,1.325627396025289,-0.192837844125214,Daily
2013-03-25,1.302405595779419,1.0798767301858505,107987.67301858505,0.009234110089348269,0.009234110089348269,0.07987673018585051,1.325627396025289,-0.18538441991791044,Daily
2013-03-26,1.2858428955078125,1.0661439309178569,106614.39309178569,-0.012717006380561724,-0.012717006380561724,0.06614393091785686,1.325627396025289,-0.19574389144751947,Daily
2013-03-27,1.2860082387924194,1.0662810236684699,106628.10236684699,0.00012858746988775316,0.00012858746988775316,0.06628102366846989,1.325627396025289,-0.1956404741893788,Daily
2013-03-28,1.277791976928711,1.059468591332119,105946.8591332119,-0.006388965183787398,-0.006388965183787398,0.0594685913321189,1.325627396025289,-0.20077949919503058,Daily
2013-03-29,1.2815911769866943,1.0626186605188854,106261.86605188854,0.0029732539619751197,0.0029732539619751197,0.06261866051888543,1.325627396025289,-0.1984032136745204,Daily
2013-04-01,1.2805737257003784,1.0617750508386516,106177.50508386517,-0.0007938969186008782,-0.0007938969186008782,0.061775050838651646,1.325627396025289,-0.1990395988931446,Daily
2013-04-02,1.2850167751312256,1.0654589613708128,106545.89613708128,0.003469577222831921,0.003469577222831921,0.06545896137081275,1.325627396025289,-0.19626060492907382,Daily
2013-04-03,1.2820513248443604,1.063000187568177,106300.01875681769,-0.0023077132876825335,-0.0023077132876825335,0.06300018756817694,1.325627396025289,-0.19811540501091296,Daily
2013-04-04,1.2850167751312256,1.0654589613708128,106545.89613708128,0.0023130511465485615,0.0023130511465485615,0.06545896137081275,1.325627396025289,-0.19626060492907382,Daily
2013-04-05,1.2928247451782229,1.071932862581821,107193.2862581821,0.006076161959986726,0.006076161959986726,0.07193286258182097,1.325627396025289,-0.1913769541910012,Daily
2013-04-08,1.2992074489593506,1.0772250183520704,107722.50183520705,0.004937021668971919,0.004937021668971919,0.07722501835207041,1.325627396025289,-0.1873847646918122,Daily
2013-04-09,1.3029316663742063,1.080312916421219,108031.29164212191,0.0028665302202808274,0.0028665302202808274,0.08031291642121907,1.325627396025289,-0.18505537856234078,Daily
2013-04-10,1.3080273866653442,1.0845379825479062,108453.79825479063,0.003910965112482012,0.003910965112482012,0.08453798254790623,1.325627396025289,-0.18186815857929317,Daily
2013-04-11,1.3055341243743896,1.0824707187562146,108247.07187562146,-0.0019061239209299252,-0.0019061239209299252,0.08247071875621459,1.325627396025289,-0.18342761925269957,Daily
2013-04-12,1.311475396156311,1.0873968655462758,108739.68655462758,0.004550836068546449,0.004550836068546449,0.08739686554627579,1.325627396025289,-0.17971153220981595,Daily
2013-04-15,1.3099292516708374,1.0861148951241748,108611.48951241748,-0.0011789351824708083,-0.0011789351824708083,0.0861148951241748,1.325627396025289,-0.18067859914426887,Daily
2013-04-16,1.3054660558700562,1.0824142804284567,108241.42804284567,-0.003407203705916406,-0.003407203705916406,0.08241428042845667,1.325627396025289,-0.18347019405760112,Daily
2013-04-17,1.3178702592849731,1.0926991031193822,109269.91031193822,0.009501743349925595,0.009501743349925595,0.09269910311938223,1.325627396025289,-0.17571173740397195,Daily
2013-04-18,1.3034920692443848,1.0807775689234782,108077.75689234782,-0.010910171118353684,-0.010910171118353684,0.0807775689234782,1.325627396025289,-0.184704863399745,Daily
2013-04-19,1.3053126335144043,1.0822870717982913,108228.70717982913,0.001396682275999428,0.001396682275999428,0.08228707179829131,1.325627396025289,-0.183566155132747,Daily
2013-04-22,1.3055682182312012,1.0824989873406958,108249.89873406959,0.0001958034498670269,0.0001958034498670269,0.08249898734069583,1.325627396025289,-0.18340629456933377,Daily
2013-04-23,1.306165099143982,1.0829938852515253,108299.38852515254,0.0004571809457718512,0.0004571809457718512,0.08299388525152529,1.325627396025289,-0.18303296348677367,Daily
2013-04-24,1.2994438409805298,1.0774210204605537,107742.10204605537,-0.0051457952504296856,-0.0051457952504296856,0.07742102046055366,1.325627396025289,-0.187236908583021,Daily
2013-04-25,1.3017443418502808,1.079328458024602,107932.84580246022,0.0017703734453158315,0.0017703734453158315,0.07932845802460209,1.325627396025289,-0.18579801438864363,Daily
2013-04-26,1.3007283210754397,1.078486034438822,107848.60344388221,-0.0007805071565719635,-0.0007805071565719635,0.07848603443882207,1.325627396025289,-0.1864335048653084,Daily
2013-04-29,1.3042571544647217,1.0814119317738284,108141.19317738284,0.0027129672907899582,0.0027129672907899582,0.08141193177382844,1.325627396025289,-0.1842263255751253,Daily
2013-04-30,1.3095861673355105,1.0858304301376824,108583.04301376824,0.004085860562502264,0.004085860562502264,0.08583043013768243,1.325627396025289,-0.1808931880908652,Daily
2013-05-01,1.3168290853500366,1.091835824039457,109183.58240394571,0.005530692210397037,0.005530692210397037,0.091835824039457,1.325627396025289,-0.17636296042675614,Daily
2013-05-02,1.3182177543640137,1.0929872252304405,109298.72252304404,0.00105455524139475,0.00105455524139475,0.09298722523044045,1.325627396025289,-0.17549438966966735,Daily
2013-05-03,1.3065063953399658,1.0832768676199507,108327.68676199506,-0.008884237058161881,-0.008884237058161881,0.08327686761995068,1.325627396025289,-0.18281949296762645,Daily
2013-05-06,1.312335968017578,1.0881104002014144,108811.04002014143,0.004461954949784408,0.004461954949784408,0.08811040020141436,1.325627396025289,-0.1791732703594061,Daily
2013-05-07,1.3070186376571655,1.0837015882755996,108370.15882755996,-0.004051805703721545,-0.004051805703721545,0.08370158827559959,1.325627396025289,-0.18249910078433085,Daily
2013-05-08,1.3077024221420288,1.084268541424495,108426.8541424495,0.0005231635304674409,0.0005231635304674409,0.08426854142449502,1.325627396025289,-0.18207141412773686,Daily
2013-05-09,1.3161357641220093,1.0912609635942034,109126.09635942035,0.006448976339866741,0.006448976339866741,0.09126096359420344,1.325627396025289,-0.17679661202974595,Daily
2013-05-10,1.303441047668457,1.080735264887961,108073.5264887961,-0.009645446009151515,-0.009645446009151515,0.0807352648879609,1.325627396025289,-0.18473677586296366,Daily
2013-05-13,1.2965291738510132,1.075004353011026,107500.43530110261,-0.005302789742434255,-0.005302789742434255,0.07500435301102604,1.325627396025289,-0.18905994532530146,Daily
2013-05-14,1.2988024950027466,1.076889254780453,107688.92547804529,0.0017533898947919013,0.0017533898947919013,0.07688925478045294,1.325627396025289,-0.1876380512281528,Daily
2013-05-15,1.2937111854553225,1.0726678457783316,107266.78457783317,-0.003920002900374309,-0.003920002900374309,0.07266784577833163,1.325627396025289,-0.19082251242349213,Daily
2013-05-16,1.2882447242736816,1.0681353835057128,106813.53835057128,-0.004225410774133964,-0.004225410774133964,0.0681353835057128,1.325627396025289,-0.1942416196976846,Daily
2013-05-17,1.2883278131484983,1.0682042758252348,106820.42758252348,6.449774119077212e-05,6.449774119077212e-05,0.0682042758252348,1.325627396025289,-0.19418965010220957,Daily
2013-05-20,1.2835652828216553,1.0642554708650684,106425.54708650685,-0.003696675860163312,-0.003696675860163312,0.06425547086506844,1.325627396025289,-0.19716846977054647,Daily
2013-05-21,1.2891082763671875,1.0688513891909635,106885.13891909634,0.00431843523638098,0.00431843523638098,0.06885138919096345,1.325627396025289,-0.1937014938015259,Daily
2013-05-22,1.291906237602234,1.0711712911013054,107117.12911013054,0.0021704625486784757,0.0021704625486784757,0.07117129110130538,1.325627396025289,-0.19195145309076678,Daily
2013-05-23,1.2842081785202026,1.0647885214808273,106478.85214808272,-0.0059586824941095795,-0.0059586824941095795,0.06478852148082725,1.325627396025289,-0.19676635782162555,Daily
2013-05-24,1.2925074100494385,1.0716697472954961,107166.97472954962,0.006462528169536519,0.006462528169536519,0.07166974729549613,1.325627396025289,-0.19157543778232844,Daily
2013-05-27,1.2937781810760498,1.072723394535249,107272.3394535249,0.000983182778474312,0.000983182778474312,0.07272339453524901,1.325627396025289,-0.1907806086750603,Daily
2013-05-28,1.29339337348938,1.072404335127189,107240.4335127189,-0.000297429337036359,-0.000297429337036359,0.07240433512718902,1.325627396025289,-0.1910212942621391,Daily
2013-05-29,1.2846370935440063,1.065144152134545,106514.4152134545,-0.006770005262784484,-0.006770005262784484,0.06514415213454505,1.325627396025289,-0.19649808435746496,Daily
2013-05-30,1.294783353805542,1.0735568235714215,107355.68235714214,0.007898152958937477,0.007898152958937477,0.07355682357142146,1.325627396025289,-0.19015190332492093,Daily
2013-05-31,1.3043931722640991,1.0815247095881397,108152.47095881397,0.007421950884920481,0.007421950884920481,0.08152470958813973,1.325627396025289,-0.18414125052715224,Daily
2013-06-03,1.299646496772766,1.0775890505081689,107758.90505081689,-0.003638991365689237,-0.003638991365689237,0.07758905050816889,1.325627396025289,-0.18711015347210602,Daily
2013-06-04,1.3072919845581057,1.0839282311574716,108392.82311574716,0.0058827441187465634,0.0058827441187465634,0.08392823115747161,1.325627396025289,-0.18232813050825514,Daily
2013-06-05,1.307343363761902,1.0839708317166024,108397.08317166024,3.9302010876873794e-05,3.9302010876873794e-05,0.08397083171660236,1.325627396025289,-0.18229599435954658,Daily
2013-06-06,1.3093289136886597,1.0856171308184153,108561.71308184153,0.0015187669756813182,0.0015187669756813182,0.08561713081841527,1.325627396025289,-0.18105409251989768,Daily
2013-06-07,1.3245558738708496,1.0982424143902145,109824.24143902145,0.011629591329570754,0.011629591329570754,0.09824241439021453,1.325627396025289,-0.17153008629487965,Daily
2013-06-10,1.3224014043807983,1.096456057301654,109645.6057301654,-0.0016265599153283405,-0.0016265599153283405,0.09645605730165396,1.325627396025289,-0.17287764224756796,Daily
2013-06-11,1.3224014043807983,1.096456057301654,109645.6057301654,0.0,0.0,0.09645605730165396,1.325627396025289,-0.17287764224756796,Daily
2013-06-12,1.3224014043807983,1.096456057301654,109645.6057301654,0.0,0.0,0.09645605730165396,1.325627396025289,-0.17287764224756796,Daily
2013-06-13,1.3339558839797974,1.1060363398870485,110603.63398870485,0.008737497979601105,0.008737497979601105,0.10603633988704853,1.325627396025289,-0.16565066231782322,Daily
2013-06-14,1.3367911577224731,1.1083871790943927,110838.71790943926,0.00212546290077964,0.00212546290077964,0.10838717909439266,1.325627396025289,-0.16387728375428956,Daily
2013-06-17,1.3348639011383057,1.10678921334157,110678.921334157,-0.0014417035698015557,-0.0014417035698015557,0.10678921334156999,1.325627396025289,-0.16508272485909314,Daily
2013-06-18,1.336308836936951,1.1079872675810682,110798.72675810683,0.0010824592660070298,0.0010824592660070298,0.10798726758106825,1.325627396025289,-0.16417896091826756,Daily
2013-06-19,1.3389928340911863,1.1102126772999272,111021.26772999272,0.0020085156066074195,0.0020085156066074195,0.11021267729992723,1.325627396025289,-0.16250020131694098,Daily
2013-06-20,1.329186201095581,1.1020816044546133,110208.16044546134,-0.007323887586195621,-0.007323887586195621,0.10208160445461334,1.325627396025289,-0.16863395569595707,Daily
2013-06-21,1.323556661605835,1.0974139274142662,109741.39274142662,-0.0042353279661691,-0.0042353279661691,0.09741392741426624,1.325627396025289,-0.1721550635535214,Daily
2013-06-24,1.3105300664901731,1.086613054794752,108661.3054794752,-0.00984211367260801,-0.00984211367260801,0.0866130547947519,1.325627396025289,-0.18030280752132055,Daily
2013-06-25,1.313232183456421,1.0888534883766925,108885.34883766925,0.0020618504186513675,0.0020618504186513675,0.08885348837669249,1.325627396025289,-0.17861271452184102,Daily
2013-06-26,1.307976007461548,1.084495381988776,108449.53819887759,-0.004002472724235706,-0.004002472724235706,0.08449538198877593,1.325627396025289,-0.1819002947280013,Daily
2013-06-27,1.301337718963623,1.0789913106761218,107899.13106761218,-0.005075237206230154,-0.005075237206230154,0.07899131067612175,1.325627396025289,-0.18605234479060362,Daily
2013-06-28,1.303593993186951,1.0808620781533085,108086.20781533085,0.0017338114391436399,0.0017338114391436399,0.08086207815330848,1.325627396025289,-0.18464111303513753,Daily
2013-07-01,1.3014055490493774,1.0790475513214708,107904.75513214708,-0.0016787774023285795,-0.0016787774023285795,0.07904755132147079,1.325627396025289,-0.18600991910936193,Daily
2013-07-02,1.306762456893921,1.0834891785271727,108348.91785271728,0.004116247889411895,0.004116247889411895,0.08348917852717275,1.325627396025289,-0.18265933415689373,Daily
2013-07-03,1.2978922128677368,1.0761345033430463,107613.45033430462,-0.006787954443738808,-0.006787954443738808,0.07613450334304628,1.325627396025289,-0.18820740536165192,Daily
2013-07-04,1.30108380317688,1.0787807789105803,107878.07789105803,0.0024590565206423776,0.0024590565206423776,0.07878077891058033,1.325627396025289,-0.18621116148839723,Daily
2013-07-05,1.2907721996307373,1.0702310147230902,107023.10147230902,-0.007925395367281318,-0.007925395367281318,0.07023101472309023,1.325627396025289,-0.19266075977908237,Daily
2013-07-08,1.2829065322875977,1.0637092743691139,106370.92743691138,-0.006093768788473897,-0.006093768788473897,0.06370927436911389,1.325627396025289,-0.19758049844285086,Daily
2013-07-09,1.2871006727218628,1.0671868044663215,106718.68044663215,0.0032692486387035924,0.0032692486387035924,0.06718680446632153,1.325627396025289,-0.19495718957971586,Daily
2013-07-10,1.278183937072754,1.0597935812124482,105979.35812124482,-0.006927768618326002,-0.006927768618326002,0.059793581212448155,1.325627396025289,-0.2005343398981545,Daily
2013-07-11,1.3187741041183472,1.093448517131747,109344.85171317469,0.03175612356587032,0.03175612356587032,0.09344851713174696,1.325627396025289,-0.17514640960929018,Daily
2013-07-12,1.3097747564315796,1.0859867969231691,108598.67969231692,-0.006824025175095394,-0.006824025175095394,0.08598679692316913,1.325627396025289,-0.18077523127588424,Daily
2013-07-15,1.3059945106506348,1.082852443487915,108285.2443487915,-0.0028861800568242835,-0.0028861800568242835,0.08285244348791498,1.325627396025289,-0.18313966146543226,Daily
2013-07-16,1.3058750629425049,1.0827534046010263,108275.34046010263,-9.14611104072538e-05,-9.14611104072538e-05,0.08275340460102631,1.325627396025289,-0.18321437241904237,Daily
2013-07-17,1.3151146173477173,1.0904142898366307,109041.42898366306,0.007075373952231789,0.007075373952231789,0.09041428983663069,1.325627396025289,-0.1774353086650987,Daily
2013-07-18,1.3116990327835083,1.0875822916458797,108758.22916458797,-0.002597176336688767,-0.002597176336688767,0.08758229164587972,1.325627396025289,-0.1795716542168294,Daily
2013-07-19,1.3110626935958862,1.0870546772963674,108705.46772963674,-0.00048512591053118115,-0.00048512591053118115,0.0870546772963674,1.325627396025289,-0.17996966526510305,Daily
2013-07-22,1.3159972429275513,1.0911461101145978,109114.61101145978,0.0037637783118751322,0.0037637783118751322,0.09114611011459783,1.325627396025289,-0.17688325287614826,Daily
2013-07-23,1.3190349340438845,1.0936647816871488,109366.47816871488,0.0023082807602057276,0.0023082807602057276,0.09366478168714876,1.325627396025289,-0.17498326832535904,Daily
2013-07-24,1.3223315477371216,1.0963981363558288,109639.81363558289,0.0024992618528534294,0.0024992618528534294,0.09639813635582883,1.325627396025289,-0.17292133547991873,Daily
2013-07-25,1.319087266921997,1.093708172975915,109370.81729759151,-0.002453454899927654,-0.002453454899927654,0.09370817297591505,1.325627396025289,-0.17495053568201113,Daily
2013-07-26,1.3274219036102295,1.1006187546283144,110061.87546283143,0.006318487712856813,0.006318487712856813,0.10061875462831438,1.325627396025289,-0.16973747077921886,Daily
2013-07-29,1.3287447690963743,1.1017155954744249,110171.55954744249,0.0009965674685243897,0.0009965674685243897,0.10171559547442488,1.325627396025289,-0.16891005815226257,Daily
2013-07-30,1.3263654708862305,1.0997428238742157,109974.28238742157,-0.001790635993819789,-0.001790635993819789,0.09974282387421574,1.325627396025289,-0.17039823771623686,Daily
2013-07-31,1.3264886140823364,1.0998449268384431,109984.49268384432,9.284258283925872e-05,9.284258283925872e-05,0.09984492683844315,1.325627396025289,-0.1703212153458984,Daily
2013-08-01,1.3301409482955933,1.1028732236612908,110287.32236612908,0.002753385271824227,0.002753385271824227,0.10287322366129081,1.325627396025289,-0.1680367899998867,Daily
2013-08-02,1.3211959600448608,1.0954565750419556,109545.65750419557,-0.006724842402750175,-0.006724842402750175,0.0954565750419556,1.325627396025289,-0.17363161147202355,Daily
2013-08-05,1.3278977870941162,1.101013328716597,110101.3328716597,0.005072545823579189,0.005072545823579189,0.10101332871659707,1.325627396025289,-0.1694398199540581,Daily
2013-08-06,1.3257501125335691,1.0992326055766914,109923.26055766914,-0.001617349303101867,-0.001617349303101867,0.09923260557669145,1.325627396025289,-0.1707831258824395,Daily
2013-08-07,1.3308136463165283,1.1034309845781693,110343.09845781693,0.003819372697078327,0.003819372697078327,0.10343098457816935,1.325627396025289,-0.16761603759347832,Daily
2013-08-08,1.334098219871521,1.1061543562851974,110615.43562851974,0.0024680942850894283,0.0024680942850894283,0.10615435628519743,1.325627396025289,-0.16556163549286262,Daily
2013-08-09,1.3380074501037598,1.1093956559036986,110939.56559036986,0.0029302416973580048,0.0029302416973580048,0.1093956559036986,1.325627396025289,-0.16311652940330845,Daily
2013-08-12,1.3339380025863647,1.1060215137063765,110602.15137063764,-0.0030414236610414314,-0.0030414236610414314,0.10602151370637647,1.325627396025289,-0.16566184659231575,Daily
2013-08-13,1.3292922973632812,1.1021695731266001,110216.95731266002,-0.003482699506330733,-0.003482699506330733,0.10216957312660013,1.325627396025289,-0.16856759566730162,Daily
2013-08-14,1.326559066772461,1.0999033419902906,109990.33419902906,-0.002056154689410228,-0.002056154689410228,0.0999033419902906,1.325627396025289,-0.17027714930439786,Daily
2013-08-15,1.3264182806015017,1.0997866105278005,109978.66105278005,-0.00010612883699301356,-0.00010612883699301356,0.09978661052780047,1.325627396025289,-0.17036520682556866,Daily
2013-08-16,1.33539879322052,1.1072327138260702,110723.27138260702,0.006770498228466648,0.006770498228466648,0.10723271382607025,1.325627396025289,-0.16474816592810693,Daily
2013-08-19,1.332906723022461,1.105166438446423,110516.6438446423,-0.0018661617868092062,-0.0018661617868092062,0.10516643844642304,1.325627396025289,-0.16630688098321422,Daily
2013-08-20,1.3333866596221924,1.1055643731356581,110556.43731356581,0.00036006765622964565,0.00036006765622964565,0.10556437313565814,1.325627396025289,-0.16600669505583499,Daily
2013-08-21,1.3421016931533811,1.112790357071552,111279.0357071552,0.006536013742374225,0.006536013742374225,0.11279035707155205,1.325627396025289,-0.16055570335367186,Daily
2013-08-22,1.334294080734253,1.1063167523841575,110631.67523841574,-0.005817452178890736,-0.005817452178890736,0.1063167523841575,1.325627396025289,-0.16543913040625458,Daily
2013-08-23,1.335505723953247,1.1073213743864885,110732.13743864885,0.0009080780889976214,0.0009080780889976214,0.10732137438648848,1.325627396025289,-0.16468128396664172,Daily
2013-08-26,1.33865225315094,1.109930287978729,110993.02879787289,0.002356058189237009,0.002356058189237009,0.10993028797872895,1.325627396025289,-0.16271322446510839,Daily
2013-08-27,1.3379179239273071,1.1093214261591342,110932.14261591341,-0.0005485586132653042,-0.0005485586132653042,0.1093214261591342,1.325627396025289,-0.16317252533760118,Daily
2013-08-28,1.3392080068588257,1.1103910856740131,111039.10856740132,0.0009642466914052683,0.0009642466914052683,0.11039108567401312,1.325627396025289,-0.16236561721388088,Daily
2013-08-29,1.3334933519363403,1.1056528360136675,110565.28360136675,-0.004267189931076887,-0.004267189931076887,0.10565283601366748,1.325627396025289,-0.16593996221802965,Daily
2013-08-30,1.3236267566680908,1.0974720460425,109747.20460425,-0.007399058460938357,-0.007399058460938357,0.09747204604250004,1.325627396025289,-0.17211122119751088,Daily
2013-09-02,1.3208295106887815,1.095152737179385,109515.2737179385,-0.002113319306380923,-0.002113319306380923,0.095152737179385,1.325627396025289,-0.1738608145372903,Daily
2013-09-03,1.319000244140625,1.0936360188966447,109363.60188966448,-0.0013849376723895634,-0.0013849376723895634,0.09363601889664475,1.325627396025289,-0.17500496581787484,Daily
2013-09-04,1.317401647567749,1.0923105583445727,109231.05583445726,-0.001211975949191313,-0.001211975949191313,0.09231055834457269,1.325627396025289,-0.17600483995750582,Daily
2013-09-05,1.320062279701233,1.0945165951873541,109451.65951873541,0.002019605894979737,0.002019605894979737,0.09451659518735411,1.325627396025289,-0.17434069447484912,Daily
2013-09-06,1.3118367195129397,1.0876964532370539,108769.6453237054,-0.006231190993621016,-0.006231190993621016,0.08769645323705388,1.325627396025289,-0.17948553530323696,Daily
2013-09-09,1.3174188137054443,1.0923247914780176,109232.47914780176,0.0042551745270378305,0.0042551745270378305,0.09232479147801764,1.325627396025289,-0.1759941030539931,Daily
2013-09-10,1.3258028030395508,1.0992762933890718,109927.62933890718,0.006363951422953873,0.006363951422953873,0.09927629338907185,1.325627396025289,-0.17075016955360134,Daily
2013-09-11,1.326629400253296,1.0999616583009335,109996.16583009335,0.0006234692005853137,0.0006234692005853137,0.09996165830093351,1.325627396025289,-0.17023315782472737,Daily
2013-09-12,1.3315579891204834,1.1040481490589402,110404.81490589402,0.003715121092783269,0.003715121092783269,0.10404814905894022,1.325627396025289,-0.16715047352726986,Daily
2013-09-13,1.3298933506011963,1.1026679304795866,110266.79304795865,-0.001250143465690412,-0.001250143465690412,0.10266793047958656,1.325627396025289,-0.1681916549206931,Daily
2013-09-16,1.3359339237213137,1.1076764119929796,110767.64119929796,0.004542148524456335,0.004542148524456335,0.10767641199297961,1.325627396025289,-0.16441345787346073,Daily
2013-09-17,1.3337956666946411,1.105903497308228,110590.3497308228,-0.0016005709479375296,-0.0016005709479375296,0.10590349730822801,1.325627396025289,-0.165750873417276,Daily
2013-09-18,1.3357912302017212,1.1075580990712173,110755.80990712173,0.001496153838934866,0.001496153838934866,0.10755809907121727,1.325627396025289,-0.16450270838391112,Daily
2013-09-19,1.3523015975952148,1.1212475070504446,112124.75070504447,0.01235999085800299,0.01235999085800299,0.12124750705044463,1.325627396025289,-0.1541759694976501,Daily
2013-09-20,1.353417992591858,1.1221731549303964,112217.31549303964,0.0008255517841790905,0.0008255517841790905,0.12217315493039638,1.325627396025289,-0.15347769796016741,Daily
2013-09-23,1.3534547090530396,1.1222035980213763,112220.35980213762,2.712869297050169e-05,2.712869297050169e-05,0.12220359802137626,1.325627396025289,-0.15345473291654266,Daily
2013-09-24,1.349892020225525,1.1192496297842973,111924.96297842973,-0.002632292609190734,-0.002632292609190734,0.11924962978429732,1.325627396025289,-0.15568308776643192,Daily
2013-09-25,1.347182273864746,1.1170028703652704,111700.28703652704,-0.002007380086835431,-0.002007380086835431,0.11700287036527035,1.325627396025289,-0.1573779527230279,Daily
2013-09-26,1.351698398590088,1.1207473705557776,112074.73705557776,0.003352274456808413,0.003352274456808413,0.12074737055577756,1.325627396025289,-0.15455325235719775,Daily
2013-09-27,1.348617672920227,1.1181930173084098,111819.30173084098,-0.002279151675458335,-0.002279151675458335,0.11819301730840981,1.325627396025289,-0.15648015372859858,Daily
2013-09-30,1.349545955657959,1.1189626937676929,111896.26937676928,0.0006883216469510955,0.0006883216469510955,0.11896269376769286,1.325627396025289,-0.1558995407587771,Daily
2013-10-01,1.3525211811065674,1.121429572549096,112142.95725490959,0.002204612177995724,0.002204612177995724,0.12142957254909592,1.325627396025289,-0.15403862660688217,Daily
2013-10-02,1.352338194847107,1.1212778513002197,112127.78513002198,-0.00013529271261436548,-0.00013529271261436548,0.12127785130021973,1.325627396025289,-0.1541530790158555,Daily
2013-10-03,1.3591018915176392,1.1268859035599863,112688.59035599863,0.005001483132181406,0.005001483132181406,0.1268859035599863,1.325627396025289,-0.14992258990814578,Daily
2013-10-04,1.362416386604309,1.1296340844093387,112963.40844093387,0.002438739219889463,0.002438739219889463,0.12963408440933866,1.325627396025289,-0.1478494727882127,Daily
2013-10-07,1.356999397277832,1.1251426412365786,112514.26412365786,-0.003976015981412728,-0.003976015981412728,0.1251426412365786,1.325627396025289,-0.1512376369029761,Daily
2013-10-09,1.3598041534423828,1.127468177095576,112746.8177095576,0.0020668809213748585,0.0020668809213748585,0.1274681770955759,1.325627396025289,-0.1494833461679097,Daily
2013-10-10,1.352027416229248,1.1210201722801414,112102.01722801414,-0.0057190126927084695,-0.0057190126927084695,0.12102017228014139,1.325627396025289,-0.15434746170653535,Daily
2013-10-11,1.3526674509048462,1.1215508507069925,112155.08507069925,0.0004733888291872379,0.0004733888291872379,0.12155085070699245,1.325627396025289,-0.15394713924153336,Daily
2013-10-14,1.3556748628616333,1.1240444166136052,112404.44166136053,0.0022233195267435946,0.0022233195267435946,0.12404441661360521,1.325627396025289,-0.15206609339555177,Daily
2013-10-15,1.3558586835861206,1.1241968297509128,112419.68297509129,0.0001355935184188528,0.0001355935184188528,0.12419682975091284,1.325627396025289,-0.15195111905376868,Daily
2013-10-16,1.3521736860275269,1.121141450438038,112114.14504380379,-0.002717833062695907,-0.002717833062695907,0.12114145043803792,1.325627396025289,-0.15425597434118665,Daily
2013-10-17,1.3522467613220217,1.121202040096384,112120.2040096384,5.404283136845045e-05,5.404283136845045e-05,0.12120204009638402,1.325627396025289,-0.15421026793942716,Daily
2013-10-18,1.366698980331421,1.13318495468027,113318.49546802699,0.010687560453293221,0.010687560453293221,0.13318495468026992,1.325627396025289,-0.14517083904725503,Daily
2013-10-21,1.3681949377059937,1.1344253129552853,113442.53129552852,0.0010945770766654928,0.0010945770766654928,0.13442531295528526,1.325627396025289,-0.1442351626432109,Daily
2013-10-22,1.36759614944458,1.1339288335851838,113392.88335851837,-0.0004376483532513298,-0.0004376483532513298,0.13392883358518382,1.325627396025289,-0.14460968671505037,Daily
2013-10-23,1.3778469562530518,1.1424281887583891,114242.81887583892,0.007495492593069253,0.007495492593069253,0.14242818875838914,1.325627396025289,-0.1381981149576399,Daily
2013-10-24,1.3780938386917114,1.1426328888928665,114263.28888928665,0.00017917987011495384,0.00017917987011495384,0.14263288889286652,1.325627396025289,-0.1380436974078132,Daily
2013-10-25,1.380395531654358,1.1445413148689596,114454.13148689596,0.001670200459521265,0.001670200459521265,0.1445413148689596,1.325627396025289,-0.13660405759513639,Daily
2013-10-28,1.3805290460586548,1.1446520170179768,114465.20170179768,9.672184619202717e-05,9.672184619202717e-05,0.1446520170179768,1.325627396025289,-0.13652054834559235,Daily
2013-10-29,1.3789299726486206,1.1433261611010868,114332.61611010868,-0.0011583047923543477,-0.0011583047923543477,0.14332616110108676,1.325627396025289,-0.13752072073254318,Daily
2013-10-30,1.374306082725525,1.1394923084617299,113949.23084617298,-0.0033532449180246893,-0.0033532449180246893,0.13949230846172989,1.325627396025289,-0.1404128249926483,Daily
2013-10-31,1.3724011182785034,1.1379128260141451,113791.28260141451,-0.001386128222064964,-0.001386128222064964,0.13791282601414512,1.325627396025289,-0.14160432303525117,Daily
2013-11-01,1.3579760789871216,1.1259524472248803,112595.24472248803,-0.010510804093103787,-0.010510804093103787,0.1259524472248803,1.325627396025289,-0.1506267518301948,Daily
2013-11-04,1.349400281906128,1.1188419098158187,111884.19098158187,-0.0063151311821266765,-0.0063151311821266765,0.11884190981581866,1.325627396025289,-0.15599065531497613,Daily
2013-11-05,1.351698398590088,1.1207473705557776,112074.73705557776,0.001703065217026678,0.001703065217026678,0.12074737055577756,1.325627396025289,-0.15455325235719775,Daily
2013-11-06,1.3473094701766968,1.1171083339304502,111710.83339304502,-0.0032469731546395098,-0.0032469731546395098,0.11710833393045017,1.325627396025289,-0.15729839525047118,Daily
2013-11-07,1.351807951927185,1.1208382056226942,112083.82056226942,0.0033388630081387927,0.0033388630081387927,0.1208382056226942,1.325627396025289,-0.1544847300354737,Daily
2013-11-08,1.3409138917922974,1.1118055033101168,111180.55033101169,-0.008058881529256157,-0.008058881529256157,0.11180550331011685,1.325627396025289,-0.16129863742729478,Daily
2013-11-11,1.3347926139831543,1.1067301063012913,110673.01063012914,-0.00456500439484675,-0.00456500439484675,0.10673010630129132,1.325627396025289,-0.1651273128334032,Daily
2013-11-12,1.3409318923950195,1.1118204283319932,111182.04283319932,0.004599424920059159,0.004599424920059159,0.11182042833199324,1.325627396025289,-0.16128737859097242,Daily
2013-11-13,1.3439956903457642,1.114360746128325,111436.0746128325,0.0022848274160089943,0.0022848274160089943,0.11436074612832492,1.325627396025289,-0.15937106499942433,Daily
2013-11-14,1.3489633798599243,1.1184796568014008,111847.96568014009,0.0036962094073991203,0.0036962094073991203,0.11847965680140082,1.325627396025289,-0.1562639244217433,Daily
2013-11-15,1.3448994159698486,1.115110061299485,111511.00612994851,-0.0030126569414342663,-0.0030126569414342663,0.11511006129948509,1.325627396025289,-0.1588058117665726,Daily
2013-11-18,1.3483994007110596,1.1180120390630077,111801.20390630077,0.0026024137564868433,0.0026024137564868433,0.11801203906300772,1.325627396025289,-0.15661667643923716,Daily
2013-11-19,1.350438952445984,1.11970311323045,111970.311323045,0.0015125724127798001,0.0015125724127798001,0.11970311323045002,1.325627396025289,-0.15534099809062074,Daily
2013-11-20,1.3567416667938232,1.1249289465524936,112492.89465524936,0.0046671597678840104,0.0046671597678840104,0.12492894655249365,1.325627396025289,-0.1513988395793282,Daily
2013-11-21,1.3433817625045776,1.1138517139252546,111385.17139252546,-0.00984705092813798,-0.00984705092813798,0.11385171392525462,1.325627396025289,-0.15975505842366755,Daily
2013-11-22,1.347182273864746,1.1170028703652704,111700.28703652704,0.0028290627923091005,0.0028290627923091005,0.11700287036527035,1.325627396025289,-0.1573779527230279,Daily
2013-11-25,1.355233907699585,1.123678802998235,112367.8802998235,0.0059766476972271665,0.0059766476972271665,0.12367880299823497,1.325627396025289,-0.1523418976045373,Daily
2013-11-26,1.3527590036392212,1.121626760752033,112162.6760752033,-0.0018261822157067398,-0.0018261822157067398,0.12162676075203294,1.325627396025289,-0.15388987575613156,Daily
2013-11-27,1.3567785024642944,1.1249594884846779,112495.94884846779,0.00297133400277505,0.00297133400277505,0.12495948848467786,1.325627396025289,-0.15137579997387363,Daily
2013-11-28,1.357367753982544,1.1254480605584207,112544.80605584207,0.0004343019270862669,0.0004343019270862669,0.12544806055842073,1.325627396025289,-0.1510072408484302,Daily
2013-11-29,1.360396146774292,1.1279590225170217,112795.90225170218,0.002231077600644893,0.002231077600644893,0.12795902251702174,1.325627396025289,-0.1491130721203775,Daily
2013-12-02,1.3585110902786257,1.1263960465505853,112639.60465505853,-0.001385667329428908,-0.001385667329428908,0.12639604655058534,1.325627396025289,-0.15029211833737843,Daily
2013-12-03,1.3542062044143677,1.1228266929744157,112282.66929744158,-0.0031688264417299994,-0.0031688264417299994,0.12282669297441573,1.325627396025289,-0.15298469514053736,Daily
2013-12-04,1.3590649366378784,1.1268552627865975,112685.52627865976,0.003587882116972141,0.003587882116972141,0.12685526278659753,1.325627396025289,-0.1499457040754304,Daily
2013-12-05,1.3586403131484983,1.1265031904162408,112650.31904162408,-0.00031243796961655246,-0.00031243796961655246,0.1265031904162408,1.325627396025289,-0.15021129331371286,Daily
2013-12-06,1.3669979572296145,1.133432848421105,113343.28484211049,0.006151476590406935,0.006151476590406935,0.13343284842110492,1.325627396025289,-0.14498383797774006,Daily
2013-12-09,1.3706516027450562,1.1364622324972018,113646.22324972018,0.002672751262076778,0.002672751262076778,0.1364622324972018,1.325627396025289,-0.142698592451599,Daily
2013-12-10,1.3740227222442627,1.139257362918682,113925.73629186819,0.00245950137325579,0.00245950137325579,0.13925736291868196,1.325627396025289,-0.14059005846243955,Daily
2013-12-11,1.37644362449646,1.1412646300992546,114126.46300992546,0.0017619084553732733,0.0017619084553732733,0.1412646300992546,1.325627396025289,-0.13907585681981272,Daily
2013-12-12,1.3786067962646484,1.1430582025957423,114305.82025957423,0.0015715658307327018,0.0015715658307327018,0.1430582025957423,1.325627396025289,-0.137722857853538,Daily
2013-12-13,1.375080704689026,1.140134578608439,114013.45786084389,-0.0025577210160114827,-0.0025577210160114827,0.14013457860843892,1.325627396025289,-0.13992832222163232,Daily
2013-12-16,1.3739283084869385,1.139179080684734,113917.90806847339,-0.0008380571395976144,-0.0008380571395976144,0.13917908068473395,1.325627396025289,-0.14064911143176018,Daily
2013-12-17,1.3762919902801514,1.1411389040871565,114113.89040871564,0.0017203821906952577,0.0017203821906952577,0.14113890408715646,1.325627396025289,-0.13917069946750937,Daily
2013-12-18,1.3771259784698486,1.141830397153696,114183.03971536961,0.0006059674804381743,0.0006059674804381743,0.14183039715369605,1.325627396025289,-0.13864906490517837,Daily
2013-12-19,1.3684945106506348,1.1346737009021424,113467.37009021423,-0.0062677401734912985,-0.0062677401734912985,0.13467370090214237,1.325627396025289,-0.14404778876454638,Daily
2013-12-20,1.3655791282653809,1.132256440405388,113225.64404053881,-0.002130357383653414,-0.002130357383653414,0.1322564404053881,1.325627396025289,-0.14587127287780632,Daily
2013-12-23,1.3678393363952637,1.1341304696423222,113413.04696423223,0.0016551279110086359,0.0016551279110086359,0.13413046964232223,1.325627396025289,-0.14445758058195224,Daily
2013-12-24,1.3699944019317627,1.1359173209369053,113591.73209369053,0.001575525340701489,0.001575525340701489,0.13591732093690534,1.325627396025289,-0.14310965182011404,Daily
2013-12-25,1.3681949377059937,1.1344253129552853,113442.53129552852,-0.001313482904186647,-0.001313482904186647,0.13442531295528526,1.325627396025289,-0.1442351626432109,Daily
2013-12-26,1.3668484687805176,1.1333089015506874,113330.89015506874,-0.0009841206748899545,-0.0009841206748899545,0.13330890155068742,1.325627396025289,-0.1450773385124975,Daily
2013-12-27,1.3696191310882568,1.1356061688252035,113560.61688252035,0.0020270442342531503,0.0020270442342531503,0.1356061688252035,1.325627396025289,-0.143344372460797,Daily
2013-12-30,1.3750240802764893,1.1400876290363111,114008.76290363111,0.003946315486947238,0.003946315486947238,0.1400876290363111,1.325627396025289,-0.13996373909085857,Daily
2013-12-31,1.3810056447982788,1.1450471841534864,114504.71841534865,0.0043501525592093415,0.0043501525592093415,0.14504718415348639,1.325627396025289,-0.13622245014945178,Daily
2014-01-01,1.3744947910308838,1.1396487740884211,113964.87740884212,-0.004714574333507637,-0.004714574333507637,0.13964877408842113,1.325627396025289,-0.1402947936158373,Daily
2014-01-02,1.3766709566116333,1.1414531202761973,114145.31202761973,0.0015832476011914398,0.0015832476011914398,0.14145312027619728,1.325627396025289,-0.13893366741009794,Daily
2014-01-03,1.3666616678237915,1.133154017383268,113315.4017383268,-0.007270647165011246,-0.007270647165011246,0.13315401738326793,1.325627396025289,-0.14519417690002923,Daily
2014-01-06,1.3596007823944092,1.1272995540007336,112729.95540007336,-0.00516652043122412,-0.00516652043122412,0.12729955400073356,1.325627396025289,-0.1496105486498046,Daily
2014-01-07,1.3631964921951294,1.1302809012514534,113028.09012514535,0.0026446805910098625,0.0026446805910098625,0.13028090125145342,1.325627396025289,-0.14736154017301928,Daily
2014-01-08,1.3616372346878052,1.1289880582968594,112898.80582968594,-0.0011438244715650248,-0.0011438244715650248,0.12898805829685944,1.325627396025289,-0.14833680890876688,Daily
2014-01-09,1.3572019338607788,1.1253105724429895,112531.05724429895,-0.003257329275402343,-0.003257329275402343,0.1253105724429895,1.325627396025289,-0.15111095635389082,Daily
2014-01-10,1.360710859298706,1.1282199632968481,112821.99632968481,0.0025854114633816483,0.0025854114633816483,0.12821996329684815,1.325627396025289,-0.1489162288893091,Daily
2014-01-13,1.36718487739563,1.1335878314297292,113358.78314297291,0.00475782055583851,0.00475782055583851,0.1335878314297292,1.325627396025289,-0.14486692502837817,Daily
2014-01-14,1.3669979572296145,1.133432848421105,113343.28484211049,-0.0001367190122610884,-0.0001367190122610884,0.13343284842110492,1.325627396025289,-0.14498383797774006,Daily
2014-01-15,1.3668484687805176,1.1333089015506874,113330.89015506874,-0.00010935528345601409,-0.00010935528345601409,0.13330890155068742,1.325627396025289,-0.1450773385124975,Daily
2014-01-16,1.359933614730835,1.1275755186436407,112757.55186436407,-0.005058976329579523,-0.005058976329579523,0.1275755186436407,1.325627396025289,-0.14940237202058393,Daily
2014-01-17,1.3618041276931765,1.129126435983131,112912.6435983131,0.0013754443173401576,0.0013754443173401576,0.129126435983131,1.325627396025289,-0.14823242234683665,Daily
2014-01-20,1.3527590036392212,1.121626760752033,112162.6760752033,-0.0066420154484897465,-0.0066420154484897465,0.12162676075203294,1.325627396025289,-0.15388987575613156,Daily
2014-01-21,1.3549033403396606,1.123404716338213,112340.4716338213,0.0015851579584174047,0.0015851579584174047,0.12340471633821304,1.325627396025289,-0.15254865755898883,Daily
2014-01-22,1.355913758277893,1.1242424943873826,112424.24943873826,0.0007457490937907707,0.0007457490937907707,0.12424249438738255,1.325627396025289,-0.15191667148833166,Daily
2014-01-23,1.354224443435669,1.1228418156787012,112284.18156787012,-0.0012458866442729422,-0.0012458866442729422,0.12284181567870123,1.325627396025289,-0.15297328718055492,Daily
2014-01-24,1.3689066171646118,1.1350153949460284,113501.53949460284,0.010841758026235215,0.010841758026235215,0.13501539494602843,1.325627396025289,-0.14379002851840894,Daily
2014-01-27,1.3687942028045654,1.1349221876902043,113492.21876902043,-8.211981638239774e-05,-8.211981638239774e-05,0.13492218769020425,1.325627396025289,-0.14386034032405182,Daily
2014-01-28,1.367465257644653,1.1338203059426648,113382.03059426649,-0.0009708874841737325,-0.0009708874841737325,0.1338203059426648,1.325627396025289,-0.1446915556043359,Daily
2014-01-29,1.3655046224594116,1.1321946646525882,113219.46646525883,-0.0014337733074245573,-0.0014337733074245573,0.13219466465258822,1.325627396025289,-0.14591787402152523,Daily
2014-01-30,1.365859031677246,1.1324885195535064,113248.85195535063,0.00025954450245380123,0.00025954450245380123,0.13248851955350638,1.325627396025289,-0.14569620170108344,Daily
2014-01-31,1.3558770418167114,1.1242120512964027,112421.20512964026,-0.007308213826632715,-0.007308213826632715,0.12421205129640267,1.325627396025289,-0.1519396365319564,Daily
2014-02-03,1.3488178253173828,1.1183589716907312,111835.89716907311,-0.005206383972598316,-0.005206383972598316,0.11835897169073117,1.325627396025289,-0.1563549644161123,Daily
2014-02-04,1.3525028228759766,1.121414351003606,112141.43510036061,0.002732020210161945,0.002732020210161945,0.12141435100360609,1.325627396025289,-0.15405010912869443,Daily
2014-02-05,1.3515887260437012,1.1206564366476561,112065.64366476561,-0.0006758557666679543,-0.0006758557666679543,0.12065643664765613,1.325627396025289,-0.15462184924075195,Daily
2014-02-06,1.3535096645355225,1.1222491638166414,112224.91638166414,0.001421244831957491,0.001421244831957491,0.12224916381664142,1.325627396025289,-0.15342035991293568,Daily
2014-02-07,1.3592127561569214,1.1269778258801524,112697.78258801524,0.004213558108102644,0.004213558108102644,0.12697782588015238,1.325627396025289,-0.14985324740629224,Daily
2014-02-10,1.361933946609497,1.1292340740548092,112923.40740548093,0.002002034221830984,0.002002034221830984,0.12923407405480924,1.325627396025289,-0.14815122451402107,Daily
2014-02-11,1.364610195159912,1.1314530590953775,113145.30590953775,0.0019650354975566664,0.0019650354975566664,0.13145305909537752,1.325627396025289,-0.1464773114316409,Daily
2014-02-12,1.363902926445007,1.1308666342291995,113086.66342291996,-0.0005182935884647799,-0.0005182935884647799,0.13086663422919953,1.325627396025289,-0.14691968676873512,Daily
2014-02-13,1.3590095043182373,1.1268093016265146,112680.93016265146,-0.003587808217058619,-0.003587808217058619,0.1268093016265146,1.325627396025289,-0.1499803753263571,Daily
2014-02-14,1.3678767681121826,1.1341615057805288,113416.15057805288,0.006524798955245936,0.006524798955245936,0.13416150578052877,1.325627396025289,-0.144434168167348,Daily
2014-02-17,1.3699944019317627,1.1359173209369053,113591.73209369053,0.0015481173954745575,0.0015481173954745575,0.13591732093690534,1.325627396025289,-0.14310965182011404,Daily
2014-02-18,1.3704450130462646,1.1362909406898385,113629.09406898385,0.0003289145662688231,0.0003289145662688231,0.1362909406898385,1.325627396025289,-0.14282780810290263,Daily
2014-02-19,1.376197338104248,1.1410604241707996,114106.04241707995,0.004197413981022802,0.004197413981022802,0.14106042417079956,1.325627396025289,-0.13922990156048975,Daily
2014-02-20,1.373041749000549,1.1384439986470185,113844.39986470185,-0.0022929771889007577,-0.0022929771889007577,0.1384439986470185,1.325627396025289,-0.1412036277610994,Daily
2014-02-21,1.372118592262268,1.1376785723595284,113767.85723595283,-0.0006723442597086349,-0.0006723442597086349,0.1376785723595284,1.325627396025289,-0.1417810345722329,Daily
2014-02-24,1.3737962245941162,1.1390695646301705,113906.95646301705,0.001222658406721422,0.001222658406721422,0.1390695646301705,1.325627396025289,-0.1407317259393449,Daily
2014-02-25,1.373607516288757,1.138913099003479,113891.3099003479,-0.00013736266120167873,-0.00013736266120167873,0.13891309900347903,1.325627396025289,-0.14084975731615612,Daily
2014-02-26,1.374608278274536,1.1397428709150856,113974.28709150857,0.0007285647274868357,0.0007285647274868357,0.13974287091508564,1.325627396025289,-0.14022381075372492,Daily
2014-02-27,1.3681949377059937,1.1344253129552853,113442.53129552852,-0.004665576855533149,-0.004665576855533149,0.13442531295528526,1.325627396025289,-0.1442351626432109,Daily
2014-02-28,1.3707455396652222,1.1365401193663318,113654.01193663318,0.001864209469671696,0.001864209469671696,0.1365401193663318,1.325627396025289,-0.1426398377295982,Daily
2014-03-03,1.377695083618164,1.1423022650638819,114230.2265063882,0.005069900832680441,0.005069900832680441,0.14230226506388188,1.325627396025289,-0.13829310672899653,Daily
2014-03-04,1.373701810836792,1.1389912823962227,113899.12823962227,-0.0028985171166354684,-0.0028985171166354684,0.13899128239622272,1.325627396025289,-0.14079077890866531,Daily
2014-03-05,1.374117136001587,1.1393356451526298,113933.56451526297,0.00030234011596874666,0.00030234011596874666,0.13933564515262975,1.325627396025289,-0.14053100549311914,Daily
2014-03-06,1.3734188079833984,1.1387566333767878,113875.66333767878,-0.0005082012296423466,-0.0005082012296423466,0.13875663337678779,1.325627396025289,-0.1409677886929671,Daily
2014-03-07,1.3863087892532349,1.149444233975968,114944.42339759681,0.00938532456007568,0.00938532456007568,0.14944423397596807,1.325627396025289,-0.132905492582291,Daily
2014-03-10,1.3878673315048218,1.150736483883335,115073.64838833349,0.0011242388879511012,0.0011242388879511012,0.15073648388333494,1.325627396025289,-0.13193067121752333,Daily
2014-03-11,1.3878865242004397,1.1507523973172564,115075.23973172564,1.3828912304836294e-05,1.3828912304836294e-05,0.15075239731725643,1.325627396025289,-0.1319186667629011,Daily
2014-03-12,1.385809302330017,1.1490300893291985,114903.00893291985,-0.0014966799044461299,-0.0014966799044461299,0.14903008932919848,1.325627396025289,-0.13321790664978195,Daily
2014-03-13,1.3904531002044678,1.1528804484497033,115288.04484497033,0.003350964571130266,0.003350964571130266,0.15288044844970328,1.325627396025289,-0.13031335056407523,Daily
2014-03-14,1.3865394592285156,1.1496354917066363,114963.54917066362,-0.0028146515516249693,-0.0028146515516249693,0.14963549170663626,1.325627396025289,-0.13276121544133757,Daily
2014-03-17,1.39130437374115,1.1535862734908924,115358.62734908923,0.0034365516833436693,0.0034365516833436693,0.15358627349089238,1.325627396025289,-0.12978090453640145,Daily
2014-03-18,1.3926606178283691,1.1547107898742575,115471.07898742575,0.0009748004195317961,0.0009748004195317961,0.15471078987425746,1.325627396025289,-0.12893261459705896,Daily
2014-03-19,1.3930875062942505,1.155064740227499,115506.4740227499,0.0003065272762194926,0.0003065272762194926,0.15506474022749894,1.325627396025289,-0.12866560868400767,Daily
2014-03-20,1.381921648979187,1.1458066799687079,114580.66799687079,-0.008015187319255879,-0.008015187319255879,0.1458066799687079,1.325627396025289,-0.13564951704811523,Daily
2014-03-21,1.378207802772522,1.1427273810843488,114272.73810843487,-0.002687450630365684,-0.002687450630365684,0.1427273810843488,1.325627396025289,-0.13797241629838108,Daily
2014-03-24,1.3795576095581057,1.1438465600426722,114384.65600426722,0.0009793927903096744,0.0009793927903096744,0.14384656004267216,1.325627396025289,-0.13712815269785572,Daily
2014-03-25,1.3838915824890137,1.1474400308727342,114744.00308727342,0.00314156719580283,0.00314156719580283,0.14744003087273416,1.325627396025289,-0.1344173828081895,Daily
2014-03-26,1.3819025754928589,1.1457908653759912,114579.08653759911,-0.0014372563727698129,-0.0014372563727698129,0.14579086537599117,1.325627396025289,-0.1356614469409072,Daily
2014-03-27,1.378207802772522,1.1427273810843488,114272.73810843487,-0.0026736853855411358,-0.0026736853855411358,0.1427273810843488,1.325627396025289,-0.13797241629838108,Daily
2014-03-28,1.3741360902786257,1.1393513609041421,113935.13609041422,-0.0029543530995145284,-0.0029543530995145284,0.13935136090414213,1.325627396025289,-0.140519150162157,Daily
2014-03-31,1.3752131462097168,1.1402443911866156,114024.43911866155,0.0007838058680729176,0.0007838058680729176,0.14024439118661558,1.325627396025289,-0.1398454840285579,Daily
2014-04-01,1.3775053024291992,1.1421449098663503,114214.49098663504,0.0016667643308965197,0.0016667643308965197,0.1421449098663503,1.325627396025289,-0.13841180916227702,Daily
2014-04-02,1.379481554031372,1.143783499354214,114378.3499354214,0.0014346598874703798,0.0014346598874703798,0.14378349935421397,1.325627396025289,-0.13717572314536408,Daily
2014-04-03,1.376822590827942,1.1415788462882954,114157.88462882955,-0.0019275090671996287,-0.0019275090671996287,0.14157884628829542,1.325627396025289,-0.13883882476240128,Daily
2014-04-04,1.3723821640014648,1.137897110262633,113789.71102626329,-0.003225126356916297,-0.003225126356916297,0.13789711026263296,1.325627396025289,-0.1416161783662131,Daily
2014-04-07,1.3704074621200562,1.1362598057104276,113625.98057104276,-0.001438886290718755,-0.001438886290718755,0.13625980571042762,1.325627396025289,-0.1428512950793367,Daily
2014-04-08,1.374306082725525,1.1394923084617299,113949.23084617298,0.00284486235899295,0.00284486235899295,0.13949230846172989,1.325627396025289,-0.1404128249926483,Daily
2014-04-09,1.3793293237686155,1.1436572791360935,114365.72791360936,0.003655110827370356,0.003655110827370356,0.1436572791360935,1.325627396025289,-0.1372709386022103,Daily
2014-04-10,1.3855020999908447,1.1487753755452543,114877.53755452544,0.0044752011835460515,0.0044752011835460515,0.14877537554525433,1.325627396025289,-0.13341005248556348,Daily
2014-04-11,1.3886381387710571,1.1513755911115007,115137.55911115007,0.002263467359763238,0.002263467359763238,0.15137559111150067,1.325627396025289,-0.13144855442506564,Daily
2014-04-14,1.3846195936203003,1.1480436541084915,114804.36541084915,-0.002893874968977417,-0.002893874968977417,0.14804365410849152,1.325627396025289,-0.13396203371268411,Daily
2014-04-15,1.381711721420288,1.1456326206076195,114563.26206076195,-0.0021001235381979955,-0.0021001235381979955,0.1456326206076195,1.325627396025289,-0.1357808204306572,Daily
2014-04-16,1.38119637966156,1.145205330080654,114520.5330080654,-0.00037297342907272046,-0.00037297342907272046,0.14520533008065395,1.325627396025289,-0.1361031512215315,Daily
2014-04-17,1.3827050924301147,1.1464562643645482,114645.62643645481,0.0010923231415680412,0.0010923231415680412,0.14645626436454817,1.325627396025289,-0.13515949670168304,Daily
2014-04-18,1.3812155723571775,1.1452212435145748,114522.12435145747,-0.0010772507319831703,-0.0010772507319831703,0.14522124351457477,1.325627396025289,-0.1360911467669098,Daily
2014-04-21,1.3815207481384275,1.1454742769980428,114547.42769980428,0.00022094724918964026,0.00022094724918964026,0.14547427699804283,1.325627396025289,-0.13590026848223746,Daily
2014-04-22,1.3795006275177002,1.143799313946931,114379.93139469309,-0.0014622441417903032,-0.0014622441417903032,0.1437993139469309,1.325627396025289,-0.1371637932525719,Daily
2014-04-23,1.3810056447982788,1.1450471841534864,114504.71841534865,0.0010909870213591244,0.0010909870213591244,0.14504718415348639,1.325627396025289,-0.13622245014945178,Daily
2014-04-24,1.381921648979187,1.1458066799687079,114580.66799687079,0.0006632877891254996,0.0006632877891254996,0.1458066799687079,1.325627396025289,-0.13564951704811523,Daily
2014-04-25,1.3832024335861206,1.1468686298696373,114686.86298696374,0.0009268141995457668,0.0009268141995457668,0.14686862986963733,1.325627396025289,-0.1348484247471311,Daily
2014-04-28,1.384063959121704,1.147582955254412,114758.2955254412,0.0006228484816572788,0.0006228484816572788,0.1475829552544119,1.325627396025289,-0.13430956640208158,Daily
2014-04-29,1.3852909803390503,1.148600327772121,114860.03277721211,0.0008865350544384754,0.0008865350544384754,0.14860032777212107,1.325627396025289,-0.13354210148640488,Daily
2014-04-30,1.3813681602478027,1.1453477602563091,114534.77602563091,-0.002831766139333003,-0.002831766139333003,0.14534776025630913,1.325627396025289,-0.13599570762457336,Daily
2014-05-01,1.386924147605896,1.1499544522734921,114995.4452273492,0.004022090213152474,0.004022090213152474,0.14995445227349213,1.325627396025289,-0.13252060441608848,Daily
2014-05-02,1.3870972394943235,1.1500979697023965,115009.79697023965,0.00012480270729042786,0.00012480270729042786,0.15009796970239653,1.325627396025289,-0.13241234063900098,Daily
2014-05-05,1.387270450592041,1.1502415859725055,115024.15859725054,0.00012487307507047518,0.00012487307507047518,0.15024158597250548,1.325627396025289,-0.13230400230008343,Daily
2014-05-06,1.387597680091858,1.150512905078802,115051.29050788021,0.0002358801051931536,0.0002358801051931536,0.1505129050788021,1.325627396025289,-0.13209933007687036,Daily
2014-05-07,1.3930680751800537,1.1550486291111688,115504.86291111688,0.003942349548922364,0.003942349548922364,0.1550486291111688,1.325627396025289,-0.12867776226228955,Daily
2014-05-08,1.3911689519882202,1.1534739898826034,115347.39898826033,-0.0013632666096292656,-0.0013632666096292656,0.1534739898826034,1.325627396025289,-0.12986560677522485,Daily
2014-05-09,1.3844279050827026,1.1478847174516882,114788.47174516882,-0.004845599016484181,-0.004845599016484181,0.14788471745168819,1.325627396025289,-0.13408192913524397,Daily
2014-05-12,1.376064658164978,1.1409504139102138,114095.04139102138,-0.006040940728672339,-0.006040940728672339,0.1409504139102138,1.325627396025289,-0.13931288887722415,Daily
2014-05-13,1.3756672143936155,1.1406208773344784,114062.08773344784,-0.0002888263781823941,-0.0002888263781823941,0.14062087733447837,1.325627396025289,-0.139561478018278,Daily
2014-05-14,1.3709522485733032,1.1367115100148995,113671.15100148994,-0.0034274029147307594,-0.0034274029147307594,0.13671151001489945,1.325627396025289,-0.14251054751646486,Daily
2014-05-15,1.372005581855774,1.1375848708976817,113758.48708976817,0.0007683223712326992,0.0007683223712326992,0.13758487089768168,1.325627396025289,-0.14185171918702555,Daily
2014-05-16,1.3716480731964111,1.137288446125447,113728.84461254471,-0.00026057376448818115,-0.00026057376448818115,0.1372884461254471,1.325627396025289,-0.14207533011504603,Daily
2014-05-19,1.3703323602676392,1.1361975357516052,113619.75357516052,-0.0009592204840895846,-0.0009592204840895846,0.1361975357516052,1.325627396025289,-0.14289826903220548,Daily
2014-05-20,1.3713847398757937,1.1370701059047517,113707.01059047517,0.0007679739884043357,0.0007679739884043357,0.13707010590475166,1.325627396025289,-0.14224003719740574,Daily
2014-05-21,1.3704074621200562,1.1362598057104276,113625.98057104276,-0.0007126211392913806,-0.0007126211392913806,0.13625980571042762,1.325627396025289,-0.1428512950793367,Daily
2014-05-22,1.3681762218475342,1.1344097948861818,113440.97948861818,-0.001628158291746673,-0.001628158291746673,0.13440979488618177,1.325627396025289,-0.1442468688505132,Daily
2014-05-23,1.3654487133026123,1.1321483081276875,113214.83081276875,-0.0019935359943900055,-0.0019935359943900055,0.13214830812768752,1.325627396025289,-0.14595284351977167,Daily
2014-05-26,1.3628805875778198,1.1300189720595821,113001.89720595822,-0.0018807925188060182,-0.0018807925188060182,0.13001897205958213,1.325627396025289,-0.14755912902238721,Daily
2014-05-27,1.3651318550109863,1.1318855882061805,113188.55882061804,0.0016518449625639864,0.0016518449625639864,0.13188558820618046,1.325627396025289,-0.14615102886377918,Daily
2014-05-28,1.3636983633041382,1.1306970227223125,113069.70227223125,-0.0010500756403759581,-0.0010500756403759581,0.13069702272231254,1.325627396025289,-0.14704763486892936,Daily
2014-05-29,1.359342098236084,1.1270850685870129,112708.50685870128,-0.003194449143063438,-0.003194449143063438,0.12708506858701285,1.325627396025289,-0.1497723478207963,Daily
2014-05-30,1.360451579093933,1.1280049836771049,112800.49836771049,0.0008161895811868991,0.0008161895811868991,0.1280049836771049,1.325627396025289,-0.14907840086945068,Daily
2014-06-02,1.36280620098114,1.1299572951479868,112995.72951479869,0.0017307649337841013,0.0017307649337841013,0.12995729514798682,1.325627396025289,-0.14760565560427608,Daily
2014-06-03,1.3598966598510742,1.1275448778702521,112754.48778702521,-0.002134963230994269,-0.002134963230994269,0.12754487787025215,1.325627396025289,-0.14942548618786844,Daily
2014-06-04,1.3621008396148682,1.1293724517410808,112937.24517410809,0.00162084357500758,0.00162084357500758,0.1293724517410808,1.325627396025289,-0.14804683795209084,Daily
2014-06-05,1.3604146242141724,1.1279743429037161,112797.43429037162,-0.0012379519574868825,-0.0012379519574868825,0.12797434290371612,1.325627396025289,-0.1491015150367352,Daily
2014-06-06,1.3661948442459106,1.1327669552265256,113276.69552265256,0.0042488664329651815,0.0042488664329651815,0.1327669552265256,1.325627396025289,-0.1454861610261139,Daily
2014-06-09,1.3642936944961548,1.131190635697484,113119.0635697484,-0.0013915656011755928,-0.0013915656011755928,0.1311906356974839,1.325627396025289,-0.1466752730901585,Daily
2014-06-10,1.3592681884765625,1.1270237870402353,112702.37870402353,-0.0036835954310029395,-0.0036835954310029395,0.12702378704023531,1.325627396025289,-0.14981857615536553,Daily
2014-06-11,1.3540961742401123,1.122735462542681,112273.5462542681,-0.003804999101940987,-0.003804999101940987,0.12273546254268108,1.325627396025289,-0.15305351570958126,Daily
2014-06-12,1.3537112474441528,1.1224163042934165,112241.63042934166,-0.00028426843180118233,-0.00028426843180118233,0.12241630429341654,1.325627396025289,-0.15329427585848998,Daily
2014-06-13,1.3554543256759644,1.123861560385318,112386.15603853179,0.0012876292747825424,0.0012876292747825424,0.12386156038531793,1.325627396025289,-0.1522040327809594,Daily
2014-06-16,1.3538029193878174,1.1224923131796614,112249.23131796614,-0.0012183415234765516,-0.0012183415234765516,0.12249231317966136,1.325627396025289,-0.15323693781125836,Daily
2014-06-17,1.357717990875244,1.1257384560171817,112573.84560171817,0.002891906518562193,0.002891906518562193,0.1257384560171817,1.325627396025289,-0.15078817819203694,Daily
2014-06-18,1.3547931909561155,1.1233133870652734,112331.33870652734,-0.0021542028158904047,-0.0021542028158904047,0.1233133870652734,1.325627396025289,-0.1526175526898631,Daily
2014-06-19,1.3590649366378784,1.1268552627865975,112685.52627865976,0.003153061079933739,0.003153061079933739,0.12685526278659753,1.325627396025289,-0.1499457040754304,Daily
2014-06-20,1.361136794090271,1.1285731229204539,112857.31229204539,0.0015244727433834093,0.0015244727433834093,0.12857312292045386,1.325627396025289,-0.1486498194708974,Daily
2014-06-23,1.3593051433563232,1.1270544278136239,112705.44278136239,-0.0013456771882889296,-0.0013456771882889296,0.12705442781362386,1.325627396025289,-0.14979546198808102,Daily
2014-06-24,1.3601926565170288,1.127790300580975,112779.0300580975,0.0006529167972648686,0.0006529167972648686,0.12779030058097507,1.325627396025289,-0.14924034916410234,Daily
2014-06-25,1.3605812788009644,1.1281125229075786,112811.25229075785,0.0002857112057423894,0.0002857112057423894,0.12811252290757857,1.325627396025289,-0.14899727759846504,Daily
2014-06-26,1.3628991842269895,1.130034391287481,113003.43912874811,0.0017036140818196266,0.0017036140818196266,0.13003439128748107,1.325627396025289,-0.14754749737691486,Daily
2014-06-27,1.3613035678863523,1.1287114017655209,112871.14017655209,-0.0011707515560237525,-0.0011707515560237525,0.12871140176552087,1.325627396025289,-0.1485455074707972,Daily
2014-06-30,1.3644425868988037,1.131314088361879,113131.40883618791,0.002305892004180299,0.002305892004180299,0.13131408836187908,1.325627396025289,-0.14658214536455083,Daily
2014-07-01,1.3693565130233765,1.135388421651735,113538.8421651735,0.003601416557762027,0.003601416557762027,0.13538842165173492,1.325627396025289,-0.14350863217217702,Daily
2014-07-02,1.3680826425552368,1.1343322045406654,113433.22045406654,-0.0009302694046614546,-0.0009302694046614546,0.1343322045406654,1.325627396025289,-0.14430539988702384,Daily
2014-07-03,1.3652995824813845,1.1320246577808835,113202.46577808834,-0.0020342777455713,-0.0020342777455713,0.13202465778088346,1.325627396025289,-0.1460461203690393,Daily
2014-07-04,1.3610072135925293,1.1284656825311845,112846.56825311846,-0.0031439025866059067,-0.0031439025866059067,0.1284656825311845,1.325627396025289,-0.1487308681800532,Daily
2014-07-07,1.3588433265686035,1.12667151698747,112667.151698747,-0.0015899159110361882,-0.0015899159110361882,0.12667151698746992,1.325627396025289,-0.15008431451730764,Daily
2014-07-08,1.360618233680725,1.1281431636809676,112814.31636809676,0.00130618966691598,0.00130618966691598,0.12814316368096756,1.325627396025289,-0.1489741634311803,Daily
2014-07-09,1.3617113828659058,1.1290495375260459,112904.95375260459,0.0008034209435980877,0.0008034209435980877,0.12904953752604587,1.325627396025289,-0.14829043145053777,Daily
2014-07-10,1.3642936944961548,1.131190635697484,113119.0635697484,0.0018963722142162354,0.0018963722142162354,0.1311906356974839,1.325627396025289,-0.1466752730901585,Daily
2014-07-11,1.360507249832153,1.1280511425195965,112805.11425195965,-0.0027753882314908163,-0.0027753882314908163,0.12805114251959648,1.325627396025289,-0.14904358049486421,Daily
2014-07-14,1.360377550125122,1.127943603289123,112794.3603289123,-9.533187496557627e-05,-9.533187496557627e-05,0.12794360328912302,1.325627396025289,-0.14912470376584963,Daily
2014-07-15,1.3621751070022583,1.1294340298114716,112943.40298114716,0.0013213661729207793,0.0013213661729207793,0.12943402981147156,1.325627396025289,-0.14800038593203202,Daily
2014-07-16,1.3572019338607788,1.1253105724429895,112531.05724429895,-0.0036509059047658,-0.0036509059047658,0.1253105724429895,1.325627396025289,-0.15111095635389082,Daily
2014-07-17,1.3529969453811646,1.1218240477961743,112182.40477961743,-0.003098277695237628,-0.003098277695237628,0.12182404779617428,1.325627396025289,-0.15374105034355123,Daily
2014-07-18,1.3518811464309692,1.1208988941222449,112089.88941222448,-0.0008246869691792558,-0.0008246869691792558,0.12089889412224486,1.325627396025289,-0.15443894907188416,Daily
2014-07-21,1.3532166481018066,1.1220062121360304,112200.62121360304,0.000987883938142975,0.000987883938142975,0.12200621213603036,1.325627396025289,-0.15360363289095302,Daily
2014-07-22,1.3527040481567385,1.121581194956768,112158.1194956768,-0.00037880109277932394,-0.00037880109277932394,0.121581194956768,1.325627396025289,-0.15392424875973842,Daily
2014-07-23,1.3468012809753418,1.1166869738757534,111668.69738757535,-0.00436367968990703,-0.00436367968990703,0.11668697387575344,1.325627396025289,-0.1576162523315484,Daily
2014-07-24,1.346293568611145,1.1162660091858747,111626.60091858747,-0.00037697644884104875,-0.00037697644884104875,0.11626600918587471,1.325627396025289,-0.15793381116530592,Daily
2014-07-25,1.3464748859405518,1.116416346657888,111641.6346657888,0.00013467889443563585,0.00013467889443563585,0.11641634665788803,1.325627396025289,-0.15782040262195196,Daily
2014-07-28,1.3428946733474731,1.1134478487637507,111344.78487637507,-0.002658952372942114,-0.002658952372942114,0.11344784876375069,1.325627396025289,-0.16005971806084374,Daily
2014-07-29,1.3439054489135742,1.1142859233365339,111428.59233365339,0.0007526841726028799,0.0007526841726028799,0.11428592333653387,1.325627396025289,-0.15942750830469654,Daily
2014-07-30,1.3411117792129517,1.111969579709553,111196.9579709553,-0.0020787695316520916,-0.0020787695316520916,0.11196957970955301,1.325627396025289,-0.16117486478957765,Daily
2014-07-31,1.3396027088165283,1.1107183489020451,111071.83489020451,-0.0011252383431520352,-0.0011252383431520352,0.11071834890204513,1.325627396025289,-0.16211874299491613,Daily
2014-08-01,1.3389928340911863,1.1102126772999272,111021.26772999272,-0.0004552653718359334,-0.0004552653718359334,0.11021267729992723,1.325627396025289,-0.16250020131694098,Daily
2014-08-04,1.3428946733474731,1.1134478487637507,111344.78487637507,0.0029140105584917197,0.0029140105584917197,0.11344784876375069,1.325627396025289,-0.16005971806084374,Daily
2014-08-05,1.342209815979004,1.1128800060440152,111288.00060440152,-0.0005099859148014474,-0.0005099859148014474,0.11288000604401516,1.325627396025289,-0.1604880757739071,Daily
2014-08-06,1.337238073348999,1.1087577347699868,110875.77347699869,-0.0037041471242544866,-0.0037041471242544866,0.10875773476998685,1.325627396025289,-0.16359775145380662,Daily
2014-08-07,1.3382940292358398,1.1096332701592675,110963.32701592676,0.0007896543688710178,0.0007896543688710178,0.10963327015926749,1.325627396025289,-0.16293728276410857,Daily
2014-08-08,1.3358268737792969,1.1075876525913566,110758.76525913566,-0.0018435077812846146,-0.0018435077812846146,0.10758765259135661,1.325627396025289,-0.1644804143967561,Daily
2014-08-11,1.3405184745788574,1.1114776470348577,111147.76470348578,0.0035121323665896487,0.0035121323665896487,0.11147764703485774,1.325627396025289,-0.16154595901723945,Daily
2014-08-12,1.3384909629821775,1.1097965558290677,110979.65558290677,-0.0015124831437454134,-0.0015124831437454134,0.10979655582906767,1.325627396025289,-0.16281410662103113,Daily
2014-08-13,1.3366124629974363,1.1082390161288773,110823.90161288773,-0.001403446146962306,-0.001403446146962306,0.10823901612887732,1.325627396025289,-0.163989051937385,Daily
2014-08-14,1.3367911577224731,1.1083871790943927,110838.71790943926,0.00013369224811521363,0.00013369224811521363,0.10838717909439266,1.325627396025289,-0.16387728375428956,Daily
2014-08-15,1.3363981246948242,1.1080612996432233,110806.12996432233,-0.0002940122885900509,-0.0002940122885900509,0.10806129964322331,1.325627396025289,-0.16412311410763503,Daily
2014-08-18,1.339046597480774,1.1102572546831477,111025.72546831478,0.001981799238572446,0.001981799238572446,0.11025725468314773,1.325627396025289,-0.16246657393163333,Daily
2014-08-19,1.336112380027771,1.1078243772760854,110782.43772760854,-0.002191273596097054,-0.002191273596097054,0.1078243772760854,1.325627396025289,-0.1643018388140256,Daily
2014-08-20,1.332196593284607,1.1045776413913377,110457.76413913377,-0.002930731577446166,-0.002930731577446166,0.10457764139133774,1.325627396025289,-0.16675104580422706,Daily
2014-08-21,1.3260489702224731,1.0994804004763221,109948.04004763221,-0.004614651541013481,-0.004614651541013481,0.09948040047632212,1.325627396025289,-0.17059619937475445,Daily
2014-08-22,1.3279330730438232,1.1010425857131232,110104.25857131233,0.0014208395494128556,0.0014208395494128556,0.10104258571312319,1.325627396025289,-0.16941774965239276,Daily
2014-08-25,1.3198705911636353,1.0943576585305508,109435.76585305508,-0.006071451975894981,-0.006071451975894981,0.09435765853055078,1.325627396025289,-0.17446058989740898,Daily
2014-08-26,1.3188958168029783,1.0935494340015206,109354.94340015206,-0.0007385378287710909,-0.0007385378287710909,0.0935494340015206,1.325627396025289,-0.17507028198091112,Daily
2014-08-27,1.3170199394226074,1.091994068807829,109199.40688078289,-0.0014223089924707555,-0.0014223089924707555,0.0919940688078289,1.325627396025289,-0.17624358693700604,Daily
2014-08-28,1.319087266921997,1.093708172975915,109370.81729759151,0.0015697009874398038,0.0015697009874398038,0.09370817297591505,1.325627396025289,-0.17495053568201113,Daily
2014-08-29,1.3184958696365356,1.0932178217604915,109321.78217604915,-0.0004483382565290128,-0.0004483382565290128,0.09321782176049154,1.325627396025289,-0.17532043692039367,Daily
2014-09-01,1.3127838373184204,1.0884817466066445,108848.17466066446,-0.0043322337594351445,-0.0043322337594351445,0.08848174660664454,1.325627396025289,-0.17889314156428338,Daily
2014-09-02,1.3131976127624512,1.0888248244273933,108882.48244273933,0.00031518931926810545,0.00031518931926810545,0.08882482442739326,1.325627396025289,-0.17863433745252666,Daily
2014-09-03,1.3131976127624512,1.0888248244273933,108882.48244273933,0.0,0.0,0.08882482442739326,1.325627396025289,-0.17863433745252666,Daily
2014-09-04,1.3150973320007324,1.0903999578619812,109039.99578619812,0.0014466362258191978,0.0014466362258191978,0.09039995786198118,1.325627396025289,-0.17744612013044148,Daily
2014-09-05,1.2932761907577517,1.0723071742231856,107230.71742231856,-0.01659279561443794,-0.01659279561443794,0.07230717422318556,1.325627396025289,-0.19109458854098005,Daily
2014-09-08,1.2953367233276367,1.074015644442616,107401.5644442616,0.0015932656803012701,0.0015932656803012701,0.0740156444426161,1.325627396025289,-0.1898057873102924,Daily
2014-09-09,1.2891082763671875,1.0688513891909635,106885.13891909634,-0.004808361291918417,-0.004808361291918417,0.06885138919096345,1.325627396025289,-0.1937014938015259,Daily
2014-09-10,1.294196844100952,1.0730705248453813,107307.05248453813,0.003947354793271574,0.003947354793271574,0.07307052484538135,1.325627396025289,-0.1905187475282757,Daily
2014-09-11,1.2917059659957886,1.0710052378777795,107100.52378777794,-0.0019246516606161723,-0.0019246516606161723,0.07100523787777946,1.325627396025289,-0.192076716965083,Daily
2014-09-12,1.2923569679260254,1.0715450096954429,107154.50096954429,0.0005039861604532181,0.0005039861604532181,0.07154500969544286,1.325627396025289,-0.19166953481172544,Daily
2014-09-15,1.2960082292556765,1.0745724169474502,107457.24169474503,0.002825273063301159,0.002825273063301159,0.0745724169474502,1.325627396025289,-0.18938578052218324,Daily
2014-09-16,1.2939791679382324,1.0728900408060018,107289.00408060018,-0.001565623791300652,-0.001565623791300652,0.07289004080600181,1.325627396025289,-0.19065489742976438,Daily
2014-09-17,1.2959076166152954,1.0744889949708691,107448.89949708691,0.0014903243613539896,0.0014903243613539896,0.07448899497086914,1.325627396025289,-0.18944871070666136,Daily
2014-09-18,1.285000205039978,1.06544522244339,106544.522244339,-0.008416812614934654,-0.008416812614934654,0.0654452224433899,1.325627396025289,-0.196270969023437,Daily
2014-09-19,1.2920063734054563,1.071254317713068,107125.4317713068,0.005452270231552703,0.005452270231552703,0.071254317713068,1.325627396025289,-0.19188882115360884,Daily
2014-09-22,1.2841421365737915,1.0647337634535454,106473.37634535454,-0.006086840586503106,-0.006086840586503106,0.06473376345354542,1.325627396025289,-0.19680766507541791,Daily
2014-09-23,1.285148859024048,1.0655684774253764,106556.84774253765,0.0007839649689735939,0.0007839649689735939,0.06556847742537641,1.325627396025289,-0.19617799042148898,Daily
2014-09-24,1.2853965759277344,1.0657738694482848,106577.38694482848,0.00019275347127822862,0.00019275347127822862,0.06577386944828478,1.325627396025289,-0.19602305093885286,Daily
2014-09-25,1.2778083086013794,1.0594821325771329,105948.21325771329,-0.005903444484343545,-0.005903444484343545,0.05948213257713286,1.325627396025289,-0.20076928422432727,Daily
2014-09-26,1.2757054567337036,1.0577385737301117,105773.85737301117,-0.0016456708361659578,-0.0016456708361659578,0.05773857373011171,1.325627396025289,-0.20208455490464738,Daily
2014-09-29,1.2673146724700928,1.0507814378704023,105078.14378704023,-0.006577368011809415,-0.006577368011809415,0.050781437870402346,1.325627396025289,-0.2073327384293462,Daily
2014-09-30,1.269083857536316,1.052248340186085,105224.8340186085,0.0013960108761108536,0.0013960108761108536,0.05224834018608493,1.325627396025289,-0.2062261663110565,Daily
2014-10-01,1.262833595275879,1.0470659969940121,104706.59969940121,-0.004925019117783869,-0.004925019117783869,0.04706599699401215,1.325627396025289,-0.21013551761717109,Daily
2014-10-02,1.2624191045761108,1.0467223261260366,104672.23261260365,-0.00032822273759458565,-0.00032822273759458565,0.04672232612603655,1.325627396025289,-0.2103947690999075,Daily
2014-10-03,1.2670577764511108,1.0505684350747488,105056.84350747488,0.003674430985863175,0.003674430985863175,0.05056843507474884,1.325627396025289,-0.20749341917288855,Daily
2014-10-06,1.2513607740402222,1.037553420633686,103755.3420633686,-0.012388545102382409,-0.012388545102382409,0.03755342063368605,1.325627396025289,-0.2173114226934001,Daily
2014-10-07,1.264606237411499,1.0485357657046246,104853.57657046246,0.010584847828106092,0.010584847828106092,0.04853576570462459,1.325627396025289,-0.20902678320581292,Daily
2014-10-08,1.266800880432129,1.050355432279095,105035.54322790948,0.0017354358658880908,0.0017354358658880908,0.05035543227909489,1.325627396025289,-0.20765409991643136,Daily
2014-10-09,1.2743074893951416,1.0565794629251788,105657.94629251788,0.005925642363346251,0.005925642363346251,0.05657946292517879,1.325627396025289,-0.20295894148447235,Daily
2014-10-10,1.2689067125320437,1.0521014621562281,105210.14621562281,-0.00423820538452746,-0.00423820538452746,0.05210146215622813,1.325627396025289,-0.20633696519036238,Daily
2014-10-13,1.263982892036438,1.0480189250464007,104801.89250464007,-0.0038803644483683675,-0.0038803644483683675,0.04801892504640071,1.325627396025289,-0.20941666701462192,Daily
2014-10-14,1.272394061088562,1.054992962752076,105499.2962752076,0.006654495962815199,0.006654495962815199,0.05499296275207599,1.325627396025289,-0.20415573341700166,Daily
2014-10-15,1.2639029026031494,1.0479526025981947,104795.26025981946,-0.006673371673983186,-0.006673371673983186,0.04795260259819467,1.325627396025289,-0.2094666980025185,Daily
2014-10-16,1.2821663618087769,1.0630955693304998,106309.55693304997,0.014450049262496156,0.014450049262496156,0.06309556933049976,1.325627396025289,-0.19804345284501113,Daily
2014-10-17,1.280442476272583,1.0616662266725194,106166.62266725194,-0.001344510032038282,-0.001344510032038282,0.06166622667251942,1.325627396025289,-0.1991216914679198,Daily
2014-10-20,1.274957299232483,1.0571182463307973,105711.82463307973,-0.0042838137141993915,-0.0042838137141993915,0.05711824633079732,1.325627396025289,-0.20255250494941435,Daily
2014-10-21,1.2795250415802002,1.0609055447628442,106090.55447628442,0.0035826630040607377,0.0035826630040607377,0.060905544762844155,1.325627396025289,-0.19969551931121576,Daily
2014-10-22,1.2714719772338867,1.0542284260354258,105422.84260354258,-0.006293791902945545,-0.006293791902945545,0.05422842603542577,1.325627396025289,-0.20473246917166588,Daily
2014-10-23,1.2641425132751465,1.048151273419199,104815.12734191988,-0.005764550135572533,-0.005764550135572533,0.04815127341919889,1.325627396025289,-0.20931682872431867,Daily
2014-10-24,1.2654062509536743,1.0491990890278875,104919.90890278875,0.0009996797554521208,0.0009996797554521208,0.0491990890278875,1.325627396025289,-0.20852639876501766,Daily
2014-10-27,1.2676681280136108,1.0510745020416845,105107.45020416845,0.001787471065700874,0.001787471065700874,0.05107450204168451,1.325627396025289,-0.20711166260354408,Daily
2014-10-28,1.270147681236267,1.0531303990948613,105313.03990948614,0.001955995554247858,0.001955995554247858,0.05313039909486128,1.325627396025289,-0.2055607765405817,Daily
2014-10-29,1.273836612701416,1.056189040167484,105618.9040167484,0.0029043327163014165,0.0029043327163014165,0.05618904016748405,1.325627396025289,-0.2032534607127754,Daily
2014-10-30,1.2632802724838257,1.0474363549871977,104743.63549871977,-0.008287044125072973,-0.008287044125072973,0.04743635498719767,1.325627396025289,-0.20985613444034779,Daily
2014-10-31,1.2613362073898315,1.0458244526245435,104582.44526245435,-0.0015389024402097107,-0.0015389024402097107,0.04582445262454349,1.325627396025289,-0.2110720887631743,Daily
2014-11-03,1.250312566757202,1.0366843099226963,103668.43099226963,-0.008739652891945227,-0.008739652891945227,0.036684309922696334,1.325627396025289,-0.21796704486415153,Daily
2014-11-04,1.2495938539505005,1.0360883963008887,103608.83963008887,-0.0005748265080350867,-0.0005748265080350867,0.03608839630088867,1.325627396025289,-0.21841657813692072,Daily
2014-11-05,1.255256414413452,1.0407834523548765,104078.34523548765,0.004531520737757866,0.004531520737757866,0.04078345235487646,1.325627396025289,-0.21487481665246033,Daily
2014-11-06,1.2480031251907349,1.0347694592683123,103476.94592683123,-0.0057783327290195086,-0.0057783327290195086,0.03476945926831232,1.325627396025289,-0.21941153119577494,Daily
2014-11-07,1.238006830215454,1.026481130066671,102648.1130066671,-0.008009831685119595,-0.008009831685119595,0.026481130066670966,1.325627396025289,-0.22566391344624193,Daily
2014-11-10,1.246137022972107,1.0332221990533879,103322.21990533879,0.006567163086845129,0.006567163086845129,0.03322219905338786,1.325627396025289,-0.22057872208181406,Daily
2014-11-11,1.242992639541626,1.030615064602828,103061.5064602828,-0.0025233047189157087,-0.0025233047189157087,0.030615064602828035,1.325627396025289,-0.22254543947040828,Daily
2014-11-12,1.2475829124450684,1.0344210440225214,103442.10440225214,0.003692920422388779,0.003692920422388779,0.03442104402252144,1.325627396025289,-0.21967436164634913,Daily
2014-11-13,1.242992639541626,1.030615064602828,103061.5064602828,-0.0036793329386389795,-0.0036793329386389795,0.030615064602828035,1.325627396025289,-0.22254543947040828,Daily
2014-11-14,1.2475982904434204,1.0344337945378994,103443.37945378994,0.0037052921757387836,0.0037052921757387836,0.03443379453789941,1.325627396025289,-0.2196647431702855,Daily
2014-11-17,1.251846432685852,1.0379560997007362,103795.60997007362,0.0034050561586789208,0.0034050561586789208,0.03795609970073621,1.325627396025289,-0.21700765779818332,Daily
2014-11-18,1.2448959350585938,1.0321931632735502,103219.31632735502,-0.005552196695840617,-0.005552196695840617,0.03219316327355015,1.325627396025289,-0.22135498529342468,Daily
2014-11-19,1.253337025642395,1.03919201012155,103919.201012155,0.006780559198632297,0.006780559198632297,0.039192010121549936,1.325627396025289,-0.21607533667648693,Daily
2014-11-20,1.2540757656097412,1.0398045290657103,103980.45290657104,0.0005894184502908129,0.0005894184502908129,0.039804529065710303,1.325627396025289,-0.21561327701628608,Daily
2014-11-21,1.2545005083084106,1.0401567002772711,104015.67002772712,0.0003386898226700463,0.0003386898226700463,0.04015670027727114,1.325627396025289,-0.2153476132161739,Daily
2014-11-24,1.2375012636184692,1.0260619445184729,102606.19445184729,-0.013550608052653068,-0.013550608052653068,0.02606194451847288,1.325627396025289,-0.2259801301670603,Daily
2014-11-25,1.2433171272277832,1.0308841103614217,103088.41103614216,0.004699682966228469,0.004699682966228469,0.03088411036142169,1.325627396025289,-0.22234248216928398,Daily
2014-11-26,1.24806547164917,1.0348211532182552,103482.11532182552,0.0038190935501500878,0.0038190935501500878,0.034821153218255185,1.325627396025289,-0.21937253535871104,Daily
2014-11-27,1.2505940198898315,1.0369176740064732,103691.76740064731,0.0020259740358978817,0.0020259740358978817,0.03691767400647317,1.325627396025289,-0.21779100438363908,Daily
2014-11-28,1.246199131011963,1.0332736953209216,103327.36953209215,-0.0035142410790163225,-0.0035142410790163225,0.033273695320921615,1.325627396025289,-0.22053987536841013,Daily
2014-12-01,1.2438275814056396,1.0313073483990034,103130.73483990034,-0.0019030262076956683,-0.0019030262076956683,0.0313073483990034,1.325627396025289,-0.2220232084134377,Daily
2014-12-02,1.247007131576538,1.0339436410048848,103394.36410048848,0.002556262795929909,0.002556262795929909,0.033943641004884784,1.325627396025289,-0.22003449528500818,Daily
2014-12-03,1.2388503551483154,1.027180530429569,102718.05304295689,-0.006541082421806732,-0.006541082421806732,0.027180530429568917,1.325627396025289,-0.225136313937515,Daily
2014-12-04,1.231663703918457,1.021221789576309,102122.1789576309,-0.005801064834015102,-0.005801064834015102,0.021221789576308936,1.325627396025289,-0.22963134841788746,Daily
2014-12-05,1.2386661767959597,1.0270278207686483,102702.78207686482,0.005685377311375417,0.005685377311375417,0.027027820768648292,1.325627396025289,-0.22525151196478765,Daily
2014-12-08,1.2294074296951294,1.0193510220991224,101935.10220991225,-0.007474771875001784,-0.007474771875001784,0.019351022099122428,1.325627396025289,-0.23104258017335333,Daily
2014-12-09,1.2315119504928589,1.0210959647230062,102109.59647230062,0.0017118172112002839,0.0017118172112002839,0.021095964723006233,1.325627396025289,-0.22972626562741405,Daily
2014-12-10,1.2394952774047852,1.027715261345804,102771.5261345804,0.006482541163105537,0.006482541163105537,0.027715261345804043,1.325627396025289,-0.22473293443748477,Daily
2014-12-11,1.2473959922790527,1.0342660610138974,103426.60610138974,0.006374138746869429,0.006374138746869429,0.0342660610138974,1.325627396025289,-0.2197912745957109,Daily
2014-12-12,1.2394952774047852,1.027715261345804,102771.5261345804,-0.006333766440785649,-0.006333766440785649,0.027715261345804043,1.325627396025289,-0.22473293443748477,Daily
2014-12-15,1.2463544607162476,1.0334024854103587,103340.24854103588,0.0055338519125494035,0.0055338519125494035,0.03340248541035873,1.325627396025289,-0.220442721303985,Daily
2014-12-16,1.2443537712097168,1.0317436334755765,103174.36334755765,-0.001605233157653485,-0.001605233157653485,0.031743633475576516,1.325627396025289,-0.221694092496038,Daily
2014-12-17,1.2512043714523315,1.0374237409734088,103742.37409734089,0.005505347756494583,0.005505347756494583,0.03742374097340884,1.325627396025289,-0.2174092478142946,Daily
2014-12-18,1.233897686004639,1.0230740737482575,102307.40737482575,-0.013832021244941872,-0.013832021244941872,0.02307407374825754,1.325627396025289,-0.2282340597246223,Daily
2014-12-19,1.229044795036316,1.0190503471550953,101905.03471550954,-0.003932976796509391,-0.003932976796509391,0.01905034715509535,1.325627396025289,-0.23126939726006157,Daily
2014-12-22,1.2225985527038574,1.0137055090228582,101370.55090228582,-0.005244920574492218,-0.005244920574492218,0.013705509022858164,1.325627396025289,-0.23530132821461414,Daily
2014-12-23,1.2223743200302124,1.013519588717232,101351.9588717232,-0.00018340662447957623,-0.00018340662447957623,0.013519588717231912,1.325627396025289,-0.23544157901675034,Daily
2014-12-24,1.217492938041687,1.0094722390761992,100947.22390761992,-0.0039933610421435395,-0.0039933610421435395,0.009472239076199207,1.325627396025289,-0.23849473682954758,Daily
2014-12-25,1.2198543548583984,1.0114301844957367,101143.01844957368,0.0019395733173694918,0.0019395733173694918,0.01143018449573674,1.325627396025289,-0.2370177415400656,Daily
2014-12-26,1.2210012674331665,1.0123811357240353,101238.11357240353,0.0009402045172031137,0.0009402045172031137,0.01238113572403532,1.325627396025289,-0.23630038217411564,Daily
2014-12-29,1.216944694519043,1.0090176683767973,100901.76683767972,-0.003322333090326257,-0.003322333090326257,0.009017668376797294,1.325627396025289,-0.23883764668548813,Daily
2014-12-30,1.215347409248352,1.0076932950779744,100769.32950779745,-0.001312537272963099,-0.001312537272963099,0.007693295077974449,1.325627396025289,-0.23983670064498974,Daily
2014-12-31,1.2162047624588013,1.008404161020592,100840.4161020592,0.0007054387938172368,0.0007054387938172368,0.00840416102059205,1.325627396025289,-0.23930045196398853,Daily
2015-01-01,1.2098628282546997,1.0031458089422747,100314.58089422747,-0.0052145283424807065,-0.0052145283424807065,0.003145808942274675,1.325627396025289,-0.24326714131733462,Daily
2015-01-02,1.2089413404464722,1.002381766431647,100238.1766431647,-0.0007616465162061381,-0.0007616465162061381,0.0023817664316470033,1.325627396025289,-0.24384350426284895,Daily
2015-01-05,1.194643259048462,0.990526653525153,99052.6653525153,-0.011826943888551322,-0.011826943888551322,-0.009473346474846989,1.325627396025289,-0.25278652470889584,Daily
2015-01-06,1.193901538848877,0.9899116635508807,98991.16635508806,-0.0006208717070698144,-0.0006208717070698144,-0.010088336449119328,1.325627396025289,-0.25325044841484534,Daily
2015-01-07,1.1875356435775757,0.9846334443904627,98463.34443904627,-0.005332010274012311,-0.005332010274012311,-0.015366555609537258,1.325627396025289,-0.25723212469601153,Daily
2015-01-08,1.1836000680923462,0.9813703008657715,98137.03008657714,-0.003314069355740079,-0.003314069355740079,-0.018629699134228517,1.325627396025289,-0.25969370894998467,Daily
2015-01-09,1.1796069145202637,0.9780594170393168,97805.94170393168,-0.003373735503849895,-0.003373735503849895,-0.02194058296068324,1.325627396025289,-0.2621913065678235,Daily
2015-01-12,1.187070369720459,0.9842476671693787,98424.76671693787,0.006327069728334411,0.006327069728334411,-0.015752332830621274,1.325627396025289,-0.25752313951830674,Daily
2015-01-13,1.1831519603729248,0.9809987567781325,98099.87567781325,-0.0033009073829860514,-0.0033009073829860514,-0.01900124322186747,1.325627396025289,-0.25997398686876705,Daily
2015-01-14,1.1778285503387451,0.9765849039508891,97658.49039508891,-0.004499345994830484,-0.004499345994830484,-0.02341509604911085,1.325627396025289,-0.26330361994701945,Daily
2015-01-15,1.178592085838318,0.9772179818655816,97721.79818655817,0.0006482569125647597,0.0006482569125647597,-0.02278201813441838,1.325627396025289,-0.26282605142618876,Daily
2015-01-16,1.1637378931045532,0.9649017747401899,96490.17747401899,-0.012603336567629686,-0.012603336567629686,-0.0350982252598101,1.325627396025289,-0.27211690280895295,Daily
2015-01-19,1.1566041707992554,0.9589869193817186,95898.69193817186,-0.00613000775137329,-0.00613000775137329,-0.04101308061828135,1.325627396025289,-0.27657883183682774,Daily
2015-01-20,1.1597968339920044,0.9616340845200926,96163.40845200926,0.0027603766901018734,0.0027603766901018734,-0.03836591547990742,1.325627396025289,-0.2745819169071039,Daily
2015-01-21,1.154694437980652,0.9574034832859548,95740.34832859549,-0.0043993877736239195,-0.0043993877736239195,-0.042596516714045185,1.325627396025289,-0.2777733123526285,Daily
2015-01-22,1.161534547805786,0.9630748927577923,96307.48927577924,0.005923740168954028,0.005923740168954028,-0.036925107242207655,1.325627396025289,-0.27349502911192114,Daily
2015-01-23,1.1346745491027832,0.9408041902468464,94080.41902468464,-0.023124580111493875,-0.023124580111493875,-0.05919580975315364,1.325627396025289,-0.2902951515126211,Daily
2015-01-26,1.1125450134277344,0.9224557044120618,92245.57044120618,-0.019502980561736605,-0.019502980561736605,-0.07754429558793818,1.325627396025289,-0.3041365113772406,Daily
2015-01-27,1.1247708797454834,0.9325926606610859,93259.2660661086,0.01098909812204485,0.01098909812204485,-0.06740733933891407,1.325627396025289,-0.29648959922121665,Daily
2015-01-28,1.1367381811141968,0.9425152303375938,94251.52303375938,0.01063976813786427,0.01063976813786427,-0.05748476966240623,1.325627396025289,-0.2890044116743544,Daily
2015-01-29,1.1281461715698242,0.9353912505247227,93539.12505247227,-0.007558477129668617,-0.007558477129668617,-0.06460874947527728,1.325627396025289,-0.2943784555680091,Daily
2015-01-30,1.13355553150177,0.9398763678603959,93987.63678603958,0.004794910507402328,0.004794910507402328,-0.060123632139604144,1.325627396025289,-0.29099506341036274,Daily
2015-02-02,1.1309019327163696,0.9376761626486788,93767.61626486789,-0.002340951732540897,-0.002340951732540897,-0.06232383735132119,1.325627396025289,-0.2926548097450523,Daily
2015-02-03,1.1341726779937744,0.9403880687759871,94038.80687759872,0.002892156413199176,0.002892156413199176,-0.05961193122401287,1.325627396025289,-0.2906090568167109,Daily
2015-02-04,1.145737886428833,0.949977247069785,94997.72470697851,0.010197043765431069,0.010197043765431069,-0.050022752930214964,1.325627396025289,-0.28337536632227056,Daily
2015-02-05,1.131874680519104,0.9384827068772328,93848.27068772328,-0.012099805787988416,-0.012099805787988416,-0.061517293122767214,1.325627396025289,-0.29204638521265935,Daily
2015-02-06,1.147196888923645,0.9511869645714114,95118.69645714114,0.013537018424613967,0.013537018424613967,-0.048813035428588614,1.325627396025289,-0.28246280408551117,Daily
2015-02-09,1.1314393281936646,0.9381217387984732,93812.17387984731,-0.013735707342063086,-0.013735707342063086,-0.06187826120152684,1.325627396025289,-0.2923186850156372,Daily
2015-02-10,1.1326953172683716,0.9391631297288707,93916.31297288707,0.0011100808001009987,0.0011100808001009987,-0.06083687027112927,1.325627396025289,-0.2915331015752828,Daily
2015-02-11,1.1321951150894165,0.9387483920348741,93874.83920348741,-0.00044160346681876295,-0.00044160346681876295,-0.061251607965125854,1.325627396025289,-0.29184596301375343,Daily
2015-02-12,1.131196141242981,0.9379201027413346,93792.01027413347,-0.000882333648256961,-0.000882333648256961,-0.06207989725866536,1.325627396025289,-0.2924707911487354,Daily
2015-02-13,1.140393853187561,0.9455462947141666,94554.62947141666,0.008130961209320775,0.008130961209320775,-0.054453705285833376,1.325627396025289,-0.2867178985971044,Daily
2015-02-16,1.1400039196014404,0.9452229851343138,94522.29851343138,-0.00034192887398554195,-0.00034192887398554195,-0.0547770148656862,1.325627396025289,-0.28696179034287106,Daily
2015-02-17,1.1334012746810913,0.9397484673417993,93974.84673417993,-0.005791773876231532,-0.005791773876231532,-0.06025153265820071,1.325627396025289,-0.29109154641831814,Daily
2015-02-18,1.1404719352722168,0.9456110357031008,94561.10357031008,0.0062384441848408745,0.0062384441848408745,-0.05438896429689921,1.325627396025289,-0.28666906059848707,Daily
2015-02-19,1.1400039196014404,0.9452229851343138,94522.29851343138,-0.00041037017773215556,-0.00041037017773215556,-0.0547770148656862,1.325627396025289,-0.28696179034287106,Daily
2015-02-20,1.1366735696792605,0.9424616584047659,94246.16584047659,-0.0029213495365387754,-0.0029213495365387754,-0.05753834159523408,1.325627396025289,-0.2890448241861874,Daily
2015-02-23,1.1381484270095823,0.9436845217865878,94368.45217865879,0.0012975205632150821,0.0012975205632150821,-0.05631547821341221,1.325627396025289,-0.28812234522604485,Daily
2015-02-24,1.1332985162734983,0.9396632662235376,93966.32662235375,-0.004261228694773078,-0.004261228694773078,-0.060336733776462426,1.325627396025289,-0.29115581871573537,Daily
2015-02-25,1.1339025497436523,0.9401640946066362,94016.40946066362,0.0005329870828210126,0.0005329870828210126,-0.05983590539336381,1.325627396025289,-0.290778013923378,Daily
2015-02-26,1.1363636255264282,0.9422046712731186,94220.46712731186,0.0021704473487005327,0.0021704473487005327,-0.05779532872688142,1.325627396025289,-0.2892386849440578,Daily
2015-02-27,1.1205360889434814,0.9290814257131508,92908.14257131508,-0.013928232325823076,-0.013928232325823076,-0.07091857428684922,1.325627396025289,-0.2991383336683645,Daily
2015-03-02,1.1161960363388062,0.9254829139816602,92548.29139816601,-0.003873193061338487,-0.003873193061338487,-0.07451708601833984,1.325627396025289,-0.3018529062113584,Daily
2015-03-03,1.1179054975509644,0.9269002968538983,92690.02968538983,0.0015315062556262582,0.0015315062556262582,-0.0730997031461017,1.325627396025289,-0.3007836895698738,Daily
2015-03-04,1.118217945098877,0.9271593596508395,92715.93596508395,0.000279493703713829,0.000279493703713829,-0.07284064034916049,1.325627396025289,-0.30058826301357444,Daily
2015-03-05,1.1082050800323486,0.9188572915217756,91885.72915217756,-0.008954305473646285,-0.008954305473646285,-0.08114270847822436,1.325627396025289,-0.3068510093584045,Daily
2015-03-06,1.1032048463821411,0.9147113971998766,91471.13971998767,-0.004512011125288873,-0.004512011125288873,-0.0852886028001234,1.325627396025289,-0.30997850531566207,Daily
2015-03-09,1.0845986604690552,0.8992842620046927,89928.42620046927,-0.01686557666430044,-0.01686557666430044,-0.10071573799530731,1.325627396025289,-0.32161611573427595,Daily
2015-03-10,1.0833414793014526,0.8982418826622502,89824.18826622503,-0.0011591210771538796,-0.0011591210771538796,-0.10175811733774975,1.325627396025289,-0.3224024447929299,Daily
2015-03-11,1.0708701610565186,0.8879014123732025,88790.14123732025,-0.011511899510185608,-0.011511899510185608,-0.11209858762679747,1.325627396025289,-0.33020287975682117,Daily
2015-03-12,1.0548745393753052,0.8746388007149185,87463.88007149185,-0.014937031829733716,-0.014937031829733716,-0.1253611992850815,1.325627396025289,-0.34020766066135744,Daily
2015-03-13,1.0626314878463743,0.8810703978904091,88107.03978904091,0.0073534322628192594,0.0073534322628192594,-0.11892960210959092,1.325627396025289,-0.3353559223865037,Daily
2015-03-16,1.0481630563735962,0.869074040902714,86907.4040902714,-0.013615662285804353,-0.013615662285804353,-0.130925959097286,1.325627396025289,-0.34440549168754897,Daily
2015-03-17,1.0572947263717651,0.8766454748482644,87664.54748482644,0.008712070075969525,0.008712070075969525,-0.12335452515173562,1.325627396025289,-0.3386939063897102,Daily
2015-03-18,1.0598047971725464,0.8787266752497879,87872.66752497878,0.002374050241785275,0.002374050241785275,-0.12127332475021213,1.325627396025289,-0.33712393249828065,Daily
2015-03-19,1.0849988460540771,0.8996160719281308,89961.60719281307,0.0237723484067498,0.0237723484067498,-0.10038392807186924,1.325627396025289,-0.32136581167113354,Daily
2015-03-20,1.066894292831421,0.8846048605213972,88460.48605213972,-0.01668624191490964,-0.01668624191490964,-0.1153951394786028,1.325627396025289,-0.33268966590931737,Daily
2015-03-23,1.0826611518859863,0.8976777959082849,89767.77959082849,0.014778276686364,0.014778276686364,-0.10232220409171511,1.325627396025289,-0.3228279691564552,Daily
2015-03-24,1.094499111175537,0.9074931228779322,90749.31228779322,0.010934131393676605,0.010934131393676605,-0.09250687712206784,1.325627396025289,-0.315423681195089,Daily
2015-03-25,1.0902034044265747,0.9039313800745079,90393.13800745079,-0.003924815200944898,-0.003924815200944898,-0.0960686199254921,1.325627396025289,-0.3181105167373415,Daily
2015-03-26,1.0960465669631958,0.9087761805532825,90877.61805532825,0.005359699403703955,0.005359699403703955,-0.09122381944671754,1.325627396025289,-0.3144557940805066,Daily
2015-03-27,1.0886367559432983,0.9026324089652363,90263.24089652364,-0.006760489237631284,-0.006760489237631284,-0.09736759103476367,1.325627396025289,-0.3190904083065458,Daily
2015-03-30,1.0884946584701538,0.9025145902494967,90251.45902494967,-0.00013052790324108443,-0.00013052790324108443,-0.09748540975050335,1.325627396025289,-0.3191792860078463,Daily
2015-03-31,1.0830246210098269,0.8979791627407435,89797.91627407435,-0.005025323200037457,-0.005025323200037457,-0.10202083725925648,1.325627396025289,-0.3226006301369372,Daily
2015-04-01,1.073814034461975,0.8903422959178275,89034.22959178276,-0.008504503378015227,-0.008504503378015227,-0.10965770408217246,1.325627396025289,-0.32836157536620303,Daily
2015-04-02,1.0769942998886108,0.8929791815709357,89297.91815709358,0.002961653810223508,0.002961653810223508,-0.1070208184290643,1.325627396025289,-0.3263724148667938,Daily
2015-04-03,1.087074637413025,0.901337193821735,90133.7193821735,0.009359694406420482,0.009359694406420482,-0.09866280617826495,1.325627396025289,-0.3200674665262121,Daily
2015-04-06,1.100134253501892,0.9121654454548898,91216.54454548897,0.012013541333229627,0.012013541333229627,-0.08783455454511024,1.325627396025289,-0.3118990689315171,Daily
2015-04-07,1.0934817790985107,0.9066496120389028,90664.96120389029,-0.006046965979111696,-0.006046965979111696,-0.09335038796109718,1.325627396025289,-0.31605999185188327,Daily
2015-04-08,1.0824151039123535,0.8974737876622388,89747.37876622389,-0.010120584903829721,-0.010120584903829721,-0.10252621233776116,1.325627396025289,-0.32298186477347224,Daily
2015-04-09,1.078527569770813,0.8942504771429529,89425.04771429529,-0.003591537227713437,-0.003591537227713437,-0.10574952285704708,1.325627396025289,-0.3254134006099755,Daily
2015-04-10,1.0669056177139282,0.8846142504358228,88461.42504358228,-0.010775757970984845,-0.010775757970984845,-0.11538574956417724,1.325627396025289,-0.3326825825354721,Daily
2015-04-13,1.060985445976257,0.8797055985389541,87970.55985389541,-0.0055489179542951295,-0.0055489179542951295,-0.12029440146104586,1.325627396025289,-0.3363854721344548,Daily
2015-04-14,1.0572947263717651,0.8766454748482644,87664.54748482644,-0.0034785770327847576,-0.0034785770327847576,-0.12335452515173562,1.325627396025289,-0.3386939063897102,Daily
2015-04-15,1.0647132396697998,0.8827964618442374,88279.64618442375,0.007016504587601613,0.007016504587601613,-0.11720353815576257,1.325627396025289,-0.33405384915008474,Daily
2015-04-16,1.0676802396774292,0.8852565205825315,88525.65205825315,0.0027866658336563876,0.0027866658336563876,-0.11474347941746854,1.325627396025289,-0.33219807976445637,Daily
2015-04-17,1.0755579471588137,0.8917882438981606,89178.82438981606,0.007378339683203894,0.007378339683203894,-0.10821175610183942,1.325627396025289,-0.3272708103558626,Daily
2015-04-20,1.0810226202011108,0.896319223552712,89631.92235527119,0.005080779754110365,0.005080779754110365,-0.10368077644728801,1.325627396025289,-0.32385282150911965,Daily
2015-04-21,1.0747487545013428,0.8911173098021525,89111.73098021526,-0.005803639611723144,-0.005803639611723144,-0.10888269019784746,1.325627396025289,-0.3277769360575641,Daily
2015-04-22,1.074171543121338,0.890638720690062,89063.8720690062,-0.0005370663400049436,-0.0005370663400049436,-0.109361279309938,1.325627396025289,-0.32813796443818266,Daily
2015-04-23,1.0725815296173096,0.8893203767047124,88932.03767047124,-0.0014802230744337397,-0.0014802230744337397,-0.11067962329528758,1.325627396025289,-0.3291324701260573,Daily
2015-04-24,1.0815019607543943,0.8967166640359245,89671.66640359245,0.008316786081769889,0.008316786081769889,-0.10328333596407546,1.325627396025289,-0.3235530083908903,Daily
2015-04-27,1.086897373199463,0.9011902169506738,90119.02169506738,0.004988814297946398,0.004988814297946398,-0.0988097830493262,1.325627396025289,-0.3201783399673479,Daily
2015-04-28,1.087795972824097,0.9019352819500416,90193.52819500415,0.0008267566439956742,0.0008267566439956742,-0.09806471804995842,1.325627396025289,-0.31961629289318383,Daily
2015-04-29,1.096912145614624,0.9094938665390093,90949.38665390093,0.008380406821014486,0.008380406821014486,-0.09050613346099068,1.325627396025289,-0.3139144006332387,Daily
2015-04-30,1.1114321947097778,0.9215330217682443,92153.30217682442,0.013237203319521829,0.013237203319521829,-0.07846697823175575,1.325627396025289,-0.3048325460598249,Daily
2015-05-01,1.1214659214019775,0.929852387108092,92985.23871080921,0.009027745228146644,0.009027745228146644,-0.07014761289190796,1.325627396025289,-0.2985567513947537,Daily
2015-05-04,1.1185932159423828,0.9274705117625415,92747.05117625414,-0.002561562865863398,-0.002561562865863398,-0.07252948823745853,1.325627396025289,-0.30035354237289147,Daily
2015-05-05,1.1149141788482666,0.9244200745098904,92442.00745098904,-0.003288985702471714,-0.003288985702471714,-0.07557992549010961,1.325627396025289,-0.30265466956881204,Daily
2015-05-06,1.1186307668685913,0.9275016467419526,92750.16467419526,0.0033335193782935146,0.0033335193782935146,-0.07249835325804743,1.325627396025289,-0.3003300553964572,Daily
2015-05-07,1.1341469287872314,0.9403667190758195,94036.67190758194,0.013870673307220693,0.013870673307220693,-0.05963328092418052,1.325627396025289,-0.2906251621719802,Daily
2015-05-08,1.1246949434280396,0.9325296988138324,93252.96988138324,-0.008334004280467489,-0.008334004280467489,-0.06747030118616759,1.325627396025289,-0.29653709510689485,Daily
2015-05-11,1.1194071769714355,0.9281453995067285,92814.53995067284,-0.004701511718801732,-0.004701511718801732,-0.07185460049327153,1.325627396025289,-0.2998444341979921,Daily
2015-05-12,1.114441990852356,0.9240285644989465,92402.85644989465,-0.004435549656303661,-0.004435549656303661,-0.07597143550105345,1.325627396025289,-0.30295000897724433,Daily
2015-05-13,1.1221455335617063,0.9304158808148304,93041.58808148305,0.0069124663038391265,0.0069124663038391265,-0.0695841191851696,1.325627396025289,-0.2981316744022082,Daily
2015-05-14,1.1350480318069458,0.9411138597404811,94111.38597404811,0.011498061400544657,0.011498061400544657,-0.05888614025951888,1.325627396025289,-0.2900615492993873,Daily
2015-05-15,1.1404979228973389,0.9456325830856773,94563.25830856773,0.0048014629669168585,0.0048014629669168585,-0.054367416914322675,1.325627396025289,-0.2866528061195579,Daily
2015-05-18,1.144505262374878,0.9489552290154654,94895.52290154653,0.003513675384308357,0.003513675384308357,-0.05104477098453464,1.325627396025289,-0.28414633564395475,Daily
2015-05-19,1.1326183080673218,0.939099278310777,93909.9278310777,-0.010386107166419078,-0.010386107166419078,-0.060900721689223,1.325627396025289,-0.2915812685174305,Daily
2015-05-20,1.1146656274795532,0.9242139905985504,92421.39905985503,-0.015850600736273424,-0.015850600736273424,-0.07578600940144964,1.325627396025289,-0.3028101309842579,Daily
2015-05-21,1.1100751161575315,0.9204078134964477,92040.78134964478,-0.004118285527832777,-0.004118285527832777,-0.07959218650355226,1.325627396025289,-0.30568135793197715,Daily
2015-05-22,1.1111851930618286,0.9213282227925625,92132.82227925626,0.0010000016108275833,0.0010000016108275833,-0.07867177720743745,1.325627396025289,-0.30498703817148143,Daily
2015-05-25,1.0992997884750366,0.9114735570235323,91147.35570235323,-0.010696150975556318,-0.010696150975556318,-0.08852644297646772,1.325627396025289,-0.3124210017411678,Daily
2015-05-26,1.0971167087554932,0.9096634780458963,90966.34780458963,-0.00198588205185779,-0.00198588205185779,-0.09033652195410369,1.325627396025289,-0.3137864525330444,Daily
2015-05-27,1.08888578414917,0.9028388882413944,90283.88882413943,-0.007502323627592733,-0.007502323627592733,-0.09716111175860564,1.325627396025289,-0.31893464864378007,Daily
2015-05-28,1.0900014638900757,0.9037639430741194,90376.39430741195,0.0010246067651416002,0.0010246067651416002,-0.09623605692588055,1.325627396025289,-0.31823682447727686,Daily
2015-05-29,1.0960345268249512,0.90876619759163,90876.619759163,0.005534912690249083,0.005534912690249083,-0.09123380240836998,1.325627396025289,-0.31446332482533157,Daily
2015-06-01,1.0957943201065063,0.9085670325646037,90856.70325646037,-0.00021915980981046523,-0.00021915980981046523,-0.0914329674353963,1.325627396025289,-0.31461356691268094,Daily
2015-06-02,1.0922993421554563,0.905669206131669,90566.9206131669,-0.003189447040308102,-0.003189447040308102,-0.09433079386833099,1.325627396025289,-0.31679957064315856,Daily
2015-06-03,1.115001201629639,0.9244922285891608,92449.22285891608,0.02078355135633836,0.02078355135633836,-0.0755077714108392,1.325627396025289,-0.3026002394329482,Daily
2015-06-04,1.1257838010787964,0.9334325143755495,93343.25143755495,0.009670482357685417,0.009670482357685417,-0.06656748562445047,1.325627396025289,-0.29585604735213056,Daily
2015-06-05,1.120787262916565,0.9292896841309893,92928.96841309893,-0.004438275055515528,-0.004438275055515528,-0.07071031586901066,1.325627396025289,-0.2989812318926597,Daily
2015-06-08,1.110814929008484,0.9210212220114488,92102.12220114487,-0.00889761530848443,-0.00889761530848443,-0.07897877798855124,1.325627396025289,-0.30521862721530646,Daily
2015-06-09,1.128095269203186,0.93534904533041,93534.904533041,0.015556452963885192,0.015556452963885192,-0.06465095466959003,1.325627396025289,-0.29441029346939784,Daily
2015-06-10,1.1299052238464355,0.9368497513380245,93684.97513380245,0.0016044342110643761,0.0016044342110643761,-0.0631502486619755,1.325627396025289,-0.29327822120526525,Daily
2015-06-11,1.131196141242981,0.9379201027413346,93792.01027413347,0.0011425006003165095,0.0011425006003165095,-0.06207989725866536,1.325627396025289,-0.2924707911487354,Daily
2015-06-12,1.1240627765655518,0.9320055439064768,93200.55439064768,-0.0063060369615395295,-0.0063060369615395295,-0.06799445609352317,1.325627396025289,-0.2969324964911203,Daily
2015-06-15,1.1219944953918457,0.9302906490087548,93029.06490087548,-0.0018400050395989132,-0.0018400050395989132,-0.0697093509912452,1.325627396025289,-0.2982261442407549,Daily
2015-06-16,1.1277008056640625,0.9350219797847868,93502.19797847868,0.005085862983867928,0.005085862983867928,-0.06497802021521315,1.325627396025289,-0.2946570185647027,Daily
2015-06-17,1.124201774597168,0.9321207927509001,93212.07927509001,-0.003102800893038382,-0.003102800893038382,-0.0678792072490999,1.325627396025289,-0.2968455573973985,Daily
2015-06-18,1.1369967460632324,0.94272961691011,94272.961691011,0.011381383444843962,0.011381383444843962,-0.057270383089889965,1.325627396025289,-0.2888426870651928,Daily
2015-06-19,1.1370742321014404,0.9427938636930219,94279.38636930218,6.814974491042847e-05,6.814974491042847e-05,-0.05720613630697813,1.325627396025289,-0.2887942218757251,Daily
2015-06-22,1.1372941732406616,0.9429762257152868,94297.62257152869,0.0001934272477661647,0.0001934272477661647,-0.05702377428471317,1.325627396025289,-0.28865665529946716,Daily
2015-06-23,1.13490629196167,0.9409963375483549,94099.6337548355,-0.0020996162076409863,-0.0020996162076409863,-0.05900366245164512,1.325627396025289,-0.2901502033151979,Daily
2015-06-24,1.1172186136245728,0.9263307738336866,92633.07738336865,-0.015585144308720267,-0.015585144308720267,-0.07366922616631344,1.325627396025289,-0.30121331483404634,Daily
2015-06-25,1.1206992864608765,0.9292167393220834,92921.67393220833,0.003115480528033343,0.003115480528033343,-0.07078326067791663,1.325627396025289,-0.29903625852316285,Daily
2015-06-26,1.1202975511550903,0.928883644462987,92888.3644462987,-0.00035846842292075465,-0.00035846842292075465,-0.07111635553701301,1.325627396025289,-0.2992875318900947,Daily
2015-06-29,1.0975021123886108,0.9099830316599791,90998.3031659979,-0.020347664549454803,-0.020347664549454803,-0.09001696834002093,1.325627396025289,-0.3135453941368157,Daily
2015-06-30,1.122296690940857,0.9305412114621108,93054.12114621108,0.022591827635104034,0.022591827635104034,-0.06945878853788923,1.325627396025289,-0.2980371300018313,Daily
2015-07-01,1.1134989261627195,0.9232466317303077,92324.66317303077,-0.007839072189335328,-0.007839072189335328,-0.07675336826969226,1.325627396025289,-0.30353986761398,Daily
2015-07-02,1.103363037109375,0.9148425594782212,91484.25594782212,-0.009102738058557547,-0.009102738058557547,-0.08515744052177876,1.325627396025289,-0.3098795617673181,Daily
2015-07-03,1.1086965799331665,0.9192648138078453,91926.48138078453,0.004833896591066145,0.004833896591066145,-0.0807351861921547,1.325627396025289,-0.3065435909335201,Daily
2015-07-06,1.0995051860809326,0.9116438604188507,91164.38604188507,-0.008290269870579015,-0.008290269870579015,-0.0883561395811493,1.325627396025289,-0.31229253170816385,Daily
2015-07-07,1.1048991680145264,0.9161162272391459,91611.62272391458,0.004905826731768315,0.004905826731768315,-0.08388377276085413,1.325627396025289,-0.3089187580265811,Daily
2015-07-08,1.1009942293167114,0.912878485904006,91287.8485904006,-0.003534203672930558,-0.003534203672930558,-0.087121514095994,1.325627396025289,-0.311361179890257,Daily
2015-07-09,1.1071009635925293,0.9179418242858851,91794.18242858851,0.005546563381724434,0.005546563381724434,-0.08205817571411489,1.325627396025289,-0.30754160102740247,Daily
2015-07-10,1.1063048839569092,0.9172817627223699,91728.17627223699,-0.0007190668798958688,-0.0007190668798958688,-0.08271823727763006,1.325627396025289,-0.3080395249278093,Daily
2015-07-13,1.1129041910171509,0.922753512961159,92275.3512961159,0.0059651793605377534,0.0059651793605377534,-0.07724648703884096,1.325627396025289,-0.30391185658360087,Daily
2015-07-14,1.099045991897583,0.9112631240991951,91126.31240991951,-0.012452284061309937,-0.012452284061309937,-0.08873687590080492,1.325627396025289,-0.3125797438771317,Daily
2015-07-15,1.1008002758026123,0.9127176712643176,91271.76712643176,0.0015961878920101036,0.0015961878920101036,-0.08728232873568242,1.325627396025289,-0.3114824919875858,Daily
2015-07-16,1.0943553447723389,0.9073739203853298,90737.39203853298,-0.005854768727755033,-0.005854768727755033,-0.09262607961467018,1.325627396025289,-0.3155136027620088,Daily
2015-07-17,1.0886012315750122,0.9026029542863014,90260.29542863014,-0.005257993415771045,-0.005257993415771045,-0.09739704571369856,1.325627396025289,-0.3191126277318709,Daily
2015-07-20,1.0830246210098269,0.8979791627407435,89797.91627407435,-0.005122730347380755,-0.005122730347380755,-0.10202083725925648,1.325627396025289,-0.3226006301369372,Daily
2015-07-21,1.0835410356521606,0.8984073428385492,89840.73428385492,0.0004768263179946164,0.0004768263179946164,-0.10159265716145083,1.325627396025289,-0.3222776282895934,Daily
2015-07-22,1.0939961671829224,0.9070761118362325,90707.61118362324,0.009649040679358345,0.009649040679358345,-0.09292388816376751,1.325627396025289,-0.31573825755564855,Daily
2015-07-23,1.0927051305770874,0.9060056615917178,90600.56615917178,-0.0011801107211915074,-0.0011801107211915074,-0.0939943384082822,1.325627396025289,-0.3165457621740083,Daily
2015-07-24,1.0989010334014893,0.9111429331945478,91114.29331945478,0.0056702422739880465,0.0056702422739880465,-0.08885706680545225,1.325627396025289,-0.31267041106235105,Daily
2015-07-27,1.0972371101379397,0.9097633076624211,90976.33076624211,-0.0015141702600816043,-0.0015141702600816043,-0.09023669233757892,1.325627396025289,-0.3137111450847946,Daily
2015-07-28,1.109004020690918,0.9195197252741982,91951.97252741983,0.010724127396218641,0.010724127396218641,-0.08048027472580177,1.325627396025289,-0.30635129597407884,Daily
2015-07-29,1.1065986156463623,0.9175253074502079,91752.53074502079,-0.0021689777491131768,-0.0021689777491131768,-0.08247469254979212,1.325627396025289,-0.30785580457881223,Daily
2015-07-30,1.098406195640564,0.9107326433547528,91073.26433547528,-0.007403244401325337,-0.007403244401325337,-0.08926735664524721,1.325627396025289,-0.31297991721847396,Daily
2015-07-31,1.0939244031906128,0.9070166094311357,90701.66094311357,-0.004080268727305936,-0.004080268727305936,-0.09298339056886429,1.325627396025289,-0.31578314377727856,Daily
2015-08-03,1.0969001054763794,0.9094838835773569,90948.38835773569,0.0027202083408026656,0.0027202083408026656,-0.09051611642264312,1.325627396025289,-0.3139219313780637,Daily
2015-08-04,1.09560227394104,0.9084077993841869,90840.7799384187,-0.001183181156478863,-0.001183181156478863,-0.09159220061581308,1.325627396025289,-0.3147336860207306,Daily
2015-08-05,1.0888975858688354,0.9028486735206378,90284.86735206378,-0.006119636871587453,-0.006119636871587453,-0.0971513264793622,1.325627396025289,-0.318927267022615,Daily
2015-08-06,1.0903104543685913,0.9040201394761307,90402.01394761307,0.0012975219323574372,0.0012975219323574372,-0.09597986052386931,1.325627396025289,-0.31804356021404623,Daily
2015-08-07,1.0927051305770874,0.9060056615917178,90600.56615917178,0.0021963250915379984,0.0021963250915379984,-0.0939943384082822,1.325627396025289,-0.3165457621740083,Daily
2015-08-10,1.0965032577514648,0.9091548412076441,90915.4841207644,0.0034758939700152425,0.0034758939700152425,-0.09084515879235588,1.325627396025289,-0.31417014770996765,Daily
2015-08-11,1.1016976833343506,0.9134617478516404,91346.17478516404,0.004737264158738208,0.004737264158738208,-0.08653825214835964,1.325627396025289,-0.3109211905317214,Daily
2015-08-12,1.104203701019287,0.9155395876522117,91553.95876522116,0.002274687260258146,0.002274687260258146,-0.08446041234778834,1.325627396025289,-0.30935375174251,Daily
2015-08-13,1.1160963773727417,0.9254002827347152,92540.02827347151,0.01077036451016844,0.01077036451016844,-0.0745997172652848,1.325627396025289,-0.3019152399011966,Daily
2015-08-14,1.1160963773727417,0.9254002827347152,92540.02827347151,0.0,0.0,-0.0745997172652848,1.325627396025289,-0.3019152399011966,Daily
2015-08-17,1.1092993021011353,0.9197645549376944,91976.45549376943,-0.006090043305764126,-0.006090043305764126,-0.08023544506230562,1.325627396025289,-0.30616660632129233,Daily
2015-08-18,1.107800006866455,0.9185214291089537,91852.14291089537,-0.0013515696186235937,-0.0013515696186235937,-0.08147857089104626,1.325627396025289,-0.307104370456575,Daily
2015-08-19,1.1030831336975098,0.9146104803301028,91461.04803301029,-0.004257874291125563,-0.004257874291125563,-0.08538951966989716,1.325627396025289,-0.31005463294404123,Daily
2015-08-20,1.1118029356002808,0.9218404179141759,92184.04179141759,0.007904936297541187,0.007904936297541187,-0.07815958208582408,1.325627396025289,-0.30460065876868014,Daily
2015-08-21,1.1236965656280518,0.9317019037263153,93170.19037263154,0.010697606245615443,0.010697606245615443,-0.06829809627368466,1.325627396025289,-0.2971615504327271,Daily
2015-08-24,1.1376951932907104,0.9433087275271563,94330.87275271563,0.012457658135525795,0.012457658135525795,-0.05669127247284367,1.325627396025289,-0.288405829303515,Daily
2015-08-25,1.1583056449890137,0.9603976798932568,96039.76798932567,0.01811596974290519,0.01811596974290519,-0.03960232010674325,1.325627396025289,-0.2755146108379497,Daily
2015-08-26,1.1550945043563845,0.9577351943681885,95773.51943681885,-0.0027722740077466,-0.0027722740077466,-0.04226480563181145,1.325627396025289,-0.2775230828513159,Daily
2015-08-27,1.134005427360535,0.9402493945661023,94024.93945661024,-0.018257447261945337,-0.018257447261945337,-0.05975060543389765,1.325627396025289,-0.2907136670641308,Daily
2015-08-28,1.1247961521148682,0.9326136149964357,93261.36149964356,-0.00812101514108432,-0.00812101514108432,-0.06738638500356431,1.325627396025289,-0.2964737921132672,Daily
2015-08-31,1.1214030981063845,0.9298002977933315,92980.02977933316,-0.0030165946088133166,-0.0030165946088133166,-0.07019970220666849,1.325627396025289,-0.2985960454791372,Daily
2015-09-01,1.1225864887237549,0.9307814944302009,93078.14944302008,0.0010552767505001004,0.0010552767505001004,-0.06921850556979914,1.325627396025289,-0.29785587019322257,Daily
2015-09-02,1.1293437480926514,0.9363842092649254,93638.42092649254,0.00601936638002698,0.00601936638002698,-0.06361579073507462,1.325627396025289,-0.2936294074243302,Daily
2015-09-03,1.121604323387146,0.929967141746493,92996.7141746493,-0.006853028334886102,-0.006853028334886102,-0.07003285825350702,1.325627396025289,-0.29847018511018153,Daily
2015-09-04,1.1125946044921875,0.9224968223531254,92249.68223531253,-0.008032885311773708,-0.008032885311773708,-0.07750317764687464,1.325627396025289,-0.3041054936559813,Daily
2015-09-07,1.115200161933899,0.9246571945594372,92465.71945594372,0.0023418749571419983,0.0023418749571419983,-0.07534280544056282,1.325627396025289,-0.3024757957387616,Daily
2015-09-08,1.1163954734802246,0.9256482753167545,92564.82753167546,0.0010718358794468141,0.0010718358794468141,-0.07435172468324547,1.325627396025289,-0.30172816426985183,Daily
2015-09-09,1.1207369565963743,0.9292479731426988,92924.79731426988,0.0038888397698493282,0.0038888397698493282,-0.0707520268573012,1.325627396025289,-0.29901269698489874,Daily
2015-09-10,1.1220699548721311,0.9303532154911903,93035.32154911903,0.0011893944140159984,0.0011893944140159984,-0.06964678450880968,1.325627396025289,-0.2981789466023965,Daily
2015-09-11,1.1290887594223022,0.9361727879285434,93617.27879285434,0.006255229025333708,0.006255229025333708,-0.06382721207145658,1.325627396025289,-0.2937888951785935,Daily
2015-09-14,1.1344043016433716,0.940580117236291,94058.0117236291,0.004707816083288963,0.004707816083288963,-0.05941988276370902,1.325627396025289,-0.290464183181118,Daily
2015-09-15,1.1307612657546997,0.9375595300273929,93755.95300273929,-0.00321140873971848,-0.00321140873971848,-0.062440469972607104,1.325627396025289,-0.2927427927043934,Daily
2015-09-16,1.1271796226501465,0.9345898460388018,93458.98460388018,-0.0031674617914707603,-0.0031674617914707603,-0.0654101539611982,1.325627396025289,-0.2949830028852446,Daily
2015-09-17,1.12920343875885,0.9362678731672529,93626.78731672528,0.001795469034425512,0.001795469034425512,-0.0637321268327471,1.325627396025289,-0.2937171666981815,Daily
2015-09-18,1.1400948762893677,0.9452984009733316,94529.84009733316,0.009645239428679453,0.009645239428679453,-0.05470159902666838,1.325627396025289,-0.28690489966661925,Daily
2015-09-21,1.12920343875885,0.9362678731672529,93626.78731672528,-0.009553097515853648,-0.009553097515853648,-0.0637321268327471,1.325627396025289,-0.2937171666981815,Daily
2015-09-22,1.1190940141677856,0.9278857436625605,92788.57436625606,-0.008952704396805733,-0.008952704396805733,-0.07211425633743951,1.325627396025289,-0.30004030812527105,Daily
2015-09-23,1.1120749711990356,0.9220659735427985,92206.59735427985,-0.006272076232996193,-0.006272076232996193,-0.07793402645720149,1.325627396025289,-0.3044305086727339,Daily
2015-09-24,1.1189937591552734,0.9278026182095931,92780.2618209593,0.006221512160082154,0.006221512160082154,-0.07219738179040691,1.325627396025289,-0.30010301462425915,Daily
2015-09-25,1.1178929805755615,0.926889918527428,92688.9918527428,-0.0009837218221332433,-0.0009837218221332433,-0.07311008147257203,1.325627396025289,-0.30079151856201847,Daily
2015-09-28,1.1201720237731934,0.9287795646746699,92877.956467467,0.0020386953288304976,0.0020386953288304976,-0.07122043532533007,1.325627396025289,-0.29936604549703216,Daily
2015-09-29,1.123103380203247,0.9312100698928245,93121.00698928245,0.0026168805931965355,0.0026168805931965355,-0.06878993010717549,1.325627396025289,-0.29753257009855894,Daily
2015-09-30,1.1255937814712524,0.933274961495609,93327.4961495609,0.0022174283435552056,0.0022174283435552056,-0.06672503850439104,1.325627396025289,-0.295974898909071,Daily
2015-10-01,1.11720609664917,0.9263203955072161,92632.03955072162,-0.007451786745942379,-0.007451786745942379,-0.07367960449278388,1.325627396025289,-0.30122114382619114,Daily
2015-10-02,1.1193444728851318,0.9280934090331722,92809.34090331722,0.0019140391753817987,0.0019140391753817987,-0.07190659096682783,1.325627396025289,-0.29988365372054593,Daily
2015-10-05,1.1226998567581177,0.9308754924156609,93087.5492415661,0.002997632948807283,0.002997632948807283,-0.06912450758433908,1.325627396025289,-0.29778496189294,Daily
2015-10-06,1.1195199489593506,0.9282389032861663,92823.89032861663,-0.002832375705426049,-0.002832375705426049,-0.07176109671383368,1.325627396025289,-0.2997738987068592,Daily
2015-10-07,1.1267986297607422,0.9342739495492849,93427.39495492849,0.0065016088441813835,0.0065016088441813835,-0.06572605045071511,1.325627396025289,-0.2952213024937651,Daily
2015-10-08,1.1239995956420898,0.9319531580681025,93195.31580681025,-0.0024840588590765433,-0.0024840588590765433,-0.06804684193189747,1.325627396025289,-0.29697201426099396,Daily
2015-10-09,1.1286935806274414,0.9358451293356933,93584.51293356933,0.004176144727765729,0.004176144727765729,-0.0641548706643067,1.325627396025289,-0.2940360676448782,Daily
2015-10-12,1.1369967460632324,0.94272961691011,94272.961691011,0.007356438964750245,0.007356438964750245,-0.057270383089889965,1.325627396025289,-0.2888426870651928,Daily
2015-10-13,1.135550618171692,0.9415305742585673,94153.05742585674,-0.0012718839315483121,-0.0012718839315483121,-0.05846942574143266,1.325627396025289,-0.2897471966243176,Daily
2015-10-14,1.138498306274414,0.9439746207217357,94397.46207217357,0.0025958227273639167,0.0025958227273639167,-0.05602537927826434,1.325627396025289,-0.28790350625514116,Daily
2015-10-15,1.147552251815796,0.9514816102019652,95148.16102019652,0.007952533167141729,0.007952533167141729,-0.0485183897980348,1.325627396025289,-0.2822405352704299,Daily
2015-10-16,1.1368157863616943,0.9425795759617098,94257.95759617098,-0.009355970882470088,-0.009355970882470088,-0.057420424038290174,1.325627396025289,-0.28895587192305705,Daily
2015-10-19,1.1361054182052612,0.9419905812242156,94199.05812242157,-0.0006248753447614108,-0.0006248753447614108,-0.05800941877578436,1.325627396025289,-0.28940018586772975,Daily
2015-10-20,1.132900595664978,0.9393333342829847,93933.33342829847,-0.0028208848306928713,-0.0028208848306928713,-0.06066666571701529,1.325627396025289,-0.2914047061041086,Daily
2015-10-21,1.1353960037231443,0.9414023772163571,94140.23772163571,0.0022026716798586587,0.0022026716798586587,-0.05859762278364289,1.325627396025289,-0.289843903317763,Daily
2015-10-22,1.134803295135498,0.9409109387476844,94091.09387476844,-0.0005220280727629145,-0.0005220280727629145,-0.05908906125231561,1.325627396025289,-0.2902146247362749,Daily
2015-10-23,1.108094573020935,0.918765665725223,91876.5665725223,-0.02353599273905338,-0.02353599273905338,-0.081234334274777,1.325627396025289,-0.3069201281747682,Daily
2015-10-26,1.1020376682281494,0.9137436429668164,91374.36429668164,-0.005466054017639443,-0.005466054017639443,-0.08625635703318357,1.325627396025289,-0.31070854019270355,Daily
2015-10-27,1.1065986156463623,0.9175253074502079,91752.53074502079,0.004138649294579855,0.004138649294579855,-0.08247469254979212,1.325627396025289,-0.30785580457881223,Daily
2015-10-28,1.1037039756774902,0.915125245323033,91512.5245323033,-0.0026157993765257848,-0.0026157993765257848,-0.08487475467696703,1.325627396025289,-0.3096663149336609,Daily
2015-10-29,1.0928961038589478,0.9061640052012944,90616.40052012943,-0.009792364670887621,-0.009792364670887621,-0.09383599479870564,1.325627396025289,-0.31642631412242817,Daily
2015-10-30,1.099384307861328,0.9115436354375082,91154.36354375082,0.005936707047880185,0.005936707047880185,-0.08845636456249184,1.325627396025289,-0.31236813740373337,Daily
2015-11-02,1.102596640586853,0.9142071093746215,91420.71093746215,0.002921937945225217,0.002921937945225217,-0.08579289062537854,1.325627396025289,-0.31035891977206753,Daily
2015-11-03,1.1016006469726562,0.9133812911111939,91338.12911111939,-0.0009033163874567762,-0.0009033163874567762,-0.08661870888880607,1.325627396025289,-0.31098188386130077,Daily
2015-11-04,1.0963950157165527,0.9090650933939766,90906.50933939766,-0.004725515794139379,-0.004725515794139379,-0.09093490660602344,1.325627396025289,-0.31423784985156233,Daily
2015-11-05,1.086802959442139,0.9011119347167261,90111.19347167261,-0.008748722984794677,-0.008748722984794677,-0.09888806528327387,1.325627396025289,-0.3202373929366682,Daily
2015-11-06,1.0883997678756714,0.9024359126507309,90243.59126507309,0.0014692713335562324,0.0014692713335562324,-0.09756408734926914,1.325627396025289,-0.31923863722448664,Daily
2015-11-09,1.0733413696289062,0.8899503905420657,88995.03905420657,-0.013835355988871645,-0.013835355988871645,-0.1100496094579343,1.325627396025289,-0.3286572130219553,Daily
2015-11-10,1.0759514570236206,0.8921145187141476,89211.45187141476,0.0024317402352773687,0.0024317402352773687,-0.1078854812858524,1.325627396025289,-0.3270246817551975,Daily
2015-11-11,1.0737563371658323,0.8902944567748592,89029.44567748591,-0.0020401662579281332,-0.0020401662579281332,-0.10970554322514081,1.325627396025289,-0.328397663291899,Daily
2015-11-12,1.0762988328933716,0.8924025419840014,89240.25419840014,0.002367851661998266,0.002367851661998266,-0.10759745801599863,1.325627396025289,-0.32680740858272284,Daily
2015-11-13,1.0815019607543943,0.8967166640359245,89671.66640359245,0.004834278085237065,0.004834278085237065,-0.10328333596407546,1.325627396025289,-0.3235530083908903,Daily
2015-11-16,1.06999933719635,0.8871793773744787,88717.93773744786,-0.010635786133961878,-0.010635786133961878,-0.11282062262552128,1.325627396025289,-0.33074755392460664,Daily
2015-11-17,1.068798542022705,0.8861837499217551,88618.37499217551,-0.001122239175205042,-0.001122239175205042,-0.11381625007824492,1.325627396025289,-0.3314986152376943,Daily
2015-11-18,1.064384698867798,0.8825240554846918,88252.40554846918,-0.0041297241541456975,-0.0041297241541456975,-0.11747594451530818,1.325627396025289,-0.33425934155342696,Daily
2015-11-19,1.066996693611145,0.8846897651160452,88468.97651160453,0.002453995013386834,0.002453995013386834,-0.11531023488395475,1.325627396025289,-0.33262561729739015,Daily
2015-11-20,1.0726161003112793,0.8893490406540115,88934.90406540115,0.00526656430500827,0.00526656430500827,-0.11065095934598845,1.325627396025289,-0.32911084719537176,Daily
2015-11-23,1.0641014575958252,0.882289208782848,88228.9208782848,-0.007938201480457985,-0.007938201480457985,-0.117710791217152,1.325627396025289,-0.3344365004613886,Daily
2015-11-24,1.0642033815383911,0.8823737180126779,88237.3718012678,9.578404562660126e-05,9.578404562660126e-05,-0.11762628198732206,1.325627396025289,-0.33437275009678136,Daily
2015-11-25,1.064384698867798,0.8825240554846918,88252.40554846918,0.00017037845636713733,0.00017037845636713733,-0.11747594451530818,1.325627396025289,-0.33425934155342696,Daily
2015-11-26,1.0624960660934448,0.8809581142821205,88095.81142821205,-0.0017743892564053843,-0.0017743892564053843,-0.11904188571787955,1.325627396025289,-0.33544062462532687,Daily
2015-11-27,1.0604453086853027,0.879257749041457,87925.7749041457,-0.0019301317657411943,-0.0019301317657411943,-0.12074225095854296,1.325627396025289,-0.3367233117859587,Daily
2015-11-30,1.05830180644989,0.8774804853437081,87748.04853437081,-0.002021322757389865,-0.002021322757389865,-0.12251951465629185,1.325627396025289,-0.3380640080502919,Daily
2015-12-01,1.0572947263717651,0.8766454748482644,87664.54748482644,-0.0009516000747489262,-0.0009516000747489262,-0.12335452515173562,1.325627396025289,-0.3386939063897102,Daily
2015-12-02,1.0625863075256348,0.8810329370739116,88103.29370739116,0.00500483074575464,0.00500483074575464,-0.11896706292608838,1.325627396025289,-0.33538418132005454,Daily
2015-12-03,1.0613007545471191,0.879967033524803,87996.7033524803,-0.0012098339395217872,-0.0012098339395217872,-0.12003296647519701,1.325627396025289,-0.33618825609423664,Daily
2015-12-04,1.0915957689285278,0.9050858453428302,90508.58453428301,0.028545173695213366,0.028545173695213366,-0.09491415465716979,1.325627396025289,-0.3172396345635241,Daily
2015-12-07,1.0883997678756714,0.9024359126507309,90243.59126507309,-0.0029278246983253098,-0.0029278246983253098,-0.09756408734926914,1.325627396025289,-0.31923863722448664,Daily
2015-12-08,1.0834001302719116,0.8982905125348543,89829.05125348542,-0.004593567319035707,-0.004593567319035707,-0.10170948746514574,1.325627396025289,-0.32236576037259446,Daily
2015-12-09,1.0893957614898682,0.9032617309141583,90326.17309141583,0.005534087591859249,0.005534087591859249,-0.09673826908584171,1.325627396025289,-0.3186156731352534,Daily
2015-12-10,1.1017948389053345,0.9135423034332913,91354.23034332914,0.011381609745304333,0.011381609745304333,-0.08645769656670865,1.325627396025289,-0.310860422640312,Daily
2015-12-11,1.0948106050491333,0.9077513949452375,90775.13949452376,-0.00633896040313664,-0.00633896040313664,-0.09224860505476251,1.325627396025289,-0.31522885113342936,Daily
2015-12-14,1.0983941555023191,0.9107226603931001,91072.26603931001,0.003273214962166815,0.003273214962166815,-0.08927733960689987,1.325627396025289,-0.312987447963299,Daily
2015-12-15,1.0992997884750366,0.9114735570235323,91147.35570235323,0.0008245063652068119,0.0008245063652068119,-0.08852644297646772,1.325627396025289,-0.3124210017411678,Daily
2015-12-16,1.0936251878738403,0.9067685180078918,90676.85180078918,-0.00516201372972902,-0.00516201372972902,-0.09323148199210818,1.325627396025289,-0.3159702939704533,Daily
2015-12-17,1.087453007698059,0.9016509158047534,90165.09158047535,-0.005643780194730885,-0.005643780194730885,-0.09834908419524657,1.325627396025289,-0.31983080727795044,Daily
2015-12-18,1.0844104290008545,0.8991281917428193,89912.81917428193,-0.002797894415359714,-0.002797894415359714,-0.10087180825718067,1.325627396025289,-0.3217338488637672,Daily
2015-12-21,1.0869920253753662,0.9012686968670306,90126.86968670307,0.0023806451002967854,0.0023806451002967854,-0.0987313031329694,1.325627396025289,-0.3201191378743675,Daily
2015-12-22,1.09129798412323,0.9048389400140401,90483.89400140401,0.003961352657004813,0.003961352657004813,-0.09516105998595992,1.325627396025289,-0.3174258900147394,Daily
2015-12-23,1.0950024127960205,0.9079104304432453,90791.04304432453,0.003394516187773089,0.003394516187773089,-0.09208956955675474,1.325627396025289,-0.31510888114903957,Daily
2015-12-24,1.0909169912338257,0.9045230435245232,90452.30435245232,-0.0037309703745427303,-0.0037309703745427303,-0.09547695647547683,1.325627396025289,-0.31766418962325993,Daily
2015-12-25,1.0969964265823364,0.9095637472705764,90956.37472705764,0.00557277537829437,0.00557277537829437,-0.09043625272942357,1.325627396025289,-0.313861685419464,Daily
2015-12-28,1.0965994596481323,0.9092346060596591,90923.46060596591,-0.0003618671169612897,-0.0003618671169612897,-0.09076539394034089,1.325627396025289,-0.3141099763131979,Daily
2015-12-29,1.0975261926651,0.910002997583284,91000.2997583284,0.0008450970943074676,0.0008450970943074676,-0.08999700241671604,1.325627396025289,-0.3135303326471658,Daily
2015-12-30,1.0928006172180176,0.9060848333965061,90608.48333965061,-0.0043056607474737385,-0.0043056607474737385,-0.09391516660349386,1.325627396025289,-0.3164860381482182,Daily
2015-12-31,1.093398094177246,0.9065802255133582,90658.02255133582,0.0005467392219722367,0.0005467392219722367,-0.09341977448664185,1.325627396025289,-0.3161123342565082,Daily
2016-01-01,1.0859060287475586,0.900368253494221,90036.8253494221,-0.0068520930021604975,-0.0068520930021604975,-0.099631746505779,1.325627396025289,-0.3207983961452131,Daily
2016-01-04,1.085399150848389,0.8999479806927737,89994.79806927737,-0.0004667787872532081,-0.0004667787872532081,-0.10005201930722629,1.325627396025289,-0.32111543304616086,Daily
2016-01-05,1.0827549695968628,0.8977555839362104,89775.55839362103,-0.0024361372030365924,-0.0024361372030365924,-0.10224441606378964,1.325627396025289,-0.32276928899628454,Daily
2016-01-06,1.0751993656158447,0.8914909295550856,89149.09295550856,-0.006978129118013876,-0.006978129118013876,-0.10850907044491442,1.325627396025289,-0.3274950923403527,Daily
2016-01-07,1.0778998136520386,0.8937299793601631,89372.99793601631,0.0025115788964840124,0.0025115788964840124,-0.10627002063983693,1.325627396025289,-0.32580604320649276,Daily
2016-01-08,1.0925976037979126,0.9059165068252772,90591.65068252772,0.013635580932217062,0.013635580932217062,-0.09408349317472275,1.325627396025289,-0.3166130169446233,Daily
2016-01-11,1.0941038131713867,0.9071653654438777,90716.53654438777,0.0013785581885210618,0.0013785581885210618,-0.09283463455612229,1.325627396025289,-0.31567092822320353,Daily
2016-01-12,1.0857999324798584,0.9002802848222341,90028.02848222341,-0.007589664336749347,-0.007589664336749347,-0.0997197151777659,1.325627396025289,-0.32086475617386867,Daily
2016-01-13,1.0843987464904783,0.89911850530478,89911.850530478,-0.0012904642443475334,-0.0012904642443475334,-0.10088149469522001,1.325627396025289,-0.3217411559231026,Daily
2016-01-14,1.0886012315750122,0.9026029542863014,90260.29542863014,0.003875405701209811,0.003875405701209811,-0.09739704571369856,1.325627396025289,-0.3191126277318709,Daily
2016-01-15,1.085894227027893,0.9003584682149776,90035.84682149776,-0.0024866815033843803,-0.0024866815033843803,-0.09964153178502244,1.325627396025289,-0.3208057777663781,Daily
2016-01-18,1.0920010805130005,0.9054219054380611,90542.19054380611,0.005623801410034046,0.005623801410034046,-0.09457809456193889,1.325627396025289,-0.3169861243416936,Daily
2016-01-19,1.0895025730133057,0.9033502926333721,90335.0292633372,-0.0022880082669158863,-0.0022880082669158863,-0.09664970736662792,1.325627396025289,-0.31854886573561814,Daily
2016-01-20,1.09129798412323,0.9048389400140401,90483.89400140401,0.0016479181916557728,0.0016479181916557728,-0.09516105998595992,1.325627396025289,-0.3174258900147394,Daily
2016-01-21,1.0877013206481934,0.9018568020336846,90185.68020336845,-0.003295766625946994,-0.003295766625946994,-0.09814319796631543,1.325627396025289,-0.3196754949861643,Daily
2016-01-22,1.0862009525299072,0.9006127866341037,90061.27866341037,-0.001379393487719538,-0.001379393487719538,-0.09938721336589629,1.325627396025289,-0.3206139301779165,Daily
2016-01-25,1.079901933670044,0.8953900173893988,89539.00173893989,-0.005799128462548375,-0.005799128462548375,-0.10460998261060117,1.325627396025289,-0.3245537772724806,Daily
2016-01-26,1.0853049755096436,0.8998698961412346,89986.98961412346,0.00500327082593266,0.00500327082593266,-0.10013010385876542,1.325627396025289,-0.3211743368918216,Daily
2016-01-27,1.086495876312256,0.9008573197739864,90085.73197739864,0.0010972959946611294,0.0010972959946611294,-0.09914268022601358,1.325627396025289,-0.3204294642106198,Daily
2016-01-28,1.090798020362854,0.9044244000024525,90442.44000024525,0.003959650601896625,0.003959650601896625,-0.0955755999975475,1.325627396025289,-0.3177386023295502,Daily
2016-01-29,1.0936970710754397,0.9068281192541933,90682.81192541933,0.0026577337494810838,0.0026577337494810838,-0.09317188074580673,1.325627396025289,-0.31592533318699323,Daily
2016-02-01,1.0825908184051514,0.8976194795976419,89761.94795976419,-0.010154779567405625,-0.010154779567405625,-0.10238052040235812,1.325627396025289,-0.3228719606361258,Daily
2016-02-02,1.0897282361984253,0.903537399033452,90353.7399033452,0.006592904421440116,0.006592904421440116,-0.09646260096654802,1.325627396025289,-0.31840772019152264,Daily
2016-02-03,1.0922038555145264,0.9055900343268809,90559.00343268809,0.0022717767915581,0.0022717767915581,-0.0944099656731191,1.325627396025289,-0.3168592946689486,Daily
2016-02-04,1.1091023683547974,0.919601269267894,91960.1269267894,0.015471940292968833,0.015471940292968833,-0.08039873073210602,1.325627396025289,-0.3062897824643699,Daily
2016-02-05,1.119996428489685,0.9286339715804715,92863.39715804714,0.009822411750006088,0.009822411750006088,-0.07136602841952855,1.325627396025289,-0.2994758750725487,Daily
2016-02-08,1.114504098892212,0.9240800607664804,92408.00607664805,-0.004903881349764272,-0.004903881349764272,-0.07591993923351958,1.325627396025289,-0.3029111622638404,Daily
2016-02-09,1.1189812421798706,0.9277922398831228,92779.22398831228,0.004017161796092905,0.004017161796092905,-0.07220776011687724,1.325627396025289,-0.30011084361640383,Daily
2016-02-10,1.1289994716644287,0.9360987558663881,93609.87558663881,0.008952991441609548,0.008952991441609548,-0.06390124413361187,1.325627396025289,-0.29384474198922617,Daily
2016-02-11,1.128095269203186,0.93534904533041,93534.904533041,-0.000800888294402502,-0.000800888294402502,-0.06465095466959003,1.325627396025289,-0.29441029346939784,Daily
2016-02-12,1.1317979097366333,0.9384190531415479,93841.90531415479,0.003282205532217697,0.003282205532217697,-0.06158094685845206,1.325627396025289,-0.2920944030311472,Daily
2016-02-15,1.1225990056991575,0.930791872756671,93079.1872756671,-0.008127691311619722,-0.008127691311619722,-0.06920812724332903,1.325627396025289,-0.297848041201078,Daily
2016-02-16,1.1174057722091677,0.9264859545247198,92648.59545247199,-0.004626080607256,-0.004626080607256,-0.07351404547528018,1.325627396025289,-0.3010962527610245,Daily
2016-02-17,1.1147029399871826,0.9242449278955526,92424.49278955525,-0.002418845766870681,-0.002418845766870681,-0.07575507210444743,1.325627396025289,-0.3027867931314835,Daily
2016-02-18,1.112297534942627,0.922250510071562,92225.0510071562,-0.0021578888493678505,-0.0021578888493678505,-0.077749489928438,1.325627396025289,-0.3042913017362171,Daily
2016-02-19,1.1110987663269043,0.9212565629193147,92125.65629193147,-0.0010777409623445866,-0.0010777409623445866,-0.07874343708068532,1.325627396025289,-0.30504109549819536,Daily
2016-02-22,1.1123965978622437,0.9223326471124846,92233.26471124847,0.001168061359324346,0.001168061359324346,-0.07766735288751536,1.325627396025289,-0.30422934085552844,Daily
2016-02-23,1.102803349494934,0.9143785000231892,91437.85000231893,-0.00862394615890183,-0.00862394615890183,-0.08562149997681079,1.325627396025289,-0.31022962955893396,Daily
2016-02-24,1.1027060747146606,0.9142978456003339,91429.78456003338,-8.820682338139818e-05,-8.820682338139818e-05,-0.08570215439966611,1.325627396025289,-0.3102904720121732,Daily
2016-02-25,1.1013944149017334,0.9132102958274442,91321.02958274442,-0.001189491781177332,-0.001189491781177332,-0.08678970417255583,1.325627396025289,-0.3111108758271145,Daily
2016-02-26,1.1024993658065796,0.9141264549517661,91412.64549517662,0.0010032290793346998,0.0010032290793346998,-0.08587354504823386,1.325627396025289,-0.31041976222530676,Daily
2016-02-29,1.0923947095870972,0.9057482790952529,90574.8279095253,-0.009165226332887744,-0.009165226332887744,-0.0942517209047471,1.325627396025289,-0.31673992117919836,Daily
2016-03-01,1.0888975858688354,0.9028486735206378,90284.86735206378,-0.0032013371060571894,-0.0032013371060571894,-0.0971513264793622,1.325627396025289,-0.318927267022615,Daily
2016-03-02,1.0875948667526243,0.9017685368380841,90176.85368380841,-0.0011963651431659006,-0.0011963651431659006,-0.09823146316191589,1.325627396025289,-0.3197420787003099,Daily
2016-03-03,1.086897373199463,0.9011902169506738,90119.02169506738,-0.0006413174376632691,-0.0006413174376632691,-0.0988097830493262,1.325627396025289,-0.3201783399673479,Daily
2016-03-04,1.094894528388977,0.9078209791531912,90782.09791531911,0.0073577831603117705,0.0073577831603117705,-0.09217902084680885,1.325627396025289,-0.31517635960514445,Daily
2016-03-07,1.0993964672088623,0.9115537172403652,91155.37172403652,0.004111755701719844,0.004111755701719844,-0.08844628275963484,1.325627396025289,-0.31236053209707837,Daily
2016-03-08,1.1016006469726562,0.9133812911111939,91338.12911111939,0.0020048998059725154,0.0020048998059725154,-0.08661870888880607,1.325627396025289,-0.31098188386130077,Daily
2016-03-09,1.1004005670547483,0.9123862567056971,91238.6256705697,-0.0010893965260513339,-0.0010893965260513339,-0.08761374329430294,1.325627396025289,-0.3117324978034087,Daily
2016-03-10,1.0989010334014893,0.9111429331945478,91114.29331945478,-0.0013627161764124818,-0.0013627161764124818,-0.08885706680545225,1.325627396025289,-0.31267041106235105,Daily
2016-03-11,1.1178430318832395,0.9268485040627508,92684.85040627507,0.01723721964581104,0.01723721964581104,-0.07315149593724923,1.325627396025289,-0.30082275996876773,Daily
2016-03-14,1.1167943477630615,0.9259789979869434,92597.89979869434,-0.000938131821970889,-0.000938131821970889,-0.07402100201305661,1.325627396025289,-0.3014786803868389,Daily
2016-03-15,1.1101982593536377,0.9205099164606754,92050.99164606753,-0.0059062695138417665,-0.0059062695138417665,-0.07949008353932463,1.325627396025289,-0.3056043355616386,Daily
2016-03-16,1.1109012365341189,0.9210927830434921,92109.27830434921,0.0006331996781281379,0.0006331996781281379,-0.07890721695650793,1.325627396025289,-0.3051646444504226,Daily
2016-03-17,1.1218937635421753,0.9302071281909695,93020.71281909695,0.00989514337237729,0.00989514337237729,-0.06979287180903049,1.325627396025289,-0.2982891489870627,Daily
2016-03-18,1.1317979097366333,0.9384190531415479,93841.90531415479,0.008828060656284942,0.008828060656284942,-0.06158094685845206,1.325627396025289,-0.2920944030311472,Daily
2016-03-21,1.1279042959213257,0.9351907017208335,93519.07017208335,-0.003440202338077958,-0.003440202338077958,-0.06480929827916648,1.325627396025289,-0.2945297415209779,Daily
2016-03-22,1.1235954761505127,0.9316180863849166,93161.80863849167,-0.003820199804535074,-0.003820199804535074,-0.06838191361508339,1.325627396025289,-0.2972247788645248,Daily
2016-03-23,1.122296690940857,0.9305412114621108,93054.12114621108,-0.0011559188669088005,-0.0011559188669088005,-0.06945878853788923,1.325627396025289,-0.2980371300018313,Daily
2016-03-24,1.118105411529541,0.9270660535538107,92706.60535538106,-0.003734555617198043,-0.003734555617198043,-0.07293394644618933,1.325627396025289,-0.30065864938104747,Daily
2016-03-25,1.1167943477630615,0.9259789979869434,92597.89979869434,-0.001172576174804596,-0.001172576174804596,-0.07402100201305661,1.325627396025289,-0.3014786803868389,Daily
2016-03-28,1.1159967184066772,0.9253176514877701,92531.765148777,-0.0007142132819545344,-0.0007142132819545344,-0.07468234851222988,1.325627396025289,-0.30197757359103505,Daily
2016-03-29,1.1202723979949951,0.9288627889688418,92886.27889688418,0.0038312653772156757,0.0038312653772156757,-0.07113721103115822,1.325627396025289,-0.29930326443621424,Daily
2016-03-30,1.12920343875885,0.9362678731672529,93626.78731672528,0.007972204599380861,0.007972204599380861,-0.0637321268327471,1.325627396025289,-0.2937171666981815,Daily
2016-03-31,1.1334655284881592,0.9398017427510138,93980.17427510138,0.0037744214930779396,0.0037744214930779396,-0.0601982572489862,1.325627396025289,-0.2910513575919751,Daily
2016-04-01,1.1379671096801758,0.9435341843145744,94353.41843145744,0.003971520155554131,0.003971520155554131,-0.056465815685425635,1.325627396025289,-0.2882357537693988,Daily
2016-04-04,1.1390039920806885,0.9443939051111384,94439.39051111384,0.0009111707989557516,0.0009111707989557516,-0.05560609488886159,1.325627396025289,-0.28758721497249273,Daily
2016-04-05,1.1389002799987793,0.9443079132632411,94430.79132632412,-9.10550644512842e-05,-9.10550644512842e-05,-0.05569208673675885,1.325627396025289,-0.2876520837645493,Daily
2016-04-06,1.138200283050537,0.9437275177105366,94372.75177105366,-0.0006146253192974571,-0.0006146253192974571,-0.056272482289463355,1.325627396025289,-0.28808991083001634,Daily
2016-04-07,1.1404979228973389,0.9456325830856773,94563.25830856773,0.0020186604071505965,0.0020186604071505965,-0.054367416914322675,1.325627396025289,-0.2866528061195579,Daily
2016-04-08,1.1373976469039917,0.9430620198807751,94306.2019880775,-0.002718353037830301,-0.002718353037830301,-0.05693798011922491,1.325627396025289,-0.28859193563107055,Daily
2016-04-11,1.1403028964996338,0.9454708788751487,94547.08788751486,0.0025542954159878395,0.0025542954159878395,-0.05452912112485131,1.325627396025289,-0.2867747892733563,Daily
2016-04-12,1.141291856765747,0.946290865507512,94629.08655075119,0.0008672785705878816,0.0008672785705878816,-0.05370913449248804,1.325627396025289,-0.2861562243320901,Daily
2016-04-13,1.138498306274414,0.9439746207217357,94397.46207217357,-0.0024477091243336746,-0.0024477091243336746,-0.05602537927826434,1.325627396025289,-0.28790350625514116,Daily
2016-04-14,1.1279042959213257,0.9351907017208335,93519.07017208335,-0.00930524911166175,-0.00930524911166175,-0.06480929827916648,1.325627396025289,-0.2945297415209779,Daily
2016-04-15,1.1270017623901367,0.9344423749617181,93444.23749617182,-0.0008001862697505358,-0.0008001862697505358,-0.06555762503828189,1.325627396025289,-0.2950942491355302,Daily
2016-04-18,1.1299946308135986,0.9369238822413842,93692.38822413843,0.002655602256659062,0.002655602256659062,-0.06307611775861577,1.325627396025289,-0.2932222998328027,Daily
2016-04-19,1.1309019327163696,0.9376761626486788,93767.61626486789,0.0008029258529465011,0.0008029258529465011,-0.06232383735132119,1.325627396025289,-0.2926548097450523,Daily
2016-04-20,1.1359634399414062,0.9418728613496804,94187.28613496805,0.004475637611547123,0.004475637611547123,-0.0581271386503196,1.325627396025289,-0.2894889890072003,Daily
2016-04-21,1.1305055618286133,0.9373475156437842,93734.75156437841,-0.004804624797673407,-0.004804624797673407,-0.06265248435621584,1.325627396025289,-0.29290272782963633,Daily
2016-04-22,1.12920343875885,0.9362678731672529,93626.78731672528,-0.00115180598285336,-0.00115180598285336,-0.0637321268327471,1.325627396025289,-0.2937171666981815,Daily
2016-04-25,1.123406171798706,0.9314611265522028,93146.11265522028,-0.005133943770589511,-0.005133943770589511,-0.06853887344779719,1.325627396025289,-0.2973431830504857,Daily
2016-04-26,1.1269001960754397,0.9343581622555016,93435.81622555017,0.0031102056980329973,0.0031102056980329973,-0.06564183774449839,1.325627396025289,-0.29515777581464764,Daily
2016-04-27,1.1299052238464355,0.9368497513380245,93684.97513380245,0.002666631687048504,0.002666631687048504,-0.0631502486619755,1.325627396025289,-0.29327822120526525,Daily
2016-04-28,1.132900595664978,0.9393333342829847,93933.33342829847,0.0026509938668533017,0.0026509938668533017,-0.06066666571701529,1.325627396025289,-0.2914047061041086,Daily
2016-04-29,1.135589361190796,0.9415626976500232,94156.26976500232,0.0023733463784081366,0.0023733463784081366,-0.058437302349976794,1.325627396025289,-0.28972296402958386,Daily
2016-05-02,1.146302580833435,0.9504454578554051,95044.54578554051,0.00943406129783142,0.00943406129783142,-0.04955454214459487,1.325627396025289,-0.2830221669337969,Daily
2016-05-03,1.1524986028671265,0.9555828282994395,95558.28282994396,0.0054052238364381555,0.0054052238364381555,-0.044417171700560476,1.325627396025289,-0.2791467412603097,Daily
2016-05-04,1.1504037380218506,0.9538458918131185,95384.58918131185,-0.0018176723512414172,-0.0018176723512414172,-0.04615410818688148,1.325627396025289,-0.2804570162980231,Daily
2016-05-05,1.1493064165115356,0.9529360585258834,95293.60585258834,-0.0009538577405892035,-0.0009538577405892035,-0.04706394147411663,1.325627396025289,-0.28114335794271383,Daily
2016-05-06,1.1406019926071167,0.9457188714571881,94571.8871457188,-0.007573632043958556,-0.007573632043958556,-0.05428112854281186,1.325627396025289,-0.2865877136420114,Daily
2016-05-09,1.13879656791687,0.9442219214153436,94422.19214153435,-0.0015828700124573825,-0.0015828700124573825,-0.05577807858465644,1.325627396025289,-0.2877169525566061,Daily
2016-05-10,1.13879656791687,0.9442219214153436,94422.19214153435,0.0,0.0,-0.05577807858465644,1.325627396025289,-0.2877169525566061,Daily
2016-05-11,1.1374363899230957,0.943094143272231,94309.4143272231,-0.0011943994494664212,-0.0011943994494664212,-0.056905856727769044,1.325627396025289,-0.2885677030363367,Daily
2016-05-12,1.142700433731079,0.9474587731796434,94745.87731796435,0.004627989621766249,0.004627989621766249,-0.05254122682035656,1.325627396025289,-0.2852752017493996,Daily
2016-05-13,1.1376951932907104,0.9433087275271563,94330.87275271563,-0.004380185998552388,-0.004380185998552388,-0.05669127247284367,1.325627396025289,-0.288405829303515,Daily
2016-05-16,1.1316953897476196,0.9383340497056954,93833.40497056955,-0.00527364761534832,-0.00527364761534832,-0.06166595029430455,1.325627396025289,-0.29215852620490435,Daily
2016-05-17,1.1316057443618774,0.9382597211199267,93825.97211199267,-7.921335242178085e-05,-7.921335242178085e-05,-0.061740278880073274,1.325627396025289,-0.2922145967010268,Daily
2016-05-18,1.1316057443618774,0.9382597211199267,93825.97211199267,0.0,0.0,-0.061740278880073274,1.325627396025289,-0.2922145967010268,Daily
2016-05-19,1.122296690940857,0.9305412114621108,93054.12114621108,-0.008226410538654472,-0.008226410538654472,-0.06945878853788923,1.325627396025289,-0.2980371300018313,Daily
2016-05-20,1.1205987930297852,0.9291334161867071,92913.3416186707,-0.0015128779446443863,-0.0015128779446443863,-0.07086658381329292,1.325627396025289,-0.2990991141458108,Daily
2016-05-23,1.1221708059310913,0.9304368351501803,93043.68351501803,0.0014028329417130614,0.0014028329417130614,-0.06956316484981973,1.325627396025289,-0.29811586729425865,Daily
2016-05-24,1.121604323387146,0.929967141746493,92996.7141746493,-0.000504809553903196,-0.000504809553903196,-0.07003285825350702,1.325627396025289,-0.29847018511018153,Daily
2016-05-25,1.113796591758728,0.9234934382178938,92349.34382178937,-0.006961217486073257,-0.006961217486073257,-0.07650656178210624,1.325627396025289,-0.3033536867245943,Daily
2016-05-26,1.1158970594406128,0.9252350202408252,92523.50202408251,0.0018858629101818902,0.0018858629101818902,-0.07476497975917484,1.325627396025289,-0.30203990728087327,Daily
2016-05-27,1.1192066669464111,0.9279791486007937,92797.91486007937,0.002965871697392375,0.002965871697392375,-0.07202085139920633,1.325627396025289,-0.2999698471959683,Daily
2016-05-30,1.1110000610351562,0.9211747224020056,92117.47224020056,-0.007332520573385515,-0.007332520573385515,-0.0788252775979944,1.325627396025289,-0.305102832693394,Daily
2016-05-31,1.1148396730422974,0.9243582987570906,92435.82987570907,0.0034559962162050706,0.0034559962162050706,-0.07564170124290936,1.325627396025289,-0.30270127071253083,Daily
2016-06-01,1.113598108291626,0.9233288676124352,92332.88676124351,-0.0011136711230262941,-0.0011136711230262941,-0.07667113238756484,1.325627396025289,-0.3034778321714612,Daily
2016-06-02,1.1189061403274536,0.9277299699243006,92772.99699243005,0.004766559853420338,0.004766559853420338,-0.07227003007569943,1.325627396025289,-0.3001578175692724,Daily
2016-06-03,1.115200161933899,0.9246571945594372,92465.71945594372,-0.0033121441200332224,-0.0033121441200332224,-0.07534280544056282,1.325627396025289,-0.3024757957387616,Daily
2016-06-06,1.1350995302200315,0.9411565591408162,94115.65591408162,0.01784376380615349,0.01784376380615349,-0.058843440859183804,1.325627396025289,-0.29002933858884894,Daily
2016-06-07,1.1364023685455322,0.9422367946645744,94223.67946645744,0.001147774526210954,0.001147774526210954,-0.05776320533542556,1.325627396025289,-0.2892144523493241,Daily
2016-06-08,1.1357828378677368,0.9417231169248937,94172.31169248937,-0.0005451684147651514,-0.0005451684147651514,-0.058276883075106256,1.325627396025289,-0.2896019501795748,Daily
2016-06-09,1.140706181526184,0.9458052586699034,94580.52586699034,0.004334757925811061,0.004334757925811061,-0.05419474133009661,1.325627396025289,-0.286522546602635,Daily
2016-06-10,1.131503343582153,0.9381748165252786,93817.48165252786,-0.008067667286345559,-0.008067667286345559,-0.061825183474721435,1.325627396025289,-0.2922786453129541,Daily
2016-06-13,1.1239995956420898,0.9319531580681025,93195.31580681025,-0.00663166218873712,-0.00663166218873712,-0.06804684193189747,1.325627396025289,-0.29697201426099396,Daily
2016-06-14,1.1291015148162842,0.9361833639374227,93618.33639374227,0.004539075631321721,0.004539075631321721,-0.06381663606257726,1.325627396025289,-0.29378091706278886,Daily
2016-06-15,1.1213024854660034,0.9297168758167506,92971.68758167505,-0.0069072880054984465,-0.0069072880054984465,-0.07028312418324945,1.325627396025289,-0.2986589756636152,Daily
2016-06-16,1.1262656450271606,0.9338320305240563,93383.20305240563,0.004426245036899701,0.004426245036899701,-0.06616796947594372,1.325627396025289,-0.2955546684354722,Daily
2016-06-17,1.1252011060714722,0.932949378568053,93294.9378568053,-0.0009451934899983305,-0.0009451934899983305,-0.06705062143194696,1.325627396025289,-0.2962205055769267,Daily
2016-06-20,1.13490629196167,0.9409963375483549,94099.6337548355,0.00862529003733603,0.00862529003733603,-0.05900366245164512,1.325627396025289,-0.2901502033151979,Daily
2016-06-21,1.1322976350784302,0.9388333954707266,93883.33954707267,-0.0022985658831186084,-0.0022985658831186084,-0.06116660452927336,1.325627396025289,-0.2917818398399964,Daily
2016-06-22,1.1250618696212769,0.9328339320412208,93283.39320412208,-0.006390338752806923,-0.006390338752806923,-0.06716606795877922,1.325627396025289,-0.2963075937943084,Daily
2016-06-23,1.1328235864639282,0.9392694828648909,93926.94828648909,0.0068989244522739135,0.0068989244522739135,-0.06073051713510913,1.325627396025289,-0.29145287304625644,Daily
2016-06-24,1.1324002742767334,0.9389184977477837,93891.84977477837,-0.00037367882541716746,-0.00037367882541716746,-0.06108150225221631,1.325627396025289,-0.2917176421044092,Daily
2016-06-27,1.103594422340393,0.9150344102561161,91503.44102561161,-0.025437870857757283,-0.025437870857757283,-0.08496558974388391,1.325627396025289,-0.3097348372553851,Daily
2016-06-28,1.1015034914016724,0.913300735529543,91330.0735529543,-0.0018946552251382087,-0.0018946552251382087,-0.08669926447045695,1.325627396025289,-0.31104265175271006,Daily
2016-06-29,1.1073951721191406,0.9181857643785409,91818.57643785409,0.005348762635305926,0.005348762635305926,-0.08181423562145906,1.325627396025289,-0.30735758243108546,Daily
2016-06-30,1.1128050088882446,0.922671277079032,92267.1277079032,0.004885190856261046,0.004885190856261046,-0.07732872292096804,1.325627396025289,-0.30397389202611935,Daily
2016-07-01,1.1106051206588743,0.9208472614915643,92084.72614915643,-0.001976885628478753,-0.001976885628478753,-0.07915273850843574,1.325627396025289,-0.30534985603601894,Daily
2016-07-04,1.1131023168563845,0.9229177870430044,92291.77870430044,0.002248500525577235,0.002248500525577235,-0.07708221295699558,1.325627396025289,-0.30378793482222366,Daily
2016-07-05,1.1146035194396973,0.9241624943310164,92416.24943310164,0.0013486654017147437,0.0013486654017147437,-0.07583750566898362,1.325627396025289,-0.30284897769766206,Daily
2016-07-06,1.1065007448196411,0.91744415882133,91744.415882133,-0.0072696474385163246,-0.0072696474385163246,-0.08255584117866999,1.325627396025289,-0.30791701984120134,Daily
2016-07-07,1.1099025011062622,0.9202646914323614,92026.46914323614,0.0030743370960637506,0.0030743370960637506,-0.07973530856763855,1.325627396025289,-0.3057893234617447,Daily
2016-07-08,1.1065741777420044,0.9175050450032894,91750.50450032894,-0.0029987529183334027,-0.0029987529183334027,-0.08249495499671056,1.325627396025289,-0.30787108975395205,Daily
2016-07-11,1.1043988466262815,0.9157013907039446,91570.13907039446,-0.0019658249392386917,-0.0019658249392386917,-0.08429860929605537,1.325627396025289,-0.3092316940268819,Daily
2016-07-12,1.1058032512664795,0.9168658389339196,91686.58389339196,0.001271646239479729,0.001271646239479729,-0.0831341610660804,1.325627396025289,-0.30835328110823934,Daily
2016-07-13,1.1062926054000854,0.9172715820783086,91727.15820783086,0.0004425327317907346,0.0004425327317907346,-0.08272841792169139,1.325627396025289,-0.3080472047962941,Daily
2016-07-14,1.1094961166381836,0.9199277417662903,91992.77417662903,0.002895717843960144,0.002895717843960144,-0.08007225823370967,1.325627396025289,-0.3060435047400447,Daily
2016-07-15,1.1106051206588743,0.9208472614915643,92084.72614915643,0.000999556468977092,0.000999556468977092,-0.07915273850843574,1.325627396025289,-0.30534985603601894,Daily
2016-07-18,1.1053143739700315,0.9164604911543485,91646.04911543484,-0.004763841432411042,-0.004763841432411042,-0.08353950884565153,1.325627396025289,-0.30865905917286485,Daily
2016-07-19,1.1071866750717163,0.918012891111906,91801.28911119059,0.0016939082181297582,0.0016939082181297582,-0.08198710888809402,1.325627396025289,-0.30748799107166824,Daily
2016-07-20,1.1013579368591309,0.9131800504188735,91318.00504188736,-0.005264458418638207,-0.005264458418638207,-0.08681994958112649,1.325627396025289,-0.31113369174707906,Daily
2016-07-21,1.1019526720046997,0.9136731691880224,91367.31691880224,0.0005400016885199754,0.0005400016885199754,-0.08632683081197756,1.325627396025289,-0.31076170277745807,Daily
2016-07-22,1.1032899618148804,0.9147819698198751,91478.19698198751,0.0012135637438472902,0.0012135637438472902,-0.08521803018012486,1.325627396025289,-0.3099252681690776,Daily
2016-07-25,1.097044587135315,0.9096036791171862,90960.36791171863,-0.005660682953456786,-0.005660682953456786,-0.0903963208828138,1.325627396025289,-0.3138315624401642,Daily
2016-07-26,1.09911847114563,0.9113232195515188,91132.32195515189,0.0018904281873635131,0.0018904281873635131,-0.08867678044848115,1.325627396025289,-0.3125344102845219,Daily
2016-07-27,1.098780393600464,0.9110429058956147,91104.29058956147,-0.00030758972216482494,-0.00030758972216482494,-0.08895709410438535,1.325627396025289,-0.3127458676342604,Daily
2016-07-28,1.1073460578918457,0.9181450418022953,91814.50418022953,0.007795610789262275,0.007795610789262275,-0.08185495819770472,1.325627396025289,-0.307388301905025,Daily
2016-07-29,1.108438491821289,0.9190508226001468,91905.08226001468,0.0009865334523546654,0.0009865334523546654,-0.08094917739985319,1.325627396025289,-0.30670501729536215,Daily
2016-08-01,1.1168068647384644,0.9259893763134139,92598.9376313414,0.007549695340717699,0.007549695340717699,-0.07401062368658606,1.325627396025289,-0.301470851394694,Daily
2016-08-02,1.1168068647384644,0.9259893763134139,92598.9376313414,0.0,0.0,-0.07401062368658606,1.325627396025289,-0.301470851394694,Daily
2016-08-03,1.121906280517578,0.9302175065174397,93021.75065174398,0.004566067724080192,0.004566067724080192,-0.06978249348256027,1.325627396025289,-0.298281319994918,Daily
2016-08-04,1.1151504516601562,0.9246159777771691,92461.5977777169,-0.006021740830530864,-0.006021740830530864,-0.07538402222283092,1.325627396025289,-0.3025068880218509,Daily
2016-08-05,1.1134741306304932,0.9232260727597762,92322.60727597761,-0.0015032240960558552,-0.0015032240960558552,-0.0767739272402238,1.325627396025289,-0.3035553764746094,Daily
2016-08-08,1.1089547872543335,0.9194789038567482,91947.89038567482,-0.004058777165842686,-0.004058777165842686,-0.08052109614325176,1.325627396025289,-0.3063820900098482,Daily
2016-08-09,1.108364820480347,0.9189897387357786,91898.97387357787,-0.000532002549398225,-0.000532002549398225,-0.0810102612642214,1.325627396025289,-0.3067510965062711,Daily
2016-08-10,1.111580491065979,0.921655980226617,92165.5980226617,0.002901274495737294,0.002901274495737294,-0.07834401977338301,1.325627396025289,-0.3047397911433669,Daily
2016-08-11,1.1186434030532837,0.9275121239096273,92751.21239096274,0.006353936619138967,0.006353936619138967,-0.07248787609037266,1.325627396025289,-0.30032215184248257,Daily
2016-08-12,1.113908290863037,0.923586052426491,92358.60524264911,-0.004232905836947132,-0.004232905836947132,-0.07641394757350894,1.325627396025289,-0.3032838222899311,Daily
2016-08-15,1.1166945695877075,0.9258962678987941,92589.6267898794,0.0025013537896478866,0.0025013537896478866,-0.07410373210120591,1.325627396025289,-0.3015410886385069,Daily
2016-08-16,1.11840558052063,0.9273149357066905,92731.49357066906,0.0015322103102499707,0.0015322103102499707,-0.07268506429330945,1.325627396025289,-0.30047090269323296,Daily
2016-08-17,1.1275991201400757,0.9349376682373657,93493.76682373657,0.008220219730275424,0.008220219730275424,-0.06506233176263432,1.325627396025289,-0.2947206198056501,Daily
2016-08-18,1.1298924684524536,0.9368391753291452,93683.91753291452,0.002033833009813746,0.002033833009813746,-0.06316082467085482,1.325627396025289,-0.2932861993210699,Daily
2016-08-19,1.1349449157714844,0.9410283620986063,94102.83620986063,0.004471617839838293,0.004471617839838293,-0.0589716379013937,1.325627396025289,-0.29012604528229413,Daily
2016-08-22,1.1298158168792725,0.9367756204346648,93677.56204346647,-0.004519249190808039,-0.004519249190808039,-0.06322437956533522,1.325627396025289,-0.29333414257772783,Daily
2016-08-23,1.1319260597229004,0.9385253074363635,93852.53074363635,0.0018677759791474458,0.0018677759791474458,-0.06147469256363647,1.325627396025289,-0.2920142490639509,Daily
2016-08-24,1.1300839185714722,0.9369979143035395,93699.79143035396,-0.0016274394741642162,-0.0016274394741642162,-0.06300208569646049,1.325627396025289,-0.29316645302217004,Daily
2016-08-25,1.1263798475265503,0.9339267203979478,93392.67203979478,-0.0032776955622942916,-0.0032776955622942916,-0.06607327960205223,1.325627396025289,-0.29548323820238,Daily
2016-08-26,1.1290504932403564,0.9361410599019053,93614.10599019054,0.002370999196825707,0.002370999196825707,-0.06385894009809467,1.325627396025289,-0.2938128295260076,Daily
2016-08-29,1.1199462413787842,0.9285923594333855,92859.23594333854,-0.00806363569749935,-0.00806363569749935,-0.07140764056661453,1.325627396025289,-0.2995072656029577,Daily
2016-08-30,1.1192818880081177,0.9280415174008204,92804.15174008204,-0.0005932011253044767,-0.0005932011253044767,-0.07195848259917959,1.325627396025289,-0.2999227986812697,Daily
2016-08-31,1.1153244972229004,0.9247602859357095,92476.02859357094,-0.003535651588412514,-0.003535651588412514,-0.07523971406429053,1.325627396025289,-0.3023980277501236,Daily
2016-09-01,1.116071343421936,0.9253795260817744,92537.95260817744,0.0006696223394135892,0.0006696223394135892,-0.07462047391822557,1.325627396025289,-0.3019308978854862,Daily
2016-09-02,1.1200717687606812,0.9286964392217025,92869.64392217025,0.0035843813769822486,0.0035843813769822486,-0.07130356077829747,1.325627396025289,-0.29942875199602026,Daily
2016-09-05,1.1161960363388062,0.9254829139816602,92548.29139816601,-0.003460253646213496,-0.003460253646213496,-0.07451708601833984,1.325627396025289,-0.3018529062113584,Daily
2016-09-06,1.1153244972229004,0.9247602859357095,92476.02859357094,-0.0007808118713308332,-0.0007808118713308332,-0.07523971406429053,1.325627396025289,-0.3023980277501236,Daily
2016-09-07,1.1253657341003418,0.9330858782714393,93308.58782714393,0.009002973486589294,0.009002973486589294,-0.0669141217285607,1.325627396025289,-0.2961175356897656,Daily
2016-09-08,1.1241008043289185,0.9320370742507058,93203.70742507058,-0.0011240166046413425,-0.0011240166046413425,-0.06796292574929419,1.325627396025289,-0.2969087112673663,Daily
2016-09-09,1.1271415948867798,0.9345583156945727,93455.83156945727,0.0027050870759555146,0.0027050870759555146,-0.0654416843054273,1.325627396025289,-0.2950067881089987,Daily
2016-09-12,1.1241133213043213,0.9320474525771761,93204.74525771762,-0.002686684260607586,-0.002686684260607586,-0.06795254742282386,1.325627396025289,-0.2969008822752215,Daily
2016-09-13,1.124353528022766,0.9322466176042025,93224.66176042025,0.00021368550117872864,0.00021368550117872864,-0.06775338239579753,1.325627396025289,-0.2967506401878721,Daily
2016-09-14,1.12186861038208,0.9301862726968244,93018.62726968245,-0.002210085688133634,-0.002210085688133634,-0.06981372730317559,1.325627396025289,-0.29830488153318213,Daily
2016-09-15,1.1247328519821167,0.932561130316857,93256.1130316857,0.0025530989757001077,0.0025530989757001077,-0.06743886968314305,1.325627396025289,-0.2965133844449708,Daily
2016-09-16,1.124593734741211,0.9324457826312291,93244.57826312291,-0.00012368914152427468,-0.00012368914152427468,-0.06755421736877087,1.325627396025289,-0.2966003981005225,Daily
2016-09-19,1.11584734916687,0.925193803458557,92519.3803458557,-0.007777373556463685,-0.007777373556463685,-0.07480619654144305,1.325627396025289,-0.30207099956396266,Daily
2016-09-20,1.118067979812622,0.9270350174156041,92703.50174156041,0.0019900846181246656,0.0019900846181246656,-0.07296498258439588,1.325627396025289,-0.3006820617956517,Daily
2016-09-21,1.1153992414474487,0.9248222593709181,92482.22593709182,-0.002386919591079506,-0.002386919591079506,-0.07517774062908189,1.325627396025289,-0.30235127748274493,Daily
2016-09-22,1.1193194389343262,0.9280726523802315,92807.26523802314,0.003514613728614613,0.003514613728614613,-0.07192734761976849,1.325627396025289,-0.2998993117048354,Daily
2016-09-23,1.1210134029388428,0.9294771858958873,92947.71858958874,0.0015133874616966025,0.0015133874616966025,-0.07052281410411265,1.325627396025289,-0.29883978810124423,Daily
2016-09-26,1.123923897743225,0.931890393903258,93189.0393903258,0.0025963068744334628,0.0025963068744334628,-0.06810960609674199,1.325627396025289,-0.2970193610230122,Daily
2016-09-27,1.124985933303833,0.9327709701939673,93277.09701939672,0.0009449354736033033,0.0009449354736033033,-0.06722902980603274,1.325627396025289,-0.2963550896799866,Daily
2016-09-28,1.121956706047058,0.9302593163469348,93025.93163469348,-0.0026926801190115812,-0.0026926801190115812,-0.06974068365306518,1.325627396025289,-0.29824978034084904,Daily
2016-09-29,1.1224982738494873,0.9307083519388859,93070.83519388859,0.0004826993764646126,0.0004826993764646126,-0.0692916480611141,1.325627396025289,-0.2979110459473856,Daily
2016-09-30,1.121956706047058,0.9302593163469348,93025.93163469348,-0.00048246649019068055,-0.00048246649019068055,-0.06974068365306518,1.325627396025289,-0.29824978034084904,Daily
2016-10-03,1.1234692335128784,0.9315134135493727,93151.34135493726,0.001348115713973863,0.001348115713973863,-0.06848658645062733,1.325627396025289,-0.29730373984244196,Daily
2016-10-04,1.121038556098938,0.9294980413900326,92949.80413900326,-0.0021635460424137554,-0.0021635460424137554,-0.07050195860996744,1.325627396025289,-0.2988240555551248,Daily
2016-10-05,1.121076226234436,0.9295292752106481,92952.9275210648,3.3602890188833e-05,3.3602890188833e-05,-0.0704707247893519,1.325627396025289,-0.2988004940168606,Daily
2016-10-06,1.120824933052063,0.929320917951605,92932.0917951605,-0.00022415352006621703,-0.00022415352006621703,-0.07067908204839501,1.325627396025289,-0.29895767035439547,Daily
2016-10-07,1.1144545078277588,0.9240389428254169,92403.89428254169,-0.0056836933551766,-0.0056836933551766,-0.07596105717458312,1.325627396025289,-0.30294217998509965,Daily
2016-10-10,1.1196954250335691,0.92838439753916,92838.439753916,0.0047026748682865716,0.0047026748682865716,-0.07161560246083998,1.325627396025289,-0.29966414369317296,Daily
2016-10-11,1.1140819787979126,0.923730064061418,92373.0064061418,-0.005013368912789917,-0.005013368912789917,-0.076269935938582,1.325627396025289,-0.30317518570369373,Daily
2016-10-12,1.1061947345733645,0.917190433449431,91719.0433449431,-0.007079590528031421,-0.007079590528031421,-0.08280956655056904,1.325627396025289,-0.3081084200586831,Daily
2016-10-13,1.1011881828308103,0.9130393005436942,91303.93005436943,-0.004525922593986209,-0.004525922593986209,-0.0869606994563058,1.325627396025289,-0.3112398677929282,Daily
2016-10-14,1.1049723625183103,0.9161769157386962,91617.69157386963,0.003436451413574071,0.003436451413574071,-0.0838230842613038,1.325627396025289,-0.3088729770629919,Daily
2016-10-17,1.0967799425125122,0.9093842516432413,90938.42516432413,-0.007414140193630736,-0.007414140193630736,-0.09061574835675867,1.325627396025289,-0.3139970897026535,Daily
2016-10-18,1.1015641689300537,0.9133510457026232,91335.10457026231,0.0043620659278120755,0.0043620659278120755,-0.08664895429737685,1.325627396025289,-0.31100469978126555,Daily
2016-10-19,1.0976948738098145,0.9101428578876227,91014.28578876227,-0.0035125462768068605,-0.0035125462768068605,-0.08985714211237728,1.325627396025289,-0.31342482765778623,Daily
2016-10-20,1.0975141525268557,0.9099930146216317,90999.30146216317,-0.00016463708382963294,-0.00016463708382963294,-0.09000698537836826,1.325627396025289,-0.3135378633919905,Daily
2016-10-21,1.0930395126342771,0.9062829111702831,90628.29111702832,-0.0040770680562765005,-0.0040770680562765005,-0.09371708882971685,1.325627396025289,-0.3163366162409983,Daily
2016-10-24,1.0882576704025269,0.9023180939349911,90231.8093934991,-0.004374811867711714,-0.004374811867711714,-0.09768190606500893,1.325627396025289,-0.31932751492578715,Daily
2016-10-25,1.0875475406646729,0.9017292968799058,90172.92968799057,-0.0006525382335154095,-0.0006525382335154095,-0.09827070312009423,1.325627396025289,-0.3197716797468,Daily
2016-10-26,1.0887316465377808,0.9027110865640021,90271.10865640022,0.0010887853899097522,0.0010887853899097522,-0.09728891343599788,1.325627396025289,-0.31903105708990553,Daily
2016-10-27,1.091202735900879,0.9047599658916609,90475.99658916608,0.0022696955406378283,0.0022696955406378283,-0.09524003410833914,1.325627396025289,-0.3174854649168696,Daily
2016-10-28,1.0900371074676514,0.9037934965942588,90379.34965942588,-0.0010682051967778605,-0.0010682051967778605,-0.09620650340574122,1.325627396025289,-0.3182145304901218,Daily
2016-10-31,1.0984665155410769,0.9107826570042197,91078.26570042197,0.007733138638746473,0.007733138638746473,-0.08921734299578032,1.325627396025289,-0.312942188932519,Daily
2016-11-01,1.0973334312438965,0.9098431713556404,90984.31713556404,-0.001031514644415199,-0.001031514644415199,-0.09015682864435959,1.325627396025289,-0.31365089912619504,Daily
2016-11-02,1.105705499649048,0.9167847891462465,91678.47891462465,0.007629466274130747,0.007629466274130747,-0.0832152108537535,1.325627396025289,-0.3084144218087983,Daily
2016-11-03,1.1097548007965088,0.9201422271800112,92014.22271800111,0.0036621877604352537,0.0036621877604352537,-0.07985777281998885,1.325627396025289,-0.3058817055690529,Daily
2016-11-04,1.1102476119995115,0.9205508367193298,92055.08367193298,0.0004440721523790714,0.0004440721523790714,-0.0794491632806702,1.325627396025289,-0.3055734669640393,Daily
2016-11-07,1.1101243495941162,0.9204486349138981,92044.8634913898,-0.0001110224458608089,-0.0001110224458608089,-0.07955136508610194,1.325627396025289,-0.3056505638962076,Daily
2016-11-08,1.1052166223526,0.9163794413666752,91637.94413666752,-0.0044208806367598275,-0.0044208806367598275,-0.08362055863332485,1.325627396025289,-0.30872019987342403,Daily
2016-11-09,1.1019041538238523,0.913632940817799,91363.2940817799,-0.00299712152509668,-0.00299712152509668,-0.086367059182201,1.325627396025289,-0.3107920494422479,Daily
2016-11-10,1.092060685157776,0.905471326040301,90547.1326040301,-0.008933144168589702,-0.008933144168589702,-0.094528673959699,1.325627396025289,-0.3169488434267186,Daily
2016-11-11,1.0889687538146973,0.9029076817197123,90290.76817197123,-0.002831281617497239,-0.002831281617497239,-0.09709231828028775,1.325627396025289,-0.31888275361013474,Daily
2016-11-14,1.0824854373931885,0.8975321039728819,89753.21039728819,-0.005953629430410667,-0.005953629430410667,-0.10246789602711814,1.325627396025289,-0.32293787329380175,Daily
2016-11-15,1.0750375986099243,0.8913568020406067,89135.68020406067,-0.006880313144165484,-0.006880313144165484,-0.10864319795939326,1.325627396025289,-0.32759627274359504,Daily
2016-11-16,1.0727311372756958,0.8894444224163344,88944.44224163344,-0.0021454703883947435,-0.0021454703883947435,-0.11055557758366563,1.325627396025289,-0.3290388950294699,Daily
2016-11-17,1.0706638097763062,0.8877303182482483,88773.03182482484,-0.0019271627601299413,-0.0019271627601299413,-0.11226968175175167,1.325627396025289,-0.3303319462844647,Daily
2016-11-18,1.062304139137268,0.8807989799429082,88079.89799429082,-0.007807932389892525,-0.007807932389892525,-0.11920102005709177,1.325627396025289,-0.3355606691715465,Daily
2016-11-21,1.0584250688552856,0.8775826871491403,87758.26871491404,-0.0036515628049165194,-0.0036515628049165194,-0.12241731285085966,1.325627396025289,-0.3379869111181233,Daily
2016-11-22,1.0638864040374756,0.8821108992499666,88211.08992499666,0.005159869454052668,0.005159869454052668,-0.11788910075003345,1.325627396025289,-0.3345710100026187,Daily
2016-11-23,1.0633772611618042,0.881688748465634,88168.87484656341,-0.0004785688337957117,-0.0004785688337957117,-0.11831125153436595,1.325627396025289,-0.3348894635783356,Daily
2016-11-24,1.0545185804367063,0.8743436608783419,87434.36608783419,-0.00833070355051535,-0.00833070355051535,-0.12565633912165808,1.325627396025289,-0.3404303022855888,Daily
2016-11-25,1.0561892986297607,0.8757289203591244,87572.89203591245,0.001584342110276138,0.001584342110276138,-0.12427107964087558,1.325627396025289,-0.3393853182388378,Daily
2016-11-28,1.0612331628799438,0.8799109905618631,87991.0990561863,0.004775530538632555,0.004775530538632555,-0.12008900943813694,1.325627396025289,-0.33623053265181835,Daily
2016-11-29,1.062134861946106,0.8806586254325471,88065.86254325471,0.0008496710220731174,0.0008496710220731174,-0.11934137456745286,1.325627396025289,-0.3356665469700757,Daily
2016-11-30,1.0648492574691772,0.8829092396585487,88290.92396585488,0.002555603455193678,0.002555603455193678,-0.11709076034145127,1.325627396025289,-0.3339687741021117,Daily
2016-12-01,1.0592098236083984,0.8782333587982298,87823.33587982299,-0.005295992668654437,-0.005295992668654437,-0.12176664120177016,1.325627396025289,-0.3374960705915617,Daily
2016-12-02,1.0663141012191772,0.8841238003791947,88412.38003791947,0.006707148529435658,0.006707148529435658,-0.11587619962080531,1.325627396025289,-0.3330525583356846,Daily
2016-12-05,1.0582010746002195,0.8773969645259229,87739.69645259228,-0.007608477286084492,-0.007608477286084492,-0.12260303547407714,1.325627396025289,-0.33812701279659974,Daily
2016-12-06,1.0757315158843994,0.8919321566918826,89193.21566918827,0.01656626675681916,0.01656626675681916,-0.10806784330811736,1.325627396025289,-0.32716224833145546,Daily
2016-12-07,1.072041153907776,0.8888723295248063,88887.23295248063,-0.003430560434579455,-0.003430560434579455,-0.11112767047519367,1.325627396025289,-0.32947045890122095,Daily
2016-12-08,1.0761945247650146,0.8923160559300817,89231.60559300816,0.003874264380708592,0.003874264380708592,-0.10768394406991832,1.325627396025289,-0.3268726501839292,Daily
2016-12-09,1.062134861946106,0.8806586254325471,88065.86254325471,-0.013064239313035464,-0.013064239313035464,-0.11934137456745286,1.325627396025289,-0.3356665469700757,Daily
2016-12-12,1.054741144180298,0.8745281974071059,87452.81974071059,-0.006961185467785791,-0.006961185467785791,-0.12547180259289414,1.325627396025289,-0.34029109534907154,Daily
2016-12-13,1.0641694068908691,0.8823455482694013,88234.55482694012,0.008938935171528106,0.008938935171528106,-0.11765445173059874,1.325627396025289,-0.3343940002183171,Daily
2016-12-14,1.062925100326538,0.8813138437770427,88131.38437770426,-0.0011692748882590198,-0.0011692748882590198,-0.1186861562229573,1.325627396025289,-0.33517227659933646,Daily
2016-12-15,1.051414132118225,0.8717696382312831,87176.9638231283,-0.010829519600935922,-0.010829519600935922,-0.12823036176871694,1.325627396025289,-0.3423720414611495,Daily
2016-12-16,1.0418837070465088,0.8638675804567484,86386.75804567484,-0.009064387457410228,-0.009064387457410228,-0.13613241954325161,1.325627396025289,-0.3483330360801713,Daily
2016-12-19,1.0449975728988647,0.8664494115589614,86644.94115589614,0.0029886884988181706,0.0029886884988181706,-0.13355058844103862,1.325627396025289,-0.34638540652004435,Daily
2016-12-20,1.0405826568603516,0.8627888275510575,86278.88275510575,-0.0042248098493339326,-0.0042248098493339326,-0.13721117244894254,1.325627396025289,-0.34914680389224684,Daily
2016-12-21,1.039047360420227,0.861515851678564,86151.5851678564,-0.001475419977454595,-0.001475419977454595,-0.13848414832143596,1.325627396025289,-0.35010708570017446,Daily
2016-12-22,1.0428615808486938,0.864678374857095,86467.8374857095,0.003670882169340306,0.003670882169340306,-0.13532162514290502,1.325627396025289,-0.34772140538909047,Daily
2016-12-23,1.0437650680541992,0.8654274923458463,86542.74923458463,0.0008663539074573734,0.0008663539074573734,-0.13457250765415374,1.325627396025289,-0.3471563012798986,Daily
2016-12-26,1.045478343963623,0.8668480381366278,86684.80381366279,0.001641438252592442,0.001641438252592442,-0.1331519618633722,1.325627396025289,-0.3460846986598556,Daily
2016-12-27,1.0456969738006592,0.8670293129056436,86702.93129056436,0.00020911943159651614,0.00020911943159651614,-0.13297068709435644,1.325627396025289,-0.345947952263727,Daily
2016-12-28,1.046233057975769,0.8674738018021885,86747.38018021885,0.0005126572884315284,0.0005126572884315284,-0.13252619819781153,1.325627396025289,-0.34561264771444133,Daily
2016-12-29,1.0416991710662842,0.8637145742722139,86371.4574272214,-0.004333534363994307,-0.004333534363994307,-0.13628542572778612,1.325627396025289,-0.3484484577929341,Daily
2016-12-30,1.0575296878814695,0.8768402908622934,87684.02908622935,0.015196821937547567,0.015196821937547567,-0.12315970913770657,1.325627396025289,-0.33854694502287885,Daily
2017-01-02,1.052698016166687,0.8728341580035289,87283.41580035289,-0.004568828440610129,-0.004568828440610129,-0.12716584199647107,1.325627396025289,-0.3415690105525867,Daily
2017-01-03,1.0460032224655151,0.8672832359599517,86728.32359599517,-0.006359652624358891,-0.006359652624358891,-0.13271676404004829,1.325627396025289,-0.34575640292258514,Daily
2017-01-04,1.0419923067092896,0.8639576247940293,86395.76247940293,-0.0038345156784236334,-0.0038345156784236334,-0.13604237520597073,1.325627396025289,-0.3482651102530868,Daily
2017-01-05,1.0500892400741575,0.870671117084696,87067.1117084696,0.0077706268201143125,0.0077706268201143125,-0.12932888291530398,1.325627396025289,-0.3432007216392152,Daily
2017-01-06,1.0605915784835815,0.8793790271993536,87937.90271993536,0.01000137703409143,0.01000137703409143,-0.12062097280064643,1.325627396025289,-0.3366318244206099,Daily
2017-01-09,1.0531858205795288,0.8732386162122596,87323.86162122597,-0.0069826670834417515,-0.0069826670834417515,-0.12676138378774038,1.325627396025289,-0.3412639035444309,Daily
2017-01-10,1.0588620901107788,0.8779450390047628,87794.50390047628,0.0053896182614068255,0.0053896182614068255,-0.12205496099523716,1.325627396025289,-0.3377135674495261,Daily
2017-01-11,1.055241942405701,0.874943429307125,87494.3429307125,-0.003418903876990398,-0.003418903876990398,-0.125056570692875,1.325627396025289,-0.339977861101451,Daily
2017-01-12,1.0597710609436035,0.8786987031889202,87869.87031889202,0.0042920190677573355,0.0042920190677573355,-0.12130129681107982,1.325627396025289,-0.33714503349615643,Daily
2017-01-13,1.0616837739944458,0.8802846103147961,88028.46103147962,0.001804836083313166,0.001804836083313166,-0.1197153896852039,1.325627396025289,-0.33594868893460694,Daily
2017-01-16,1.0628687143325806,0.8812670918873239,88126.70918873239,0.0011160953639488547,0.0011160953639488547,-0.11873290811267612,1.325627396025289,-0.33520754434490274,Daily
2017-01-17,1.0602991580963137,0.8791365697247651,87913.6569724765,-0.002417566912655378,-0.002417566912655378,-0.12086343027523494,1.325627396025289,-0.3368147245894775,Daily
2017-01-18,1.0696789026260376,0.8869136922168374,88691.36922168374,0.00884631894508403,0.00884631894508403,-0.11308630778316264,1.325627396025289,-0.3309479761235127,Daily
2017-01-19,1.062778353691101,0.8811921702543283,88119.21702543282,-0.00645104705533206,-0.00645104705533206,-0.11880782974567172,1.325627396025289,-0.335264062212005,Daily
2017-01-20,1.0659730434417725,0.8838410156931785,88384.10156931785,0.003005979317866281,0.003005979317866281,-0.11615898430682148,1.325627396025289,-0.33326587973117183,Daily
2017-01-23,1.071375012397766,0.8883200048741737,88832.00048741738,0.005067641240299903,0.005067641240299903,-0.11167999512582627,1.325627396025289,-0.3298871104069825,Daily
2017-01-24,1.0760787725448608,0.892220081120532,89222.0081120532,0.004390395606266528,0.004390395606266528,-0.10777991887946803,1.325627396025289,-0.32694504972081073,Daily
2017-01-25,1.0728693008422852,0.8895589793723263,88955.89793723263,-0.002982562043283732,-0.002982562043283732,-0.11044102062767369,1.325627396025289,-0.32895247786855764,Daily
2017-01-26,1.0751993656158447,0.8914909295550856,89149.09295550856,0.0021718067352010095,0.0021718067352010095,-0.10850907044491442,1.325627396025289,-0.3274950923403527,Daily
2017-01-27,1.068296194076538,0.885767233086078,88576.72330860779,-0.006420364222734287,-0.006420364222734287,-0.11423276691392203,1.325627396025289,-0.33181281878910396,Daily
2017-01-30,1.0713980197906494,0.8883390812266384,88833.90812266384,0.002903525942814511,0.002903525942814511,-0.1116609187733616,1.325627396025289,-0.3298727199738021,Daily
2017-01-31,1.0708587169647217,0.8878919236175725,88789.19236175725,-0.0005033636575444422,-0.0005033636575444422,-0.11210807638242748,1.325627396025289,-0.33021003769249635,Daily
2017-02-01,1.0803803205490112,0.8957866671429757,89578.66671429758,0.008891559113678227,0.008891559113678227,-0.10421333285702428,1.325627396025289,-0.3242545606488908,Daily
2017-02-02,1.0767391920089722,0.8927676613933493,89276.76613933493,-0.0033702284934149507,-0.0033702284934149507,-0.10723233860665071,1.325627396025289,-0.32653197718288707,Daily
2017-02-03,1.0761713981628418,0.8922968807364126,89229.68807364126,-0.000527327184098425,-0.000527327184098425,-0.10770311926358744,1.325627396025289,-0.32688711517893954,Daily
2017-02-06,1.0782949924468994,0.8940576379530132,89405.76379530132,0.001973286307072497,0.001973286307072497,-0.10594236204698682,1.325627396025289,-0.3255588707402082,Daily
2017-02-07,1.0743216276168823,0.8907631617665019,89076.31617665019,-0.0036848588353365352,-0.0036848588353365352,-0.10923683823349806,1.325627396025289,-0.32804409109427535,Daily
2017-02-08,1.0678056478500366,0.8853605015296442,88536.05015296442,-0.0060652039383213285,-0.0060652039383213285,-0.11463949847035582,1.325627396025289,-0.33211964071934874,Daily
2017-02-09,1.0692213773727417,0.8865343396740445,88653.43396740445,0.0013258307123169555,0.0013258307123169555,-0.11346566032595551,1.325627396025289,-0.33123414442686117,Daily
2017-02-10,1.0658594369888306,0.8837468200253094,88374.68200253094,-0.003144288409358209,-0.003144288409358209,-0.11625317997469065,1.325627396025289,-0.33333693715511425,Daily
2017-02-13,1.061954379081726,0.8805089798489649,88050.8979848965,-0.0036637644435899563,-0.0036637644435899563,-0.11949102015103508,1.325627396025289,-0.3357794335806201,Daily
2017-02-14,1.059849739074707,0.8787639383838767,87876.39383838767,-0.0019818553870826205,-0.0019818553870826205,-0.12123606161612333,1.325627396025289,-0.33709582268838945,Daily
2017-02-15,1.057831645011902,0.8770906556332408,87709.06556332408,-0.0019041322447904685,-0.0019041322447904685,-0.12290934436675915,1.325627396025289,-0.3383580799076148,Daily
2017-02-16,1.0607378482818604,0.8795003053572501,87950.030535725,0.0027473211674675646,0.0027473211674675646,-0.1204996946427499,1.325627396025289,-0.3365403370552611,Daily
2017-02-17,1.0672245025634766,0.8848786506578058,88487.86506578058,0.006115228463020372,0.006115228463020372,-0.1151213493421942,1.325627396025289,-0.33248312964035553,Daily
2017-02-20,1.062665343284607,0.8810984687924815,88109.84687924816,-0.004271977702834273,-0.004271977702834273,-0.11890153120751845,1.325627396025289,-0.33533474682679776,Daily
2017-02-21,1.0609403848648071,0.879668236563661,87966.8236563661,-0.0016232376737422838,-0.0016232376737422838,-0.120331763436339,1.325627396025289,-0.33641365650617583,Daily
2017-02-22,1.0542073249816897,0.8740855864934459,87408.55864934459,-0.006346313119163116,-0.006346313119163116,-0.12591441350655408,1.325627396025289,-0.34062498322358825,Daily
2017-02-23,1.055408954620361,0.8750819058346004,87508.19058346005,0.0011398418605110816,0.0011398418605110816,-0.12491809416539956,1.325627396025289,-0.3398733999776914,Daily
2017-02-24,1.0584474802017212,0.8776012692955826,87760.12692955826,0.0028790030329552962,0.0028790030329552962,-0.12239873070441742,1.325627396025289,-0.33797289349409265,Daily
2017-02-27,1.055275321006775,0.874971104844379,87497.1104844379,-0.002996992533197518,-0.002996992533197518,-0.125028895155621,1.325627396025289,-0.33995698378906525,Daily
2017-02-28,1.0584250688552856,0.8775826871491403,87758.26871491404,0.0029847640571236678,0.0029847640571236678,-0.12241731285085966,1.325627396025289,-0.3379869111181233,Daily
2017-03-01,1.0569148063659668,0.8763304679295877,87633.04679295878,-0.0014268959926961866,-0.0014268959926961866,-0.12366953207041231,1.325627396025289,-0.3389315349417613,Daily
2017-03-02,1.0535852909088137,0.8735698330884711,87356.98330884712,-0.0031502212260619,-0.0031502212260619,-0.12643016691152886,1.325627396025289,-0.3410140468522679,Daily
2017-03-03,1.0509721040725708,0.8714031350450725,87140.31350450726,-0.002480280295094839,-0.002480280295094839,-0.1285968649549275,1.325627396025289,-0.34264851672660457,Daily
2017-03-06,1.062044620513916,0.880583802640756,88058.3802640756,0.010535499846702434,0.010535499846702434,-0.11941619735924403,1.325627396025289,-0.335722990275348,Daily
2017-03-07,1.0579211711883545,0.8771648853778048,87716.48853778047,-0.003882557517749352,-0.003882557517749352,-0.12283511462219521,1.325627396025289,-0.3383020839733225,Daily
2017-03-08,1.0570154190063477,0.8764138899061684,87641.38899061685,-0.0008561622611157338,-0.0008561622611157338,-0.12358611009383158,1.325627396025289,-0.3388686047572834,Daily
2017-03-09,1.054741144180298,0.8745281974071059,87452.81974071059,-0.0021516004262146504,-0.0021516004262146504,-0.12547180259289414,1.325627396025289,-0.34029109534907154,Daily
2017-03-10,1.0578428506851196,0.8770999467064617,87709.99467064618,0.0029407277054998016,0.0029407277054998016,-0.12290005329353826,1.325627396025289,-0.3383510710955997,Daily
2017-03-13,1.0690041780471802,0.8863542509994826,88635.42509994826,0.010551025943817516,0.010551025943817516,-0.11364574900051738,1.325627396025289,-0.33136999608103024,Daily
2017-03-14,1.0651443004608154,0.8831538716396359,88315.38716396359,-0.0036107226385363456,-0.0036107226385363456,-0.11684612836036412,1.325627396025289,-0.33378423357298503,Daily
2017-03-15,1.0612443685531616,0.8799202816350841,87992.02816350841,-0.003661411797412417,-0.003661411797412417,-0.12007971836491593,1.325627396025289,-0.33622352383980314,Daily
2017-03-16,1.0737909078598022,0.8903231207241585,89032.31207241585,0.011822479042923995,0.011822479042923995,-0.10967687927584147,1.325627396025289,-0.32837604036121326,Daily
2017-03-17,1.077470064163208,0.893373656818014,89337.3656818014,0.00342632469363946,0.00342632469363946,-0.10662634318198605,1.325627396025289,-0.326074838603463,Daily
2017-03-20,1.0742985010147097,0.890743986572833,89074.39865728331,-0.002943527856582584,-0.002943527856582584,-0.10925601342716695,1.325627396025289,-0.3280585560892856,Daily
2017-03-21,1.073767900466919,0.8903040443716939,89030.40443716939,-0.0004939042056650855,-0.0004939042056650855,-0.10969595562830614,1.325627396025289,-0.3283904307943938,Daily
2017-03-22,1.081244707107544,0.8965033647166577,89650.33647166577,0.006963149706164629,0.006963149706164629,-0.1034966352833423,1.325627396025289,-0.32371391281992246,Daily
2017-03-23,1.0790164470672607,0.894655824922524,89465.5824922524,-0.002060828622453159,-0.002060828622453159,-0.10534417507747595,1.325627396025289,-0.32510762254535,Daily
2017-03-24,1.0783880949020386,0.8941348329337118,89413.48329337117,-0.0005823378938569768,-0.0005823378938569768,-0.10586516706628823,1.325627396025289,-0.32550063795101714,Daily
2017-03-27,1.0849517583847046,0.8995770296523614,89957.70296523614,0.006086550392845558,0.006086550392845558,-0.10042297034763858,1.325627396025289,-0.32139526359396375,Daily
2017-03-28,1.0860947370529177,0.9005247191209125,90052.47191209125,0.001053483400879296,0.001053483400879296,-0.09947528087908752,1.325627396025289,-0.3206803647684019,Daily
2017-03-29,1.0817711353302002,0.8969398474756397,89693.98474756397,-0.003980869785309538,-0.003980869785309538,-0.1030601525243603,1.325627396025289,-0.3233846477788629,Daily
2017-03-30,1.0759629011154177,0.8921240074697779,89212.4007469778,-0.005369189494050852,-0.005369189494050852,-0.10787599253022206,1.325627396025289,-0.3270175238195221,Daily
2017-03-31,1.0687072277069092,0.8861080375591237,88610.80375591238,-0.00674342340334122,-0.00674342340334122,-0.1138919624408763,1.325627396025289,-0.331555729599436,Daily
2017-04-03,1.0668829679489136,0.8845954706069716,88459.54706069716,-0.0017069780298106796,-0.0017069780298106796,-0.11540452939302837,1.325627396025289,-0.3326967492831626,Daily
2017-04-04,1.067008137702942,0.8846992538716753,88469.92538716753,0.00011732285338572623,0.00011732285338572623,-0.11530074612832475,1.325627396025289,-0.33261845936171497,Daily
2017-04-05,1.0680338144302368,0.8855496835950182,88554.96835950181,0.0009612642031981977,0.0009612642031981977,-0.11445031640498182,1.325627396025289,-0.3319769293768242,Daily
2017-04-06,1.0672472715377808,0.8848975293278615,88489.75293278614,-0.0007364400656879599,-0.0007364400656879599,-0.11510247067213852,1.325627396025289,-0.3324688883308351,Daily
2017-04-07,1.0644639730453491,0.8825897848856705,88258.97848856705,-0.0026079227997662935,-0.0026079227997662935,-0.11741021511432947,1.325627396025289,-0.3342097579365104,Daily
2017-04-10,1.0582010746002195,0.8773969645259229,87739.69645259228,-0.005883617110320816,-0.005883617110320816,-0.12260303547407714,1.325627396025289,-0.33812701279659974,Daily
2017-04-11,1.0597598552703855,0.8786894121156988,87868.94121156988,0.0014730477104787365,0.0014730477104787365,-0.12131058788430116,1.325627396025289,-0.337152042308172,Daily
2017-04-12,1.0611318349838257,0.8798269755380553,87982.69755380553,0.001294613781242182,0.001294613781242182,-0.12017302446194467,1.325627396025289,-0.33629391020727595,Daily
2017-04-13,1.0670650005340576,0.8847464011262121,88474.6401126212,0.0055913557153077775,0.0055913557153077775,-0.11525359887378794,1.325627396025289,-0.33258289336882885,Daily
2017-04-14,1.0616387128829956,0.8802472483395027,88024.72483395027,-0.005085245648902559,-0.005085245648902559,-0.11975275166049726,1.325627396025289,-0.3359768733063281,Daily
2017-04-17,1.0610530376434326,0.8797616415018943,87976.16415018943,-0.0005516709521381502,-0.0005516709521381502,-0.12023835849810571,1.325627396025289,-0.336343195576873,Daily
2017-04-18,1.0644525289535522,0.8825802961300404,88258.02961300404,0.0032038844332133998,0.0032038844332133998,-0.11741970386995959,1.325627396025289,-0.3342169158721856,Daily
2017-04-19,1.0728693008422852,0.8895589793723263,88955.89793723263,0.007907136917610913,0.007907136917610913,-0.11044102062767369,1.325627396025289,-0.32895247786855764,Daily
2017-04-20,1.0715012550354004,0.8884246777097179,88842.4677709718,-0.0012751281128191572,-0.0012751281128191572,-0.11157532229028211,1.325627396025289,-0.3298081494290651,Daily
2017-04-21,1.0714898109436035,0.8884151889540878,88841.51889540878,-1.0680427804610204e-05,-1.0680427804610204e-05,-0.11158481104591222,1.325627396025289,-0.3298153073647404,Daily
2017-04-24,1.087393879890442,0.9016018905673315,90160.18905673316,0.014842949307033004,0.014842949307033004,-0.09839810943266847,1.325627396025289,-0.3198677899456057,Daily
2017-04-25,1.0864840745925903,0.9008475344947428,90084.75344947427,-0.000836684217813799,-0.000836684217813799,-0.09915246550525725,1.325627396025289,-0.320436845831785,Daily
2017-04-26,1.0928245782852173,0.9061047004786066,90610.47004786065,0.005835799935682173,0.005835799935682173,-0.09389529952139342,1.325627396025289,-0.3164710512203982,Daily
2017-04-27,1.090893268585205,0.9045033741248316,90450.33741248316,-0.0017672641505216413,-0.0017672641505216413,-0.09549662587516838,1.325627396025289,-0.31767902742742016,Daily
2017-04-28,1.0864251852035522,0.9007987069397299,90079.87069397299,-0.004095802504536006,-0.004095802504536006,-0.09920129306027015,1.325627396025289,-0.3204736793757803,Daily
2017-05-01,1.0907504558563232,0.904384962361865,90438.4962361865,0.0039811951266213175,0.0039811951266213175,-0.09561503763813495,1.325627396025289,-0.31776835249970037,Daily
2017-05-02,1.090893268585205,0.9045033741248316,90450.33741248316,0.00013093070749126134,0.00013093070749126134,-0.09549662587516838,1.325627396025289,-0.31767902742742016,Daily
2017-05-03,1.0935654640197754,0.9067189985644475,90671.89985644475,0.0024495480094361977,0.0024495480094361977,-0.09328100143555251,1.325627396025289,-0.31600764944725834,Daily
2017-05-04,1.0888975858688354,0.9028486735206378,90284.86735206378,-0.004268494483888996,-0.004268494483888996,-0.0971513264793622,1.325627396025289,-0.318927267022615,Daily
2017-05-05,1.098152995109558,0.910522704636438,91052.2704636438,0.008499797741160275,0.008499797741160275,-0.08947729536356197,1.325627396025289,-0.31313828654528797,Daily
2017-05-08,1.0965152978897097,0.9091648241692968,90916.48241692968,-0.001491319722426332,-0.001491319722426332,-0.09083517583070322,1.325627396025289,-0.31416261696514247,Daily
2017-05-09,1.0927767753601074,0.9060650651556101,90606.50651556102,-0.003409457703688501,-0.003409457703688501,-0.09393493484438986,1.325627396025289,-0.31650095051420835,Daily
2017-05-10,1.0886842012405396,0.9026717477646192,90267.17477646192,-0.003745114475203981,-0.003745114475203981,-0.09732825223538077,1.325627396025289,-0.31906073269822566,Daily
2017-05-11,1.087074637413025,0.901337193821735,90133.7193821735,-0.0014784487785167721,-0.0014784487785167721,-0.09866280617826495,1.325627396025289,-0.3200674665262121,Daily
2017-05-12,1.086495876312256,0.9008573197739864,90085.73197739864,-0.0005324023584492021,-0.0005324023584492021,-0.09914268022601358,1.325627396025289,-0.3204294642106198,Daily
2017-05-15,1.0927289724349976,0.9060254298326138,90602.54298326137,0.0057368796869230465,0.0057368796869230465,-0.0939745701673862,1.325627396025289,-0.31653084980801827,Daily
2017-05-16,1.0981770753860474,0.9105426705597429,91054.2670559743,0.004985776975336753,0.004985776975336753,-0.08945732944025708,1.325627396025289,-0.31312322505563805,Daily
2017-05-17,1.1093976497650146,0.91984609893139,91984.609893139,0.010217454571270101,0.010217454571270101,-0.08015390106860998,1.325627396025289,-0.3061050928115835,Daily
2017-05-18,1.115635633468628,0.9250182614794012,92501.82614794013,0.005622856425677947,0.005622856425677947,-0.07498173852059875,1.325627396025289,-0.30220342137395395,Daily
2017-05-19,1.1113580465316772,0.9214715425390579,92147.1542539058,-0.003834215050707135,-0.003834215050707135,-0.07852845746094206,1.325627396025289,-0.3048789235180539,Daily
2017-05-22,1.120485782623291,0.9290397147248605,92903.97147248605,0.008213137179417185,0.008213137179417185,-0.07096028527513953,1.325627396025289,-0.29916979876060346,Daily
2017-05-23,1.123885989189148,0.9318589624002335,93185.89624002334,0.00303458251642974,0.00303458251642974,-0.06814103759976653,1.325627396025289,-0.2970430716849364,Daily
2017-05-24,1.11793053150177,0.9269210535068391,92692.10535068391,-0.005298987392550858,-0.005298987392550858,-0.07307894649316093,1.325627396025289,-0.3007680315855842,Daily
2017-05-25,1.123090744018555,0.93119959272515,93119.959272515,0.004615861514984276,0.004615861514984276,-0.06880040727485004,1.325627396025289,-0.29754047365253344,Daily
2017-05-26,1.121076226234436,0.9295292752106481,92952.9275210648,-0.0017937266377164862,-0.0017937266377164862,-0.0704707247893519,1.325627396025289,-0.2988004940168606,Daily
2017-05-29,1.1176055669784546,0.9266516123834275,92665.16123834276,-0.003095828075526108,-0.003095828075526108,-0.07334838761657247,1.325627396025289,-0.3009712871340282,Daily
2017-05-30,1.1129041910171509,0.922753512961159,92275.3512961159,-0.004206650450045868,-0.004206650450045868,-0.07724648703884096,1.325627396025289,-0.30391185658360087,Daily
2017-05-31,1.117168664932251,0.9262893593690096,92628.93593690096,0.0038318428032897422,0.0038318428032897422,-0.07371064063099042,1.325627396025289,-0.3012445562407954,Daily
2017-06-01,1.124353528022766,0.9322466176042025,93224.66176042025,0.006431314550834344,0.006431314550834344,-0.06775338239579753,1.325627396025289,-0.2967506401878721,Daily
2017-06-02,1.1215791702270508,0.9299462862523478,92994.62862523478,-0.0024675137548542114,-0.0024675137548542114,-0.07005371374765224,1.325627396025289,-0.29848591765630106,Daily
2017-06-05,1.128082513809204,0.9353384693215306,93533.84693215306,0.005798381206417069,0.005798381206417069,-0.06466153067846936,1.325627396025289,-0.2944182715852025,Daily
2017-06-06,1.1256824731826782,0.9333484993517419,93334.84993517419,-0.0021275399601945466,-0.0021275399601945466,-0.06665150064825809,1.325627396025289,-0.29591942490758805,Daily
2017-06-07,1.1271415948867798,0.9345583156945727,93455.83156945727,0.0012962107333660544,0.0012962107333660544,-0.0654416843054273,1.325627396025289,-0.2950067881089987,Daily
2017-06-08,1.125517725944519,0.933211900807151,93321.1900807151,-0.0014406964924612575,-0.0014406964924612575,-0.066788099192849,1.325627396025289,-0.29602246935657917,Daily
2017-06-09,1.118480563163757,0.927377106824308,92737.7106824308,-0.00625237845530735,-0.00625237845530735,-0.07262289317569204,1.325627396025289,-0.30042400330219454,Daily
2017-06-12,1.1201971769332886,0.9288004201688151,92880.04201688152,0.001534773000145595,0.001534773000145595,-0.07119957983118486,1.325627396025289,-0.29935031295091274,Daily
2017-06-13,1.1196202039718628,0.9283220287391337,92832.20287391337,-0.0005150637524414803,-0.0005150637524414803,-0.07167797126086628,1.325627396025289,-0.29971119220787124,Daily
2017-06-14,1.1208877563476562,0.9293730072663657,92937.30072663657,0.0011321271010442668,0.0011321271010442668,-0.07062699273363426,1.325627396025289,-0.2989183762700117,Daily
2017-06-15,1.1215791702270508,0.9299462862523478,92994.62862523478,0.0006168448852073016,0.0006168448852073016,-0.07005371374765224,1.325627396025289,-0.29848591765630106,Daily
2017-06-16,1.1146905422210691,0.9242346484102864,92423.46484102863,-0.006141900802764777,-0.006141900802764777,-0.07576535158971365,1.325627396025289,-0.3027945475617986,Daily
2017-06-19,1.120824933052063,0.929320917951605,92932.0917951605,0.005503223180463035,0.005503223180463035,-0.07067908204839501,1.325627396025289,-0.29895767035439547,Daily
2017-06-20,1.1144545078277588,0.9240389428254169,92403.89428254169,-0.0056836933551766,-0.0056836933551766,-0.07596105717458312,1.325627396025289,-0.30294217998509965,Daily
2017-06-21,1.1136974096298218,0.9234112023357667,92341.12023357667,-0.0006793441927142041,-0.0006793441927142041,-0.07658879766423332,1.325627396025289,-0.30341572216711277,Daily
2017-06-22,1.1167196035385132,0.9259170245517347,92591.70245517348,0.002713658021074039,0.002713658021074039,-0.07408297544826525,1.325627396025289,-0.30152543065421744,Daily
2017-06-23,1.1149640083312988,0.9244613901333629,92446.13901333629,-0.0015721002852027155,-0.0015721002852027155,-0.07553860986663707,1.325627396025289,-0.3026235027238928,Daily
2017-06-26,1.1198835372924805,0.9285403689598293,92854.03689598292,0.004412276023640027,0.004412276023640027,-0.07145963104017072,1.325627396025289,-0.2995464851255114,Daily
2017-06-27,1.118355631828308,0.9272735212420136,92727.35212420135,-0.0013643431779222226,-0.0013643431779222226,-0.07272647875798643,1.325627396025289,-0.300502144099982,Daily
2017-06-28,1.1339154243469238,0.9401747694567201,94017.47694567201,0.013913098906810362,0.013913098906810362,-0.05982523054327993,1.325627396025289,-0.2907699612457433,Daily
2017-06-29,1.1382650136947632,0.943781188484569,94378.1188484569,0.0038359027970225057,0.0038359027970225057,-0.056218811515430955,1.325627396025289,-0.28804942375635345,Daily
2017-06-30,1.144164800643921,0.9486729385354714,94867.29385354715,0.005183140022908317,0.005183140022908317,-0.05132706146452859,1.325627396025289,-0.28435928423029233,Daily
2017-07-03,1.1423088312149048,0.9471340798229277,94713.40798229277,-0.0016221172229485825,-0.0016221172229485825,-0.052865920177072256,1.325627396025289,-0.28552013736078574,Daily
2017-07-04,1.1371389627456665,0.9428475344670543,94284.75344670542,-0.004525806268817711,-0.004525806268817711,-0.05715246553294573,1.325627396025289,-0.28875373480206223,Daily
2017-07-05,1.1360150575637815,0.9419156595912199,94191.56595912199,-0.0009883622131557912,-0.0009883622131557912,-0.05808434040878008,1.325627396025289,-0.2894567037348321,Daily
2017-07-06,1.134687423706055,0.9408148650969304,94081.48650969303,-0.0011686762854832278,-0.0011686762854832278,-0.05918513490306965,1.325627396025289,-0.29028709883498627,Daily
2017-07-07,1.1424784660339355,0.9472747308569023,94727.47308569023,0.006866245421522255,0.006866245421522255,-0.05272526914309772,1.325627396025289,-0.2854140358767667,Daily
2017-07-10,1.140380859375,0.9455355210228784,94553.55210228784,-0.0018360141755819903,-0.0018360141755819903,-0.05446447897712159,1.325627396025289,-0.2867260258365688,Daily
2017-07-12,1.1473942995071411,0.9513506456060297,95135.06456060297,0.006150085802023142,0.006150085802023142,-0.048649354393970334,1.325627396025289,-0.28233932969511377,Daily
2017-07-13,1.1418914794921875,0.9467880367660446,94678.80367660447,-0.0047959276225418845,-0.0047959276225418845,-0.053211963233955384,1.325627396025289,-0.285781178327441,Daily
2017-07-14,1.140393853187561,0.9455462947141666,94554.62947141666,-0.0013115312019778003,-0.0013115312019778003,-0.054453705285833376,1.325627396025289,-0.2867178985971044,Daily
2017-07-17,1.147539138793945,0.9514707376694723,95147.07376694723,0.006265629708904541,0.006265629708904541,-0.04852926233052768,1.325627396025289,-0.2822487370717245,Daily
2017-07-18,1.1474337577819824,0.9513833620447124,95138.33620447124,-9.18321723418769e-05,-9.18321723418769e-05,-0.04861663795528759,1.325627396025289,-0.28231464972940035,Daily
2017-07-19,1.1549744606018066,0.9576356612752773,95763.56612752774,0.00657179795232854,0.00657179795232854,-0.04236433872472267,1.325627396025289,-0.27759816661407577,Daily
2017-07-20,1.1528440713882446,0.9558692701100215,95586.92701100216,-0.0018445336119830014,-0.0018445336119830014,-0.04413072988997846,1.325627396025289,-0.2789306610771143,Daily
2017-07-21,1.1628718376159668,0.9641836933896453,96418.36933896453,0.008698284942946888,0.008698284942946888,-0.03581630661035473,1.325627396025289,-0.2726585945035406,Daily
2017-07-24,1.1681697368621826,0.9685763941991299,96857.63941991299,0.00455587544116387,0.00455587544116387,-0.031423605800870114,1.325627396025289,-0.2693449176568976,Daily
2017-07-25,1.1638869047164917,0.9650253262457895,96502.53262457895,-0.003666275551012732,-0.003666275551012732,-0.034974673754210484,1.325627396025289,-0.27202370052151537,Daily
2017-07-26,1.164456129074097,0.96549729299718,96549.729299718,0.0004890718808661099,0.0004890718808661099,-0.03450270700281999,1.325627396025289,-0.2716676677835034,Daily
2017-07-27,1.1728004217147827,0.972415880787142,97241.58807871421,0.0071658282629512016,0.0071658282629512016,-0.02758411921285797,1.325627396025289,-0.26644856337248535,Daily
2017-07-28,1.1688660383224487,0.9691537256744956,96915.37256744957,-0.003354691317881131,-0.003354691317881131,-0.030846274325504353,1.325627396025289,-0.2689094020081588,Daily
2017-07-31,1.1747292280197144,0.9740151314756227,97401.51314756226,0.005016134873488287,0.005016134873488287,-0.025984868524377314,1.325627396025289,-0.26524215296389253,Daily
2017-08-01,1.182410478591919,0.9803839644862691,98038.39644862691,0.006538741344806143,0.006538741344806143,-0.019616035513730923,1.325627396025289,-0.2604377614510568,Daily
2017-08-02,1.1811256408691406,0.9793186539843874,97931.86539843875,-0.0010866257920078004,-0.0010866257920078004,-0.020681346015612556,1.325627396025289,-0.26124138885425907,Daily
2017-08-03,1.1851149797439575,0.982626374892299,98262.63748922989,0.0033775736778360876,0.0033775736778360876,-0.01737362510770102,1.325627396025289,-0.2587461772149785,Daily
2017-08-04,1.1884952783584597,0.9854291160865242,98542.91160865242,0.002852295914133496,0.002852295914133496,-0.01457088391347583,1.325627396025289,-0.2566319019649129,Daily
2017-08-07,1.1778424978256226,0.9765964683718135,97659.64683718135,-0.008963250192756789,-0.008963250192756789,-0.023403531628186536,1.325627396025289,-0.26329489621291513,Daily
2017-08-08,1.1800941228866575,0.9784633810420248,97846.33810420248,0.0019116520801307768,0.0019116520801307768,-0.021536618957975207,1.325627396025289,-0.2618865723688176,Daily
2017-08-09,1.1754610538482666,0.9746219176299235,97462.19176299234,-0.0039260165342215325,-0.0039260165342215325,-0.02537808237007655,1.325627396025289,-0.26478441788982865,Daily
2017-08-10,1.1761523485183716,0.9751950977747008,97519.50977747008,0.0005881051250840041,0.0005881051250840041,-0.024804902225299186,1.325627396025289,-0.26435203383794803,Daily
2017-08-11,1.177024483680725,0.9759182200266739,97591.8220026674,0.0007415154707228755,0.0007415154707228755,-0.024081779973326056,1.325627396025289,-0.26380653949003297,Daily
2017-08-14,1.182550311088562,0.9804999052191238,98049.99052191238,0.004694742959430176,0.004694742959430176,-0.01950009478087622,1.325627396025289,-0.2603503004245252,Daily
2017-08-15,1.1775789260864258,0.9763779304687089,97637.7930468709,-0.00420395221710268,-0.00420395221710268,-0.02362206953129109,1.325627396025289,-0.26345975241893493,Daily
2017-08-16,1.174122333526611,0.9735119309036168,97351.19309036167,-0.002935338331250814,-0.002935338331250814,-0.026488069096383238,1.325627396025289,-0.2656217472401686,Daily
2017-08-17,1.1774264574050903,0.9762515125681793,97625.15125681793,0.002814122331320279,0.002814122331320279,-0.023748487431820675,1.325627396025289,-0.26355511699944123,Daily
2017-08-18,1.171550154685974,0.9713792342345592,97137.92342345591,-0.004990802340272826,-0.004990802340272826,-0.028620765765440814,1.325627396025289,-0.2672305678450023,Daily
2017-08-21,1.1756268739700315,0.9747594057453544,97475.94057453543,0.003479765051245698,0.003479765051245698,-0.025240594254645643,1.325627396025289,-0.26468070238436825,Daily
2017-08-22,1.1811953783035278,0.979376476089008,97937.6476089008,0.004736625588263266,0.004736625588263266,-0.02062352391099198,1.325627396025289,-0.26119777018373835,Daily
2017-08-23,1.176221489906311,0.9752524256732991,97525.2425673299,-0.0042108938864631185,-0.0042108938864631185,-0.02474757432670094,1.325627396025289,-0.26430878797657686,Daily
2017-08-24,1.1816558837890625,0.979758299661913,97975.82996619129,0.004620213054587596,0.004620213054587596,-0.020241700338087032,1.325627396025289,-0.260909737834641,Daily
2017-08-25,1.1802195310592651,0.9785673619891376,97856.73619891376,-0.0012155423160857826,-0.0012155423160857826,-0.02143263801086237,1.325627396025289,-0.2618081333237099,Daily
2017-08-28,1.1951857805252075,0.9909764798467399,99097.64798467398,0.012680903062593618,0.012680903062593618,-0.009023520153260134,1.325627396025289,-0.25244719382079284,Daily
2017-08-29,1.1963869333267212,0.9919724038230768,99197.24038230769,0.001004992546837169,0.001004992546837169,-0.008027596176923169,1.325627396025289,-0.2516959088222155,Daily
2017-08-30,1.1970456838607788,0.9925186003190315,99251.86003190315,0.0005506166238593568,0.0005506166238593568,-0.0074813996809685035,1.325627396025289,-0.2512838801499111,Daily
2017-08-31,1.1893434524536133,0.9861323712563966,98613.23712563966,-0.006434367134864893,-0.006434367134864893,-0.013867628743603366,1.325627396025289,-0.25610139454481806,Daily
2017-09-01,1.191043257713318,0.9875417479910722,98754.17479910722,0.0014291962983428164,0.0014291962983428164,-0.012458252008927806,1.325627396025289,-0.2550382174115592,Daily
2017-09-04,1.1882835626602173,0.9852535741073681,98525.35741073682,-0.0023170401538555874,-0.0023170401538555874,-0.014746425892631865,1.325627396025289,-0.25676432377490443,Daily
2017-09-05,1.1893434524536133,0.9861323712563966,98613.23712563966,0.0008919502269502111,0.0008919502269502111,-0.013867628743603366,1.325627396025289,-0.25610139454481806,Daily
2017-09-06,1.1924067735671997,0.9886722936879103,98867.22936879103,0.0025756404571504188,0.0025756404571504188,-0.01132770631208968,1.325627396025289,-0.2541853792005899,Daily
2017-09-07,1.1927765607833862,0.9889788991042062,98897.88991042062,0.00031011834583960507,0.00031011834583960507,-0.011021100895793778,1.325627396025289,-0.2539540884040846,Daily
2017-09-08,1.2029062509536743,0.99737783161366,99737.783161366,0.008492529534311899,0.008492529534311899,-0.002622168386339996,1.325627396025289,-0.24761827146590365,Daily
2017-09-11,1.2017642259597778,0.996430932874745,99643.0932874745,-0.0009493881946253113,-0.0009493881946253113,-0.0035690671252549544,1.325627396025289,-0.2483325737968256,Daily
2017-09-12,1.1959433555603027,0.9916046157012082,99160.46157012082,-0.004843604322491979,-0.004843604322491979,-0.00839538429879183,1.325627396025289,-0.25197335339145976,Daily
2017-09-13,1.1974613666534424,0.9928632595990521,99286.32595990521,0.0012693001604817677,0.0012693001604817677,-0.007136740400947916,1.325627396025289,-0.251023883048875,Daily
2017-09-14,1.1890605688095093,0.9858978210781665,98589.78210781665,-0.007015506368619584,-0.007015506368619584,-0.01410217892183352,1.325627396025289,-0.2562783297672896,Daily
2017-09-15,1.1921650171279907,0.9884718437252256,98847.18437252256,0.002610841196752256,0.002610841196752256,-0.011528156274774437,1.325627396025289,-0.25433659059172875,Daily
2017-09-18,1.193716287612915,0.9897580643191193,98975.80643191193,0.0013012212761127628,0.0013012212761127628,-0.01024193568088072,1.325627396025289,-0.25336631749858785,Daily
2017-09-19,1.1959290504455566,0.9915927547566705,99159.27547566705,0.0018536756644800256,0.0018536756644800256,-0.008407245243329475,1.325627396025289,-0.2519823008110539,Daily
2017-09-20,1.199256420135498,0.9943516104561065,99435.16104561066,0.002782246730022697,0.002782246730022697,-0.005648389543893462,1.325627396025289,-0.2499011310134862,Daily
2017-09-21,1.1872113943099976,0.9843645963142781,98436.4596314278,-0.010043745126784076,-0.010043745126784076,-0.015635403685721916,1.325627396025289,-0.25743493287347585,Daily
2017-09-22,1.194557547569275,0.9904555866991321,99045.55866991321,0.0061877381690282895,0.0061877381690282895,-0.00954441330086786,1.325627396025289,-0.25284013466462996,Daily
2017-09-25,1.1927196979522705,0.9889317518496694,98893.17518496694,-0.0015385191117364139,-0.0015385191117364139,-0.011068248150330584,1.325627396025289,-0.25398965439697085,Daily
2017-09-26,1.185564637184143,0.9829992039155963,98299.92039155963,-0.00599894575432236,-0.00599894575432236,-0.017000796084403746,1.325627396025289,-0.25846492999240667,Daily
2017-09-27,1.1786059141159058,0.977229447445301,97722.9447445301,-0.005869543380414233,-0.005869543380414233,-0.022770552554698953,1.325627396025289,-0.2628174022539147,Daily
2017-09-28,1.1749638319015503,0.9742096509660387,97420.96509660388,-0.0030901611562736964,-0.0030901611562736964,-0.02579034903396127,1.325627396025289,-0.26509541528255065,Daily
2017-09-29,1.178175449371338,0.9768725318559249,97687.25318559249,0.0027333756006684418,0.0027333756006684418,-0.02312746814407507,1.325627396025289,-0.26308664502186463,Daily
2017-10-02,1.1807351112365725,0.9789948501985123,97899.48501985123,0.002172564253142939,0.002172564253142939,-0.02100514980148771,1.325627396025289,-0.2614856534091755,Daily
2017-10-03,1.173378348350525,0.9728950629464594,97289.50629464595,-0.006230663267346115,-0.006230663267346115,-0.027104937053540556,1.325627396025289,-0.26608708762088706,Daily
2017-10-04,1.17475688457489,0.9740380626350619,97403.8062635062,0.0011748437546190704,0.0011748437546190704,-0.025961937364938126,1.325627396025289,-0.2652248546193442,Daily
2017-10-05,1.175723671913147,0.9748396648033921,97483.96648033921,0.0008229680123195138,0.0008229680123195138,-0.025160335196607875,1.325627396025289,-0.26462015817844853,Daily
2017-10-06,1.1712344884872437,0.9711175027250973,97111.75027250973,-0.0038182300255965584,-0.0038182300255965584,-0.028882497274902663,1.325627396025289,-0.26742800757071006,Daily
2017-10-09,1.1742464303970337,0.9736148245974802,97361.48245974802,0.002571595986453623,0.002571595986453623,-0.026385175402519834,1.325627396025289,-0.2655441283751905,Daily
2017-10-10,1.1741636991500854,0.9735462288015714,97354.62288015714,-7.045475703104653e-05,-7.045475703104653e-05,-0.02645377119842862,1.325627396025289,-0.2655958742851757,Daily
2017-10-11,1.1814883947372437,0.9796194277696191,97961.9427769619,0.006238223505342644,0.006238223505342644,-0.020380572230380922,1.325627396025289,-0.2610144972057209,Daily
2017-10-12,1.1865493059158323,0.9838156322645979,98381.5632264598,0.004283504773412439,0.004283504773412439,-0.016184367735402105,1.325627396025289,-0.2578490492770189,Daily
2017-10-13,1.1831799745559692,0.9810219844611853,98102.19844611852,-0.0028396050152019736,-0.0028396050152019736,-0.01897801553881473,1.325627396025289,-0.2599564648387288,Daily
2017-10-16,1.181404709815979,0.9795500412440743,97955.00412440742,-0.0015004181765808644,-0.0015004181765808644,-0.0204499587559257,1.325627396025289,-0.26106683961034594,Daily
2017-10-17,1.1794538497924805,0.9779325049327648,97793.25049327649,-0.0016513054394394766,-0.0016513054394394766,-0.022067495067235154,1.325627396025289,-0.2622870439574795,Daily
2017-10-18,1.1771907806396484,0.9760561035069232,97605.61035069232,-0.001918743283792046,-0.001918743283792046,-0.02394389649307682,1.325627396025289,-0.2637025257372525,Daily
2017-10-19,1.179523468017578,0.9779902281961808,97799.02281961807,0.001981571225576406,0.001981571225576406,-0.022009771803819245,1.325627396025289,-0.2622434998487888,Daily
2017-10-20,1.184805989265442,0.9823701784902877,98237.01784902878,0.0044785215310232385,0.0044785215310232385,-0.017629821509712262,1.325627396025289,-0.25893944147820924,Daily
2017-10-23,1.175364375114441,0.9745417574130903,97454.17574130904,-0.007968911565727876,-0.007968911565727876,-0.025458242586909652,1.325627396025289,-0.2648448875339182,Daily
2017-10-24,1.1759172677993774,0.975000182919467,97500.0182919467,0.00047040109147666875,0.00047040109147666875,-0.024999817080533004,1.325627396025289,-0.26449906976660964,Daily
2017-10-25,1.1759034395217896,0.9749887173397473,97498.87173397474,-1.1759566737046256e-05,-1.1759566737046256e-05,-0.025011282660252654,1.325627396025289,-0.2645077189388838,Daily
2017-10-26,1.182075023651123,0.9801058253368634,98010.58253368633,0.005248376628478324,0.005248376628478324,-0.019894174663136588,1.325627396025289,-0.26064757844053643,Daily
2017-10-27,1.163724422454834,0.9648906056840837,96489.06056840837,-0.015524057973586913,-0.015524057973586913,-0.03510939431591631,1.325627396025289,-0.2721253282957373,Daily
2017-10-30,1.160456299781799,0.9621808740632739,96218.0874063274,-0.0028083304001997877,-0.0028083304001997877,-0.037819125936726095,1.325627396025289,-0.2741694408638199,Daily
2017-10-31,1.1652703285217283,0.9661723784237757,96617.23784237757,0.004148392956145219,0.004148392956145219,-0.03382762157622432,1.325627396025289,-0.2711584104849444,Daily
2017-11-01,1.165175199508667,0.9660935031426011,96609.35031426011,-8.163686205064913e-05,-8.163686205064913e-05,-0.03390649685739888,1.325627396025289,-0.2712179108252444,Daily
2017-11-02,1.1628718376159668,0.9641836933896453,96418.36933896453,-0.0019768373834866404,-0.0019768373834866404,-0.03581630661035473,1.325627396025289,-0.2726585945035406,Daily
2017-11-03,1.1661807298660278,0.9669272287023869,96692.7228702387,0.0028454487786415683,0.0028454487786415683,-0.0330727712976131,1.325627396025289,-0.2705889817896152,Daily
2017-11-06,1.1614941358566284,0.9630413855894739,96304.1385589474,-0.00401875446007216,-0.00401875446007216,-0.03695861441052606,1.325627396025289,-0.273520305572274,Daily
2017-11-07,1.1612648963928225,0.9628513139532598,96285.13139532598,-0.00019736601049369362,-0.00019736601049369362,-0.037148686046740154,1.325627396025289,-0.27366368797126794,Daily
2017-11-08,1.1601063013076782,0.9618906762869218,96189.06762869218,-0.0009977009455320873,-0.0009977009455320873,-0.03810932371307818,1.325627396025289,-0.2743883543965533,Daily
2017-11-09,1.15968918800354,0.9615448309124476,96154.48309124477,-0.00035954748600874886,-0.00035954748600874886,-0.03845516908755242,1.325627396025289,-0.27464924623954867,Daily
2017-11-10,1.164686679840088,0.9656884518866435,96568.84518866436,0.004309337267471847,0.004309337267471847,-0.03431154811335646,1.325627396025289,-0.27152346520438,Daily
2017-11-13,1.166112780570984,0.9668708892158338,96687.08892158337,0.0012244501079825554,0.0012244501079825554,-0.03312911078416625,1.325627396025289,-0.2706314820326866,Daily
2017-11-14,1.1664936542510986,0.967186686864146,96718.6686864146,0.00032661821948987146,0.00032661821948987146,-0.032813313135854005,1.325627396025289,-0.27039325698599626,Daily
2017-11-15,1.1792869567871094,0.9777941272464933,97779.41272464933,0.01096731430075737,0.01096731430075737,-0.022205872753506717,1.325627396025289,-0.2623914305194097,Daily
2017-11-17,1.177745342254639,0.9765159127901627,97651.59127901627,-0.0013072429264123775,-0.0013072429264123775,-0.0234840872098373,1.325627396025289,-0.2633556641043244,Daily
2017-11-20,1.1731857061386108,0.9727353355600202,97273.53355600202,-0.0038714957745443757,-0.0038714957745443757,-0.02726466443997977,1.325627396025289,-0.2662075795380866,Daily
2017-11-21,1.174122333526611,0.9735119309036168,97351.19309036167,0.0007983624272778211,0.0007983624272778211,-0.026488069096383238,1.325627396025289,-0.2656217472401686,Daily
2017-11-22,1.173722743988037,0.973180615186201,97318.0615186201,-0.000340330412908485,-0.000340330412908485,-0.026819384813798974,1.325627396025289,-0.26587167849416127,Daily
2017-11-23,1.1814744472503662,0.979607863348695,97960.7863348695,0.006604373394001772,0.006604373394001772,-0.020392136651305015,1.325627396025289,-0.261023220939825,Daily
2017-11-24,1.1853959560394287,0.9828593436112575,98285.93436112575,0.003319165131492108,0.003319165131492108,-0.017140656388742515,1.325627396025289,-0.2585704349817861,Daily
2017-11-27,1.1926485300064087,0.9888727436505951,98887.27436505951,0.006118271224082816,0.006118271224082816,-0.011127256349404924,1.325627396025289,-0.254034167809451,Daily
2017-11-28,1.1904903650283811,0.9870833224846952,98708.33224846952,-0.0018095565656849333,-0.0018095565656849333,-0.012916677515304786,1.325627396025289,-0.2553840351788681,Daily
2017-11-29,1.184805989265442,0.9823701784902877,98237.01784902878,-0.004774818788897739,-0.004774818788897739,-0.017629821509712262,1.325627396025289,-0.25893944147820924,Daily
2017-11-30,1.18519926071167,0.9826962556238661,98269.6255623866,0.00033192898229006396,0.00033192898229006396,-0.01730374437613391,1.325627396025289,-0.2586934620012038,Daily
2017-12-01,1.1898245811462402,0.9865312943576766,98653.12943576767,0.003902567768893972,0.003902567768893972,-0.013468705642323386,1.325627396025289,-0.2558004629991393,Daily
2017-12-04,1.1859863996505735,0.983348904097045,98334.8904097045,-0.003225838124784164,-0.003225838124784164,-0.016651095902954993,1.325627396025289,-0.25820113023804336,Daily
2017-12-05,1.1867746114730835,0.9840024421410647,98400.24421410647,0.0006646044362248471,0.0006646044362248471,-0.015997557858935307,1.325627396025289,-0.257708127418413,Daily
2017-12-06,1.1832919120788574,0.9811147963521917,98111.47963521916,-0.0029345920957166705,-0.0029345920957166705,-0.018885203647808324,1.325627396025289,-0.25988645128040566,Daily
2017-12-07,1.1804285049438477,0.9787406306205904,97874.06306205904,-0.002419865382143338,-0.002419865382143338,-0.021259369379409643,1.325627396025289,-0.2616774264358075,Daily
2017-12-08,1.1772184371948242,0.9760790346663624,97607.90346663624,-0.002719408871930007,-0.002719408871930007,-0.023920965333637634,1.325627396025289,-0.26368522739270406,Daily
2017-12-11,1.176996827125549,0.9758952888672345,97589.52888672345,-0.00018824889440494097,-0.00018824889440494097,-0.024104711132765466,1.325627396025289,-0.2638238378345815,Daily
2017-12-12,1.1777591705322266,0.976527378369882,97652.7378369882,0.0006477021765123325,0.0006477021765123325,-0.023472621630117985,1.325627396025289,-0.2633470149320505,Daily
2017-12-13,1.1742602586746216,0.9736262901771998,97362.62901771998,-0.002970821153550185,-0.002970821153550185,-0.026373709822800184,1.325627396025289,-0.2655354792029162,Daily
2017-12-14,1.1835860013961792,0.981358637603643,98135.8637603643,0.007941802213491833,0.007941802213491833,-0.018641362396357053,1.325627396025289,-0.2597025072459187,Daily
2017-12-15,1.1774957180023191,0.9763089393079819,97630.8939307982,-0.005145619656430345,-0.005145619656430345,-0.023691060692018096,1.325627396025289,-0.26351179657624024,Daily
2017-12-18,1.1743566989898682,0.9737062527116239,97370.6252711624,-0.0026658432506034835,-0.0026658432506034835,-0.02629374728837608,1.325627396025289,-0.2654751586824865,Daily
2017-12-19,1.1784253120422363,0.9770797030205144,97707.97030205144,0.003464546211443098,0.003464546211443098,-0.02292029697948561,1.325627396025289,-0.26293036342628917,Daily
2017-12-20,1.1841325759887695,0.9818118245261822,98181.18245261822,0.004843127424547955,0.004843127424547955,-0.01818817547381779,1.325627396025289,-0.25936064125559743,Daily
2017-12-21,1.1878176927566528,0.9848673026802616,98486.73026802616,0.0031120812336455916,0.0031120812336455916,-0.01513269731973843,1.325627396025289,-0.25705571140634953,Daily
2017-12-22,1.185733199119568,0.9831389653787307,98313.89653787306,-0.0017548935748270544,-0.0017548935748270544,-0.01686103462126931,1.325627396025289,-0.25835949956485704,Daily
2017-12-25,1.1856067180633545,0.9830340948607775,98303.40948607775,-0.00010666906881551252,-0.00010666906881551252,-0.01696590513922247,1.325627396025289,-0.2584386096664343,Daily
2017-12-26,1.187253713607788,0.9843996849418685,98439.96849418685,0.0013891584109138044,0.0013891584109138044,-0.01560031505813153,1.325627396025289,-0.2574084634238435,Daily
2017-12-27,1.1857894659042358,0.9831856184272448,98318.56184272448,-0.0012333064843426111,-0.0012333064843426111,-0.016814381572755166,1.325627396025289,-0.2583243063811208,Daily
2017-12-28,1.1900794506072998,0.986742616852854,98674.2616852854,0.0036178299996894037,0.0036178299996894037,-0.013257383147145974,1.325627396025289,-0.255641049806706,Daily
2017-12-29,1.1941723823547363,0.9901362307674585,99013.62307674585,0.00343920882370341,0.00343920882370341,-0.009863769232541508,1.325627396025289,-0.25308104393719866,Daily
2018-01-01,1.200494647026062,0.9953782740470368,99537.82740470368,0.00529426468468408,0.00529426468468408,-0.004621725952963174,1.325627396025289,-0.2491266572857943,Daily
2018-01-02,1.2011579275131226,0.9959282265087614,99592.82265087614,0.0005525059930115983,0.0005525059930115983,-0.004071773491238551,1.325627396025289,-0.24871179526395193,Daily
2018-01-03,1.2063454389572144,1.000229400362898,100022.9400362898,0.004318758861985739,0.004318758861985739,0.00022940036289798016,1.325627396025289,-0.24546716267184276,Daily
2018-01-04,1.2010425329208374,0.9958325482228252,99583.25482228251,-0.004395843731925475,-0.004395843731925475,-0.004167451777174813,1.325627396025289,-0.24878397111534367,Daily
2018-01-05,1.2068840265274048,1.000675964924737,100067.5964924737,0.0048636858782689085,0.0048636858782689085,0.0006759649247369826,1.325627396025289,-0.2451302923241282,Daily
2018-01-08,1.2037460803985596,0.9980741678992192,99807.41678992192,-0.0026000394900196344,-0.0026000394900196344,-0.0019258321007807888,1.325627396025289,-0.24709298337390495,Daily
2018-01-09,1.1970456838607788,0.9925186003190315,99251.86003190315,-0.0055662873149811,-0.0055662873149811,-0.0074813996809685035,1.325627396025289,-0.2512838801499111,Daily
2018-01-10,1.1929330825805664,0.989108677605688,98910.8677605688,-0.0034356260046385367,-0.0034356260046385367,-0.010891322394312009,1.325627396025289,-0.25385618872136007,Daily
2018-01-11,1.195614457130432,0.9913319128180486,99133.19128180486,0.002247715809897022,0.002247715809897022,-0.008668087181951445,1.325627396025289,-0.25217906948029234,Daily
2018-01-12,1.2042099237442017,0.9984587590258496,99845.87590258496,0.007189162495073509,0.007189162495073509,-0.0015412409741504263,1.325627396025289,-0.24680286329356904,Daily
2018-01-15,1.2192296981811523,1.0109122565842632,101091.22565842632,0.012472721027119826,0.012472721027119826,0.010912256584263202,1.325627396025289,-0.2374084455290043,Daily
2018-01-16,1.2268433570861816,1.0172250466319697,101722.50466319696,0.006244646858903913,0.006244646858903913,0.017225046631969665,1.325627396025289,-0.2326463305737504,Daily
2018-01-17,1.227129340171814,1.0174621666815162,101746.21666815162,0.00023310480835259106,0.00023310480835259106,0.017462166681516234,1.325627396025289,-0.23246745674370006,Daily
2018-01-18,1.218397855758667,1.0102225426594043,101022.25426594043,-0.007115374172313671,-0.007115374172313671,0.010222542659404255,1.325627396025289,-0.2379287379783962,Daily
2018-01-19,1.2236607074737549,1.0145861841547719,101458.61841547719,0.004319485371886866,0.004319485371886866,0.014586184154771864,1.325627396025289,-0.2346369823097586,Daily
2018-01-22,1.2255502939224243,1.0161529160869789,101615.2916086979,0.0015442078323906205,0.0015442078323906205,0.016152916086978886,1.325627396025289,-0.23345510274321923,Daily
2018-01-23,1.2256253957748413,1.016215186045801,101621.51860458011,6.128010640571446e-05,6.128010640571446e-05,0.016215186045801078,1.325627396025289,-0.23340812879035067,Daily
2018-01-24,1.2310267686843872,1.020693681020774,102069.36810207741,0.004407034097177132,0.004407034097177132,0.02069368102077407,1.325627396025289,-0.23002973227531098,Daily
2018-01-25,1.239111304283142,1.027396893826175,102739.68938261751,0.00656731096708385,0.00656731096708385,0.02739689382617505,1.325627396025289,-0.22497309809175403,Daily
2018-01-26,1.239234209060669,1.0274987991079936,102749.87991079935,9.918784301454764e-05,9.918784301454764e-05,0.027498799107993577,1.325627396025289,-0.22489622484507554,Daily
2018-01-29,1.2428072690963743,1.030461366529862,103046.13665298621,0.0028832806660605836,0.0028832806660605836,0.03046136652986209,1.325627396025289,-0.22266138311598072,Daily
2018-01-30,1.2381141185760498,1.0265700871507026,102657.00871507026,-0.0037762496543306545,-0.0037762496543306545,0.026570087150702637,1.325627396025289,-0.22559680779928692,Daily
2018-01-31,1.2409565448760986,1.0289268568303156,102892.68568303157,0.002295770848100842,0.002295770848100842,0.028926856830315595,1.325627396025289,-0.2238189555259562,Daily
2018-02-01,1.241865873336792,1.0296808175380865,102968.08175380866,0.000732764144278919,0.000732764144278919,0.02968081753808649,1.325627396025289,-0.22325019788709666,Daily
2018-02-02,1.2510008811950684,1.0372550190373622,103725.50190373622,0.007355873169887062,0.007355873169887062,0.03725501903736217,1.325627396025289,-0.21753652485801933,Daily
2018-02-05,1.244694471359253,1.0320261216379796,103202.61216379795,-0.005041091441751022,-0.005041091441751022,0.03202612163797958,1.325627396025289,-0.22148099478604044,Daily
2018-02-06,1.2367818355560305,1.0254654378494386,102546.54378494386,-0.006357090824530953,-0.006357090824530953,0.025465437849438555,1.325627396025289,-0.226430110810809,Daily
2018-02-07,1.238129496574402,1.0265828376660808,102658.28376660809,0.0010896513674665265,0.0010896513674665265,0.026582837666080827,1.325627396025289,-0.22558718932322308,Daily
2018-02-08,1.2268133163452148,1.0172001386484408,101720.01386484408,-0.009139738824166743,-0.009139738824166743,0.017200138648440833,1.325627396025289,-0.2326651201548977,Daily
2018-02-09,1.2260762453079224,1.0165890034811431,101658.90034811432,-0.0006008013016098879,-0.0006008013016098879,0.016589003481143116,1.325627396025289,-0.23312613594947929,Daily
2018-02-12,1.2252799272537231,1.0159287442352192,101592.87442352192,-0.0006494849380260792,-0.0006494849380260792,0.015928744235219172,1.325627396025289,-0.23362420897354597,Daily
2018-02-13,1.2303755283355713,1.0201537115207018,102015.37115207018,0.004158724034000194,0.004158724034000194,0.020153711520701778,1.325627396025289,-0.2304370635523284,Daily
2018-02-14,1.235376238822937,1.0243000012074186,102430.00012074185,0.004064377397143604,0.004064377397143604,0.024300001207418598,1.325627396025289,-0.2273092693477511,Daily
2018-02-15,1.2467273473739624,1.033711660697971,103371.16606979711,0.009188381801677359,0.009188381801677359,0.033711660697971046,1.325627396025289,-0.22020949189990113,Daily
2018-02-16,1.2503595352172852,1.0367232533572617,103672.32533572617,0.0029133778536050148,0.0029133778536050148,0.036723253357261676,1.325627396025289,-0.2179376675031509,Daily
2018-02-19,1.241187572479248,1.0291184110845972,102911.84110845972,-0.0073354603053779055,-0.0073354603053779055,0.02911841108459723,1.325627396025289,-0.22367445469951286,Daily
2018-02-20,1.2398641109466553,1.028021076032464,102802.10760324639,-0.0010662864839593444,-0.0010662864839593444,0.028021076032463954,1.325627396025289,-0.22450224013561915,Daily
2018-02-21,1.233532428741455,1.022771224297732,102277.1224297732,-0.0051067549655626765,-0.0051067549655626765,0.02277122429773204,1.325627396025289,-0.22846251717158939,Daily
2018-02-22,1.2281843423843384,1.0183369113411613,101833.69113411613,-0.004335586347392062,-0.004335586347392062,0.018336911341161333,1.325627396025289,-0.23180758454864148,Daily
2018-02-23,1.2326656579971311,1.0220525498999602,102205.25498999601,0.003648732082101702,0.003648732082101702,0.022052549899960194,1.325627396025289,-0.22900465623715682,Daily
2018-02-26,1.228712558746338,1.0187748767182105,101877.48767182106,-0.0032069517189409202,-0.0032069517189409202,0.018774876718210542,1.325627396025289,-0.2314772010801326,Daily
2018-02-27,1.2315573692321775,1.0211336232219128,102113.36232219129,0.0023152774549177746,0.0023152774549177746,0.02113362322191281,1.325627396025289,-0.2296978575702031,Daily
2018-02-28,1.2230321168899536,1.0140649944835507,101406.49944835507,-0.006922334724479007,-0.006922334724479007,0.014064994483550697,1.325627396025289,-0.23503014683908552,Daily
2018-03-01,1.2191256284713743,1.0108259682127525,101082.59682127525,-0.003194101254276882,-0.003194101254276882,0.010825968212752501,1.325627396025289,-0.2374735380065508,Daily
2018-03-02,1.2270842790603638,1.017424804706223,101742.48047062231,0.006528162810397475,0.006528162810397475,0.017424804706223096,1.325627396025289,-0.2324956411154211,Daily
2018-03-05,1.2315422296524048,1.0211210703889442,102112.10703889442,0.003632962028863096,0.003632962028863096,0.021121070388944174,1.325627396025289,-0.22970732692260665,Daily
2018-03-06,1.2336541414260864,1.0228721411675055,102287.21411675055,0.0017148512838878194,0.0017148512838878194,0.022872141167505466,1.325627396025289,-0.22838638954321056,Daily
2018-03-07,1.2416653633117676,1.0295145666321517,102951.45666321517,0.0064938961550604635,0.0064938961550604635,0.029514566632151684,1.325627396025289,-0.22337561088507274,Daily
2018-03-08,1.2414649724960327,1.0293484145674212,102934.84145674213,-0.00016138874583782048,-0.00016138874583782048,0.02934841456742121,1.325627396025289,-0.2235009493212191,Daily
2018-03-09,1.2306632995605469,1.0203923141883156,102039.23141883155,-0.008700747242001095,-0.008700747242001095,0.020392314188315552,1.325627396025289,-0.23025707129482886,Daily
2018-03-12,1.2308752536773682,1.0205680538498803,102056.80538498802,0.00017222754338797053,0.00017222754338797053,0.020568053849880252,1.325627396025289,-0.2301245003611777,Daily
2018-03-13,1.2339584827423096,1.023124482762542,102312.4482762542,0.0025049078334542507,0.0025049078334542507,0.023124482762542087,1.325627396025289,-0.22819603319134785,Daily
2018-03-14,1.239234209060669,1.0274987991079936,102749.87991079935,0.004275448803297444,0.004275448803297444,0.027498799107993577,1.325627396025289,-0.22489622484507554,Daily
2018-03-15,1.2375624179840088,1.0261126500563709,102611.26500563709,-0.0013490517486016707,-0.0013490517486016707,0.026112650056370867,1.325627396025289,-0.22594187994829595,Daily
2018-03-16,1.2309207916259766,1.0206058111899916,102060.58111899917,-0.005366700104590616,-0.005366700104590616,0.020605811189991607,1.325627396025289,-0.23009601774213662,Daily
2018-03-19,1.228078842163086,1.0182494368751966,101824.94368751967,-0.002308799625633684,-0.002308799625633684,0.018249436875196645,1.325627396025289,-0.2318735717681475,Daily
2018-03-20,1.233684539794922,1.0228973456746482,102289.73456746482,0.004564607286908995,0.004564607286908995,0.022897345674648184,1.325627396025289,-0.2283673762765729,Daily
2018-03-21,1.2251899242401123,1.0158541191258368,101585.41191258367,-0.006885565378181746,-0.006885565378181746,0.015854119125836785,1.325627396025289,-0.23368050315515854,Daily
2018-03-22,1.234766125679016,1.0237941319228916,102379.41319228915,0.007816095488087704,0.007816095488087704,0.023794131922891593,1.325627396025289,-0.22769087679343591,Daily
2018-03-23,1.2324985265731812,1.02191397453128,102191.397453128,-0.0018364604103369153,-0.0018364604103369153,0.021913974531279967,1.325627396025289,-0.2291091919227467,Daily
2018-03-26,1.235437273979187,1.0243506079041123,102435.06079041123,0.0023843820845583785,0.0023843820845583785,0.024350607904112254,1.325627396025289,-0.22727109369081655,Daily
2018-03-27,1.2457488775253296,1.032900372091602,103290.03720916019,0.008346521319475775,0.008346521319475775,0.032900372091601904,1.325627396025289,-0.22082149540013174,Daily
2018-03-28,1.240787148475647,1.02878640347875,102878.640347875,-0.003982928774167505,-0.003982928774167505,0.028786403478749945,1.325627396025289,-0.22392490788631536,Daily
2018-03-29,1.2310267686843872,1.020693681020774,102069.36810207741,-0.00786628053268501,-0.00786628053268501,0.02069368102077407,1.325627396025289,-0.23002973227531098,Daily
2018-03-30,1.2302846908569336,1.0200783945228882,102007.83945228881,-0.0006028120966424799,-0.0006028120966424799,0.020078394522888177,1.325627396025289,-0.2304938796667505,Daily
2018-04-02,1.231420874595642,1.0210204500427837,102102.04500427838,0.0009235128642599566,0.0009235128642599566,0.021020450042783745,1.325627396025289,-0.2297832308654959,Daily
2018-04-03,1.229271411895752,1.0192382442848111,101923.82442848111,-0.0017455142626162656,-0.0017455142626162656,0.019238244284811135,1.325627396025289,-0.2311276552213265,Daily
2018-04-04,1.2278525829315186,1.0180618362690945,101806.18362690945,-0.0011542031731178737,-0.0011542031731178737,0.018061836269094522,1.325627396025289,-0.23201509012139254,Daily
2018-04-05,1.228682279586792,1.0187497710522728,101874.97710522728,0.000675729861065566,0.000675729861065566,0.018749771052272823,1.325627396025289,-0.23149613978493988,Daily
2018-04-06,1.2251598834991455,1.015829211142308,101582.92111423079,-0.0028668079178542083,-0.0028668079178542083,0.015829211142307953,1.325627396025289,-0.23369929273630596,Daily
2018-04-09,1.227144479751587,1.017474719514485,101747.4719514485,0.0016198671529898956,0.0016198671529898956,0.017474719514485093,1.325627396025289,-0.23245798739129653,Daily
2018-04-10,1.2322403192520142,1.021699884482377,102169.98844823771,0.004152599457122763,0.004152599457122763,0.02169988448237703,1.325627396025289,-0.22927069284641866,Daily
2018-04-11,1.2363078594207764,1.025072445220427,102507.24452204269,0.0033009309184355295,0.0033009309184355295,0.025072445220426953,1.325627396025289,-0.22672656864669105,Daily
2018-04-12,1.2371643781661987,1.0257826192746133,102578.26192746134,0.0006928037696238842,0.0006928037696238842,0.02578261927461334,1.325627396025289,-0.22619084189849936,Daily
2018-04-13,1.2329696416854858,1.0223045949713834,102230.45949713833,-0.003390605609685071,-0.003390605609685071,0.022304594971383374,1.325627396025289,-0.22881452357078402,Daily
2018-04-16,1.233258605003357,1.022544186051042,102254.4186051042,0.00023436369242313404,0.00023436369242313404,0.022544186051042026,1.325627396025289,-0.22863378569498494,Daily
2018-04-17,1.2385127544403076,1.0269006121384827,102690.06121384827,0.004260379303768547,0.004260379303768547,0.026900612138482716,1.325627396025289,-0.22534747303993363,Daily
2018-04-18,1.237317442893982,1.0259095313811653,102590.95313811653,-0.0009651184794344791,-0.0009651184794344791,0.02590953138116525,1.325627396025289,-0.2260951045088434,Daily
2018-04-19,1.237914800643921,1.0264048246568127,102640.48246568127,0.00048278455409289656,0.00048278455409289656,0.02640482465681271,1.325627396025289,-0.22572147517896346,Daily
2018-04-20,1.2345526218414309,1.0236171073256688,102361.71073256688,-0.0027160017803657954,-0.0027160017803657954,0.023617107325668796,1.325627396025289,-0.2278244170308763,Daily
2018-04-23,1.2273402214050293,1.0176370167722408,101763.70167722409,-0.005842116657322927,-0.005842116657322927,0.017637016772240832,1.325627396025289,-0.2323355568665183,Daily
2018-04-24,1.22089684009552,1.0122945508289112,101229.45508289112,-0.00524987383052844,-0.00524987383052844,0.012294550828911177,1.325627396025289,-0.23636569833715193,Daily
2018-04-25,1.2241400480270386,1.0149836246379844,101498.36246379845,0.0026564143873650803,0.0026564143873650803,0.014983624637984416,1.325627396025289,-0.23433716919152925,Daily
2018-04-26,1.2171669006347656,1.0092019083819472,100920.19083819473,-0.00569636407493701,-0.00569636407493701,0.009201908381947232,1.325627396025289,-0.23869866343446122,Daily
2018-04-27,1.2109616994857788,1.004056927165168,100405.6927165168,-0.005098069250610293,-0.005098069250610293,0.004056927165168034,1.325627396025289,-0.24257983036885444,Daily
2018-04-30,1.2122827768325806,1.0051522853932116,100515.22853932115,0.0010909323947758676,0.0010909323947758676,0.005152285393211553,1.325627396025289,-0.24175353616934725,Daily
2018-05-01,1.2081234455108645,1.0017036169277123,100170.36169277123,-0.0034309910205797545,-0.0034309910205797545,0.0017036169277122593,1.325627396025289,-0.24435507297813663,Daily
2018-05-02,1.1991558074951172,0.9942681884795258,99426.81884795259,-0.007422782869639044,-0.007422782869639044,-0.005731811520474195,1.325627396025289,-0.2499640611979641,Daily
2018-05-03,1.19510018825531,0.9909055118619237,99090.55118619237,-0.0033820619593034618,-0.0033820619593034618,-0.00909448813807634,1.325627396025289,-0.2525007292146969,Daily
2018-05-04,1.1989257335662842,0.99407742495488,99407.74249548801,0.003201024774800443,0.003201024774800443,-0.005922575045119949,1.325627396025289,-0.2501079655297679,Daily
2018-05-07,1.195500135421753,0.9912371241029527,99123.71241029527,-0.0028572229693841766,-0.0028572229693841766,-0.008762875897047273,1.325627396025289,-0.25225057427521436,Daily
2018-05-08,1.1933743953704834,0.9894745877446717,98947.45877446717,-0.0017781177837503659,-0.0017781177837503659,-0.010525412255328326,1.325627396025289,-0.2535801608268847,Daily
2018-05-09,1.1867886781692505,0.9840141054031933,98401.41054031934,-0.005518567539894548,-0.005518567539894548,-0.01598589459680666,1.325627396025289,-0.25769932912247884,Daily
2018-05-10,1.184721827507019,0.9823003965999251,98230.0396599925,-0.0017415490223751107,-0.0017415490223751107,-0.017699603400074926,1.325627396025289,-0.258992082130154,Daily
2018-05-11,1.1917530298233032,0.9881302485225438,98813.02485225438,0.005934897250166937,0.005934897250166937,-0.01186975147745617,1.325627396025289,-0.25459427627603637,Daily
2018-05-14,1.1952143907546997,0.9910002017358152,99100.02017358152,0.0029044280524379573,0.0029044280524379573,-0.008999798264184844,1.325627396025289,-0.2524292989816047,Daily
2018-05-15,1.1931180953979492,0.9892620791550404,98926.20791550404,-0.0017539073934902394,-0.0017539073934902394,-0.010737920844959614,1.325627396025289,-0.25374046876127754,Daily
2018-05-16,1.1820889711380005,0.9801173897577875,98011.73897577875,-0.009243950202825535,-0.009243950202825535,-0.019882610242212495,1.325627396025289,-0.2606388547064322,Daily
2018-05-17,1.1816978454589844,0.9797930917658897,97979.30917658897,-0.0003308766840449673,-0.0003308766840449673,-0.02020690823411031,1.325627396025289,-0.26088349207049866,Daily
2018-05-18,1.179523468017578,0.9779902281961808,97799.02281961807,-0.0018400451940925322,-0.0018400451940925322,-0.022009771803819245,1.325627396025289,-0.2622434998487888,Daily
2018-05-21,1.1766643524169922,0.975619620747941,97561.9620747941,-0.002423958215423294,-0.002423958215423294,-0.024380379252059048,1.325627396025289,-0.2640317907783123,Daily
2018-05-22,1.1792453527450562,0.9777596316661299,97775.96316661299,0.0021934890121912964,0.0021934890121912964,-0.02224036833387011,1.325627396025289,-0.26241745259806226,Daily
2018-05-23,1.1788560152053833,0.9774368162922994,97743.68162922993,-0.000330158214120968,-0.000330158214120968,-0.022563183707700607,1.325627396025289,-0.2626609715346794,Daily
2018-05-24,1.1710150241851809,0.9709355360676505,97093.55360676505,-0.006651355991797114,-0.006651355991797114,-0.029064463932349516,1.325627396025289,-0.26756527589964807,Daily
2018-05-25,1.1722642183303833,0.9719712930493924,97197.12930493924,0.0010667618428479297,0.0010667618428479297,-0.02802870695060755,1.325627396025289,-0.26678394248360104,Daily
2018-05-28,1.1688934564590454,0.969176459151526,96917.64591515259,-0.002875428438938954,-0.002875428438938954,-0.03082354084847405,1.325627396025289,-0.26889225278727036,Daily
2018-05-29,1.162696123123169,0.9640380014542423,96403.80014542423,-0.005301880425141681,-0.005301880425141681,-0.035961998545757656,1.325627396025289,-0.2727684986408869,Daily
2018-05-30,1.1539349555969238,0.9567737659722148,95677.37659722148,-0.007535216942765266,-0.007535216942765266,-0.04322623402778525,1.325627396025289,-0.2782483457712408,Daily
2018-05-31,1.1667250394821167,0.9673785376420411,96737.8537642041,0.011083886334456894,0.011083886334456894,-0.03262146235795893,1.325627396025289,-0.270248532474063,Daily
2018-06-01,1.1693171262741089,0.9695277407922467,96952.77407922466,0.002221677519788967,0.002221677519788967,-0.030472259207753316,1.325627396025289,-0.2686272600436276,Daily
2018-06-04,1.1668611764907837,0.9674914142975568,96749.14142975568,-0.002100328241279481,-0.002100328241279481,-0.03250858570244319,1.325627396025289,-0.27016338286426,Daily
2018-06-05,1.1700559854507446,0.9701403585776115,97014.03585776115,0.002737951201332356,0.002737951201332356,-0.029859641422388505,1.325627396025289,-0.2681651258215969,Daily
2018-06-06,1.1726216077804563,0.9722676189804224,97226.76189804224,0.0021927346739081255,0.0021927346739081255,-0.027732381019577645,1.325627396025289,-0.2665604061174106,Daily
2018-06-07,1.178550362586975,0.9771833874440135,97718.33874440135,0.005055982908025003,0.005055982908025003,-0.02281661255598655,1.325627396025289,-0.26285214806667156,Daily
2018-06-08,1.179523468017578,0.9779902281961808,97799.02281961807,0.0008256799721879649,0.0008256799721879649,-0.022009771803819245,1.325627396025289,-0.2622434998487888,Daily
2018-06-11,1.1783976554870603,0.9770567718610749,97705.67718610748,-0.0009544638670138106,-0.0009544638670138106,-0.02294322813892513,1.325627396025289,-0.2629476617708377,Daily
2018-06-12,1.177412509918213,0.9762399481472552,97623.99481472552,-0.0008360043524019423,-0.0008360043524019423,-0.023760051852744768,1.325627396025289,-0.26356384073354533,Daily
2018-06-13,1.17482590675354,0.9740952916924558,97409.52916924558,-0.002196853815365385,-0.002196853815365385,-0.02590470830754421,1.325627396025289,-0.26518168331980285,Daily
2018-06-14,1.1807769536972046,0.9790295434612845,97902.95434612845,0.0050654713259681294,0.0050654713259681294,-0.020970456538715543,1.325627396025289,-0.2614594822068632,Daily
2018-06-15,1.1566576957702637,0.95903129908253,95903.129908253,-0.020426599495713016,-0.020426599495713016,-0.04096870091746996,1.325627396025289,-0.2765453535751802,Daily
2018-06-18,1.159595012664795,0.9614667463609086,96146.67463609086,0.002539486751588216,0.002539486751588216,-0.038533253639091436,1.325627396025289,-0.2747081500852093,Daily
2018-06-19,1.163074612617493,0.9643518222784654,96435.18222784654,0.0030007027580274404,0.0030007027580274404,-0.03564817772153461,1.325627396025289,-0.2725317648307952,Daily
2018-06-20,1.1588560342788696,0.9608540297343393,96085.40297343393,-0.0036270917556435744,-0.0036270917556435744,-0.03914597026566069,1.325627396025289,-0.27517035886907004,Daily
2018-06-21,1.1579033136367798,0.9600640908281378,96006.40908281379,-0.0008221216561061784,-0.0008221216561061784,-0.03993590917186218,1.325627396025289,-0.27576625701403146,Daily
2018-06-22,1.1605775356292725,0.9622813955682299,96228.139556823,0.002309538249867682,0.002309538249867682,-0.03771860443177011,1.325627396025289,-0.27409361148276046,Daily
2018-06-25,1.1661399602890017,0.9668934250104552,96689.34250104551,0.0047928074505709795,0.0047928074505709795,-0.033106574989544835,1.325627396025289,-0.270614481935458,Daily
2018-06-26,1.1702749729156494,0.9703219298702407,97032.19298702407,0.0035458973772093394,0.0035458973772093394,-0.029678070129759315,1.325627396025289,-0.2680281557399784,Daily
2018-06-27,1.1650259494781494,0.9659697539545926,96596.97539545926,-0.004485290687215593,-0.004485290687215593,-0.034030246045407386,1.325627396025289,-0.27131126223634194,Daily
2018-06-28,1.1563634872436523,0.9587873589898742,95878.73589898742,-0.0074354242825039885,-0.0074354242825039885,-0.04121264101012578,1.325627396025289,-0.27672937217149707,Daily
2018-06-29,1.1562966108322144,0.9587319090741611,95873.19090741611,-5.78333821292798e-05,-5.78333821292798e-05,-0.04126809092583894,1.325627396025289,-0.2767712013580991,Daily
2018-07-02,1.1678558588027954,0.968316145307735,96831.6145307735,0.00999678444293095,0.00999678444293095,-0.03168385469226498,1.325627396025289,-0.26954123895515625,Daily
2018-07-03,1.1642121076583862,0.96529496505161,96529.496505161,-0.003120034991428211,-0.003120034991428211,-0.034705034948389946,1.325627396025289,-0.27182029584941136,Daily
2018-07-04,1.1659224033355713,0.9667130398122796,96671.30398122796,0.0014690584867951273,0.0014690584867951273,-0.03328696018772037,1.325627396025289,-0.2707505572751171,Daily
2018-07-05,1.166235089302063,0.9669723002916297,96697.23002916298,0.0002681876303234354,0.0002681876303234354,-0.03302769970837027,1.325627396025289,-0.2705549815951579,Daily
2018-07-06,1.1695905923843384,0.9697544825153229,96975.44825153229,0.002877209846501305,0.002877209846501305,-0.030245517484677076,1.325627396025289,-0.26845621520572216,Daily
2018-07-09,1.1752262115478516,0.9744272004570984,97442.72004570984,0.004818454594461397,0.004818454594461397,-0.025572799542901592,1.325627396025289,-0.2649313046948305,Daily
2018-07-10,1.1756960153579712,0.9748167336439527,97481.67336439528,0.00039975606866438085,0.00039975606866438085,-0.025183266356047285,1.325627396025289,-0.2646374565229971,Daily
2018-07-11,1.1727042198181152,0.9723361159351269,97233.61159351269,-0.0025447016071964423,-0.0025447016071964423,-0.02766388406487308,1.325627396025289,-0.2665087347692551,Daily
2018-07-12,1.1676785945892334,0.9681691684366738,96816.91684366738,-0.0042855011041584845,-0.0042855011041584845,-0.03183083156332622,1.325627396025289,-0.26965211239629205,Daily
2018-07-13,1.1665889024734497,0.9672656609865253,96726.56609865253,-0.0009332123761051081,-0.0009332123761051081,-0.03273433901347467,1.325627396025289,-0.270333682083866,Daily
2018-07-16,1.1679104566574097,0.9683614145793866,96836.14145793866,0.001132836238333601,0.001132836238333601,-0.031638585420613374,1.325627396025289,-0.26950708963703907,Daily
2018-07-17,1.170946478843689,0.9708787023750745,97087.87023750745,0.002599533353754291,0.002599533353754291,-0.029121297624925546,1.325627396025289,-0.2676081489518696,Daily
2018-07-18,1.1653246879577637,0.9662174500130186,96621.74500130187,-0.004801065622979439,-0.004801065622979439,-0.03378254998698138,1.325627396025289,-0.27112441029048695,Daily
2018-07-19,1.164564609527588,0.9655872384932563,96558.72384932563,-0.0006522460547092601,-0.0006522460547092601,-0.03441276150674366,1.325627396025289,-0.27159981651824894,Daily
2018-07-20,1.1655147075653076,0.9663750028929592,96637.50028929592,0.0008158396966100323,0.0008158396966100323,-0.03362499710704081,1.325627396025289,-0.2710055587335465,Daily
2018-07-23,1.1741912364959717,0.9735690611198061,97356.90611198061,0.007444375325635244,0.007444375325635244,-0.026430938880193877,1.325627396025289,-0.2655786505024573,Daily
2018-07-24,1.1694128513336182,0.9696071102794438,96960.71102794437,-0.004069511859595476,-0.004069511859595476,-0.030392889720556204,1.325627396025289,-0.2685673868941777,Daily
2018-07-25,1.1685519218444824,0.9688932791006918,96889.32791006917,-0.0007362066255334199,-0.0007362066255334199,-0.031106720899308216,1.325627396025289,-0.26910587243007744,Daily
2018-07-26,1.1737502813339231,0.9732034475044357,97320.34475044356,0.004448548149435405,0.004448548149435405,-0.02679655249556434,1.325627396025289,-0.265854454711443,Daily
2018-07-27,1.16429340839386,0.9653623747530653,96536.23747530652,-0.008056971819692005,-0.008056971819692005,-0.0346376252469347,1.325627396025289,-0.2717694446813853,Daily
2018-07-30,1.16604483127594,0.9668145497292803,96681.45497292803,0.0015042796510340573,0.0015042796510340573,-0.03318545027071973,1.325627396025289,-0.27067398227575823,Daily
2018-07-31,1.170740842819214,0.9707082012973473,97070.82012973473,0.004027299309011578,0.004027299309011578,-0.02929179870265275,1.325627396025289,-0.2677367681085333,Daily
2018-08-01,1.168961763381958,0.9692330951616928,96923.30951616928,-0.0015196184947062763,-0.0015196184947062763,-0.03076690483830724,1.325627396025289,-0.26884952885870894,Daily
2018-08-02,1.1665889024734497,0.9672656609865253,96726.56609865253,-0.0020298875316873133,-0.0020298875316873133,-0.03273433901347467,1.325627396025289,-0.270333682083866,Daily
2018-08-03,1.1586008071899414,0.9606424107155483,96064.24107155483,-0.0068473952277204875,-0.0068473952277204875,-0.039357589284451655,1.325627396025289,-0.27532999574699324,Daily
2018-08-06,1.1562297344207764,0.958676459158448,95867.6459158448,-0.0020464967350712904,-0.0020464967350712904,-0.04132354084155199,1.325627396025289,-0.2768130305447011,Daily
2018-08-07,1.1558021306991575,0.9583219157579793,95832.19157579793,-0.0003698259168478657,-0.0003698259168478657,-0.041678084242020685,1.325627396025289,-0.2770804838287323,Daily
2018-08-08,1.1602946519851685,0.9620468453899997,96204.68453899998,0.0038869294031267376,0.0038869294031267376,-0.03795315461000026,1.325627396025289,-0.2742705467052321,Daily
2018-08-09,1.1610760688781738,0.9626947494853638,96269.47494853639,0.0006734641857293333,0.0006734641857293333,-0.03730525051463618,1.325627396025289,-0.2737817939099091,Daily
2018-08-10,1.1523923873901367,0.9554947607862481,95549.47607862481,-0.007478994461084021,-0.007478994461084021,-0.044505239213751935,1.325627396025289,-0.2792131758507953,Daily
2018-08-13,1.1394712924957275,0.9447813626326986,94478.13626326986,-0.011212409102833498,-0.011212409102833498,-0.05521863736730137,1.325627396025289,-0.2872949325990882,Daily
2018-08-14,1.1402509212493896,0.9454277841099956,94542.77841099956,0.0006842021899073902,0.0006842021899073902,-0.05457221589000438,1.325627396025289,-0.2868072982312144,Daily
2018-08-15,1.134571552276611,0.9407187914461759,94071.87914461759,-0.004980806300560192,-0.004980806300560192,-0.05928120855382413,1.325627396025289,-0.29035957293369796,Daily
2018-08-16,1.134429931640625,0.9406013680952542,94060.13680952541,-0.00012482300979788086,-0.00012482300979788086,-0.05939863190474581,1.325627396025289,-0.2904481523876786,Daily
2018-08-17,1.1371389627456665,0.9428475344670543,94284.75344670542,0.002388010955532316,0.002388010955532316,-0.05715246553294573,1.325627396025289,-0.28875373480206223,Daily
2018-08-20,1.1437721252441406,0.9483473556079155,94834.73556079155,0.005833203078767113,0.005833203078767113,-0.0516526443920845,1.325627396025289,-0.284604890898148,Daily
2018-08-21,1.149134635925293,0.9527936283502282,95279.36283502282,0.004688443233400008,0.004688443233400008,-0.04720637164977182,1.325627396025289,-0.28125080153967197,Daily
2018-08-22,1.1576753854751587,0.9598751064451727,95987.51064451727,0.0074323314978566035,0.0074323314978566035,-0.04012489355482729,1.325627396025289,-0.2759088192328961,Daily
2018-08-23,1.1584800481796265,0.9605422845754105,96054.22845754104,0.0006950676455279581,0.0006950676455279581,-0.039457715424589535,1.325627396025289,-0.2754055268807327,Daily
2018-08-24,1.154334545135498,0.9571050816896306,95710.50816896306,-0.0035783983078883086,-0.0035783983078883086,-0.0428949183103694,1.325627396025289,-0.27799841451724794,Daily
2018-08-27,1.164890170097351,0.9658571738226902,96585.71738226902,0.009144337754020793,0.009144337754020793,-0.03414282617730979,1.325627396025289,-0.27139618816065525,Daily
2018-08-28,1.1683608293533323,0.9687348366499107,96873.48366499107,0.0029793875380468293,0.0029793875380468293,-0.03126516335008933,1.325627396025289,-0.26922539504348764,Daily
2018-08-29,1.1691256761550903,0.9693690018178522,96936.90018178523,0.0006546323554694755,0.0006546323554694755,-0.03063099818214776,1.325627396025289,-0.2687470063425276,Daily
2018-08-30,1.1709738969802856,0.9709014358521048,97090.14358521048,0.0015808572704292256,0.0015808572704292256,-0.029098564147895245,1.325627396025289,-0.267590999730981,Daily
2018-08-31,1.1664663553237915,0.9671640522283202,96716.40522283202,-0.003849395505841846,-0.003849395505841846,-0.03283594777167975,1.325627396025289,-0.2704103316450547,Daily
2018-09-03,1.1601063013076782,0.9618906762869218,96189.06762869218,-0.005452411025046566,-0.005452411025046566,-0.03810932371307818,1.325627396025289,-0.2743883543965533,Daily
2018-09-04,1.161548137664795,0.9630861606551032,96308.61606551032,0.0012428484833599818,0.0012428484833599818,-0.03691383934489678,1.325627396025289,-0.2734865290633066,Daily
2018-09-05,1.1586545705795288,0.9606869880987686,96068.69880987686,-0.002491129718552587,-0.002491129718552587,-0.039313011901231376,1.325627396025289,-0.2752963683616858,Daily
2018-09-06,1.1635212898254397,0.9647221802716506,96472.21802716506,0.004200319378601991,0.004200319378601991,-0.035277819728349424,1.325627396025289,-0.27225238165397225,Daily
2018-09-07,1.162006974220276,0.9634666004511455,96346.66004511455,-0.0013014936799229382,-0.0013014936799229382,-0.036533399548854484,1.325627396025289,-0.27319954057982854,Daily
2018-09-10,1.1561094522476196,0.958576728383128,95857.6728383128,-0.005075289652726744,-0.005075289652726744,-0.04142327161687198,1.325627396025289,-0.27688826343112083,Daily
2018-09-11,1.159595012664795,0.9614667463609086,96146.67463609086,0.003014905215418029,0.003014905215418029,-0.038533253639091436,1.325627396025289,-0.2747081500852093,Daily
2018-09-12,1.1596084833145142,0.9614779154170148,96147.79154170147,1.1616684766790897e-05,1.1616684766790897e-05,-0.03852208458298523,1.325627396025289,-0.27469972459842495,Daily
2018-09-13,1.1629259586334229,0.9642285672964791,96422.85672964792,0.002860858097059049,0.002860858097059049,-0.0357714327035209,1.325627396025289,-0.2726247434327431,Daily
2018-09-14,1.169180393218994,0.9694143699307083,96941.43699307083,0.005378188128950745,0.005378188128950745,-0.030585630069291714,1.325627396025289,-0.26871278246258057,Daily
2018-09-17,1.1628988981246948,0.9642061303430621,96420.61303430621,-0.005372562806159387,-0.005372562806159387,-0.03579386965693787,1.325627396025289,-0.2726416689681419,Daily
2018-09-18,1.1669156551361084,0.9675365847280041,96753.65847280041,0.0034540896185311087,0.0034540896185311087,-0.03246341527199592,1.325627396025289,-0.27012930810797275,Daily
2018-09-19,1.167992353439331,0.9684293184868643,96842.93184868644,0.0009226873411831704,0.0009226873411831704,-0.03157068151313569,1.325627396025289,-0.26945586565986324,Daily
2018-09-20,1.167460560798645,0.9679883878736805,96798.83878736805,-0.00045530489914613614,-0.00045530489914613614,-0.03201161212631953,1.325627396025289,-0.26978848598327076,Daily
2018-09-21,1.1775927543640137,0.9763893960484284,97638.93960484285,0.008678831564500333,0.008678831564500333,-0.02361060395157155,1.325627396025289,-0.26345110324666077,Daily
2018-09-24,1.1751019954681396,0.9743242079220307,97432.42079220306,-0.0021151275656575708,-0.0021151275656575708,-0.02567579207796933,1.325627396025289,-0.2650089981216385,Daily
2018-09-25,1.175295352935791,0.9744845283556965,97448.45283556965,0.00016454526364251265,0.00016454526364251265,-0.025515471644303456,1.325627396025289,-0.26488805883345945,Daily
2018-09-26,1.1763184070587158,0.975332783572541,97533.27835725411,0.0008704655560574093,0.0008704655560574093,-0.02466721642745895,1.325627396025289,-0.26424816920882743,Daily
2018-09-27,1.1748534440994265,0.9741181240106908,97411.81240106908,-0.0012453796102301906,-0.0012453796102301906,-0.025881875989309244,1.325627396025289,-0.26516445953708434,Daily
2018-09-28,1.1637378931045532,0.9649017747401899,96490.17747401899,-0.009461223483405501,-0.009461223483405501,-0.0350982252598101,1.325627396025289,-0.27211690280895295,Daily
2018-10-01,1.1605371236801147,0.9622478883999113,96224.78883999113,-0.0027504212446839427,-0.0027504212446839427,-0.037752111600088734,1.325627396025289,-0.27411888794311356,Daily
2018-10-02,1.157755732536316,0.9599417254169921,95994.17254169921,-0.0023966412508881207,-0.0023966412508881207,-0.040058274583007925,1.325627396025289,-0.27585856455950963,Daily
2018-10-03,1.1551746129989624,0.9578016156575987,95780.16156575987,-0.0022294163309379833,-0.0022294163309379833,-0.04219838434240131,1.325627396025289,-0.2774729773015895,Daily
2018-10-04,1.147631287574768,0.9515471419205352,95154.71419205352,-0.0065300304727188285,-0.0065300304727188285,-0.048452858079464756,1.325627396025289,-0.2821911007771729,Daily
2018-10-05,1.1518083810806274,0.9550105377255023,95501.05377255022,0.003639752201847646,0.003639752201847646,-0.04498946227449774,1.325627396025289,-0.2795784542557209,Daily
2018-10-08,1.1522595882415771,0.9553846516844577,95538.46516844578,0.00039173804285597136,0.00039173804285597136,-0.04461534831554226,1.325627396025289,-0.27929623772935974,Daily
2018-10-09,1.1494120359420776,0.9530236318330524,95302.36318330523,-0.002471276723194804,-0.002471276723194804,-0.04697636816694761,1.325627396025289,-0.281077296161378,Daily
2018-10-10,1.1506949663162231,0.9540873608756623,95408.73608756623,0.0011161622934405813,0.0011161622934405813,-0.04591263912433774,1.325627396025289,-0.280274861747455,Daily
2018-10-11,1.1533360481262207,0.956277187760909,95627.7187760909,0.002295205842824277,0.002295205842824277,-0.043722812239091025,1.325627396025289,-0.2786229444049102,Daily
2018-10-12,1.1590440273284912,0.9610099023138037,96100.99023138036,0.004949103265734278,0.004949103265734278,-0.03899009768619632,1.325627396025289,-0.27505277486323876,Daily
2018-10-15,1.1551345586776731,0.9577684050128933,95776.84050128933,-0.0033730113426572172,-0.0033730113426572172,-0.04223159498710671,1.325627396025289,-0.2774980300764529,Daily
2018-10-16,1.1583458185195925,0.9604309893791665,96043.09893791664,0.002779987680046059,0.002779987680046059,-0.03956901062083351,1.325627396025289,-0.27548948350125646,Daily
2018-10-17,1.1575279235839844,0.9597528398752314,95975.28398752314,-0.0007060887366550084,-0.0007060887366550084,-0.04024716012476859,1.325627396025289,-0.27600105221654436,Daily
2018-10-18,1.1500862836837769,0.9535826776855892,95358.26776855893,-0.006428907457512012,-0.006428907457512012,-0.04641732231441076,1.325627396025289,-0.2806555744511803,Daily
2018-10-19,1.1460003852844238,0.9501948954020492,95019.48954020492,-0.0035526885741700154,-0.0035526885741700154,-0.049805104597950844,1.325627396025289,-0.2832111811727205,Daily
2018-10-22,1.1509466171264648,0.9542960146583189,95429.60146583189,0.004316082180734648,0.004316082180734648,-0.045703985341681075,1.325627396025289,-0.2801174617244302,Daily
2018-10-23,1.1467890739440918,0.9508488288108865,95084.88288108865,-0.0036122815085491977,-0.0036122815085491977,-0.049151171189113496,1.325627396025289,-0.2827178801057705,Daily
2018-10-24,1.147315263748169,0.9512851138874597,95128.51138874597,0.00045883747589914314,0.00045883747589914314,-0.04871488611254027,1.325627396025289,-0.28238876418837067,Daily
2018-10-25,1.139925837516785,0.9451582441453797,94515.82441453797,-0.006440624007078455,-0.006440624007078455,-0.054841755854620255,1.325627396025289,-0.28701062834148827,Daily
2018-10-26,1.1377859115600586,0.9433839456837654,94338.39456837653,-0.001877250156367971,-0.001877250156367971,-0.05661605431623462,1.325627396025289,-0.28834908775092294,Daily
2018-10-29,1.1398738622665403,0.9451151493802262,94511.51493802262,0.0018350998067981905,0.0018350998067981905,-0.05488485061977377,1.325627396025289,-0.28704313729934683,Daily
2018-10-30,1.137617588043213,0.94324438190304,94324.438190304,-0.0019794069309045925,-0.0019794069309045925,-0.05675561809695995,1.325627396025289,-0.2884543690548126,Daily
2018-10-31,1.1346358060836792,0.9407720668553905,94077.20668553904,-0.0026210758262472655,-0.0026210758262472655,-0.0592279331446095,1.325627396025289,-0.2903193841073548,Daily
2018-11-01,1.1316697597503662,0.9383127988467324,93831.27988467323,-0.002614095481042966,-0.002614095481042966,-0.061687201153267646,1.325627396025289,-0.2921745569983436,Daily
2018-11-02,1.140328884124756,0.9454924262577254,94549.24262577255,0.007651635381950905,0.007651635381950905,-0.05450757374227455,1.325627396025289,-0.28675853479442703,Daily
2018-11-05,1.1397570371627808,0.9450182849998364,94501.82849998365,-0.0005014754689952605,-0.0005014754689952605,-0.05498171500016358,1.325627396025289,-0.28711620789269776,Daily
2018-11-06,1.141291856765747,0.946290865507512,94629.08655075119,0.001346619983840558,0.001346619983840558,-0.05370913449248804,1.325627396025289,-0.2861562243320901,Daily
2018-11-07,1.1438506841659546,0.9484124919616675,94841.24919616675,0.002242044736443294,0.002242044736443294,-0.05158750803833245,1.325627396025289,-0.28455575465221095,Daily
2018-11-08,1.1434059143066406,0.948043715427754,94804.3715427754,-0.0003888355932034626,-0.0003888355932034626,-0.05195628457224599,1.325627396025289,-0.28483394483975477,Daily
2018-11-09,1.1368415355682373,0.9426009256618776,94260.09256618776,-0.005741074675465363,-0.005741074675465363,-0.05739907433812241,1.325627396025289,-0.28893976656778775,Daily
2018-11-12,1.132502794265747,0.9390035011836361,93900.35011836361,-0.003816487317488515,-0.003816487317488515,-0.06099649881636393,1.325627396025289,-0.2916535189306523,Daily
2018-11-13,1.123342990875244,0.9314087407138285,93140.87407138284,-0.008088106657998861,-0.008088106657998861,-0.06859125928617149,1.325627396025289,-0.2973827008203592,Daily
2018-11-14,1.1311193704605105,0.93785644900565,93785.644900565,0.006922533588078705,0.006922533588078705,-0.06214355099434998,1.325627396025289,-0.29251880896722304,Daily
2018-11-15,1.131183385848999,0.9379095267324553,93790.95267324553,5.659472391705833e-05,5.659472391705833e-05,-0.06209047326754469,1.325627396025289,-0.2924787692645401,Daily
2018-11-16,1.1324899196624756,0.9389928263335524,93899.28263335524,0.001155015031003126,0.001155015031003126,-0.06100717366644759,1.325627396025289,-0.29166157160828676,Daily
2018-11-19,1.141396164894104,0.9463773515614317,94637.73515614317,0.00786430419997286,0.00786430419997286,-0.05362264843856834,1.325627396025289,-0.28609098273088374,Daily
2018-11-20,1.1455016136169434,0.9497813438025062,94978.13438025062,0.0035968657063256693,0.0035968657063256693,-0.05021865619749377,1.325627396025289,-0.28352314786923183,Daily
2018-11-21,1.1372424364089966,0.9429333286325425,94293.33286325425,-0.007210096528688648,-0.007210096528688648,-0.05706667136745747,1.325627396025289,-0.2886890151336656,Daily
2018-11-22,1.1388354301452637,0.9442541436480042,94425.41436480042,0.001400751225303587,0.001400751225303587,-0.055745856351995804,1.325627396025289,-0.28769264540004214,Daily
2018-11-23,1.1403158903121948,0.945481652566437,94548.1652566437,0.001299977264267449,0.001299977264267449,-0.054518347433562986,1.325627396025289,-0.2867666620338917,Daily
2018-11-26,1.133735418319702,0.9400255192379556,94002.55192379556,-0.00577074479834816,-0.00577074479834816,-0.05997448076204437,1.325627396025289,-0.2908825496089681,Daily
2018-11-27,1.1333370208740234,0.9396951919325847,93969.51919325847,-0.0003514024870715504,-0.0003514024870715504,-0.06030480806741534,1.325627396025289,-0.2911317352446613,Daily
2018-11-28,1.1298797130584717,0.9368285993202659,93682.85993202658,-0.0030505557939732864,-0.0030505557939732864,-0.06317140067973415,1.325627396025289,-0.2932941774368746,Daily
2018-11-29,1.1368545293807983,0.9426116993531659,94261.16993531659,0.0061730609388912505,0.0061730609388912505,-0.05738830064683409,1.325627396025289,-0.2889316393283231,Daily
2018-11-30,1.1392766237258911,0.9446199549457834,94461.99549457834,0.0021305226680250478,0.0021305226680250478,-0.055380045054216565,1.325627396025289,-0.28741669206739673,Daily
2018-12-03,1.1342240571975708,0.9404306693351178,94043.06693351177,-0.004434890019771043,-0.004434890019771043,-0.059569330664882236,1.325627396025289,-0.29057692066800256,Daily
2018-12-04,1.135486125946045,0.9414771011669439,94147.71011669439,0.001112715552509469,0.001112715552509469,-0.05852289883305606,1.325627396025289,-0.2897875345743206,Daily
2018-12-05,1.1342884302139282,0.9404840435855368,94048.40435855369,-0.001054786760268711,-0.001054786760268711,-0.05951595641446317,1.325627396025289,-0.29053665727982947,Daily
2018-12-06,1.13490629196167,0.9409963375483549,94099.6337548355,0.0005447130829194791,0.0005447130829194791,-0.05900366245164512,1.325627396025289,-0.2901502033151979,Daily
2018-12-07,1.1374752521514893,0.9431263655048914,94312.63655048914,0.0022635879349817145,0.0022635879349817145,-0.05687363449510863,1.325627396025289,-0.28854339587977296,Daily
2018-12-10,1.1400948762893677,0.9452984009733316,94529.84009733316,0.002303016380289069,0.002303016380289069,-0.05470159902666838,1.325627396025289,-0.28690489966661925,Daily
2018-12-11,1.1356538534164429,0.9416161707416467,94161.61707416468,-0.003895309912609002,-0.003895309912609002,-0.05838382925835328,1.325627396025289,-0.28968262607958084,Daily
2018-12-12,1.1323105096817017,0.9388440703208104,93884.40703208104,-0.0029439813237839285,-0.0029439813237839285,-0.06115592967918959,1.325627396025289,-0.2917737871623618,Daily
2018-12-13,1.1373459100723269,0.9430191227980311,94301.91227980312,0.004447013736577299,0.004447013736577299,-0.05698087720196887,1.325627396025289,-0.2886242954652687,Daily
2018-12-14,1.1363636255264282,0.9422046712731186,94220.46712731186,-0.0008636638486142489,-0.0008636638486142489,-0.05779532872688142,1.325627396025289,-0.2892386849440578,Daily
2018-12-17,1.1305949687957764,0.9374216465471438,93742.16465471438,-0.005076417971386138,-0.005076417971386138,-0.06257835345285623,1.325627396025289,-0.29284680645717387,Daily
2018-12-18,1.1349835395812988,0.9410603866488577,94106.03866488577,0.0038816471916525153,0.0038816471916525153,-0.058939613351142284,1.325627396025289,-0.29010188724939023,Daily
2018-12-19,1.137539982795715,0.9431800362789236,94318.00362789235,0.002252405541810054,0.002252405541810054,-0.05681996372107645,1.325627396025289,-0.2885029088061103,Daily
2018-12-20,1.138952136039734,0.94435090918719,94435.090918719,0.0012414097661415102,0.0012414097661415102,-0.05564909081281,1.325627396025289,-0.2876196493685208,Daily
2018-12-21,1.1456853151321411,0.9499336580986094,94993.36580986094,0.005911731388308361,0.005911731388308361,-0.05006634190139059,1.325627396025289,-0.28340824808927867,Daily
2018-12-24,1.1372811794281006,0.9429654520239985,94296.54520239985,-0.007335466024604775,-0.007335466024604775,-0.05703454797600149,1.325627396025289,-0.2886647825389318,Daily
2018-12-25,1.140393853187561,0.9455462947141666,94554.62947141666,0.002736942996828251,0.002736942996828251,-0.054453705285833376,1.325627396025289,-0.2867178985971044,Daily
2018-12-26,1.1415525674819946,0.946507031221709,94650.7031221709,0.0010160650122719161,0.0010160650122719161,-0.05349296877829102,1.325627396025289,-0.2859931576099891,Daily
2018-12-27,1.1361312866210938,0.9420120297655878,94201.20297655878,-0.004749041800903631,-0.004749041800903631,-0.057987970234412156,1.325627396025289,-0.2893840059506305,Daily
2018-12-28,1.143105387687683,0.9477945367512608,94779.45367512607,0.006138464056676618,0.006138464056676618,-0.0522054632487392,1.325627396025289,-0.285021915213059,Daily
2018-12-31,1.1439945697784424,0.9485317932954745,94853.17932954745,0.0007778653659904489,0.0007778653659904489,-0.051468206704525454,1.325627396025289,-0.2844657585234611,Daily
2019-01-01,1.1493064165115356,0.9529360585258834,95293.60585258834,0.004643244708864236,0.004643244708864236,-0.04706394147411663,1.325627396025289,-0.28114335794271383,Daily
2019-01-02,1.14617121219635,0.9503365348480685,95033.65348480684,-0.002727909868198486,-0.002727909868198486,-0.04966346515193154,1.325627396025289,-0.2831043340704019,Daily
2019-01-03,1.1318106651306152,0.9384296291504273,93842.96291504272,-0.012529146529702495,-0.012529146529702495,-0.06157037084957273,1.325627396025289,-0.29208642491534254,Daily
2019-01-04,1.1391078233718872,0.9444799958002401,94447.99958002401,0.0064473312242818714,0.0064473312242818714,-0.05552000419975989,1.325627396025289,-0.2875222716186062,Daily
2019-01-07,1.1410444974899292,0.9460857700082166,94608.57700082166,0.0017001675155818852,0.0017001675155818852,-0.05391422999178341,1.325627396025289,-0.28631094012923664,Daily
2019-01-08,1.1479737758636477,0.9518311127010055,95183.11127010055,0.006072750351946432,0.006072750351946432,-0.04816888729899449,1.325627396025289,-0.28197688463972614,Daily
2019-01-09,1.1456066370010376,0.9498684229036528,94986.84229036528,-0.0020620147536291045,-0.0020620147536291045,-0.05013157709634719,1.325627396025289,-0.28345745889704577,Daily
2019-01-10,1.1554949283599854,0.9580672019740355,95806.72019740356,0.008631489238604129,0.008631489238604129,-0.0419327980259645,1.325627396025289,-0.2772726296645136,Daily
2019-01-11,1.151012897491455,0.9543509703680096,95435.09703680096,-0.003878884068224897,-0.003878884068224897,-0.04564902963199036,1.325627396025289,-0.28007600534697796,Daily
2019-01-14,1.146013617515564,0.9502058667757464,95020.58667757464,-0.004343374419858215,-0.004343374419858215,-0.049794133224253634,1.325627396025289,-0.283202904809596,Daily
2019-01-15,1.1472889184951782,0.9512632699812696,95126.32699812697,0.0011128148567545182,0.0011128148567545182,-0.048736730018730356,1.325627396025289,-0.28240524235278974,Daily
2019-01-16,1.1416828632354736,0.9466150646582052,94661.50646582052,-0.004886350046034993,-0.004886350046034993,-0.05338493534179478,1.325627396025289,-0.2859116615298537,Daily
2019-01-17,1.1398088932037354,0.9450612809237849,94506.1280923785,-0.0016414103181225936,-0.0016414103181225936,-0.05493871907621506,1.325627396025289,-0.2870837734966696,Daily
2019-01-18,1.13926362991333,0.9446091812544951,94460.9181254495,-0.00047838132660338317,-0.00047838132660338317,-0.05539081874550489,1.325627396025289,-0.28742481930686137,Daily
2019-01-21,1.1365574598312378,0.9423653870716026,94236.53870716026,-0.002375367747233459,-0.002375367747233459,-0.057634612928397444,1.325627396025289,-0.28911744740855894,Daily
2019-01-22,1.136932134628296,0.942676044977282,94267.6044977282,0.00032965759347836077,0.00032965759347836077,-0.05732395502271803,1.325627396025289,-0.28888309957702574,Daily
2019-01-23,1.1364023685455322,0.9422367946645744,94223.67946645744,-0.0004659610425531424,-0.0004659610425531424,-0.05776320533542556,1.325627396025289,-0.2892144523493241,Daily
2019-01-24,1.1388224363327026,0.9442433699567159,94424.33699567159,0.002129587067182692,0.002129587067182692,-0.05575663004328413,1.325627396025289,-0.2877007726395068,Daily
2019-01-25,1.1313496828079224,0.9380474102127045,93804.74102127046,-0.006561824992528553,-0.006561824992528553,-0.06195258978729545,1.325627396025289,-0.2923747555117596,Daily
2019-01-28,1.1413049697875977,0.9463017380400046,94630.17380400046,0.008799478296548369,0.008799478296548369,-0.053698261959995386,1.325627396025289,-0.28614802253079563,Daily
2019-01-29,1.143000841140747,0.9477078530149322,94770.78530149322,0.0014859055187195214,0.0014859055187195214,-0.05229214698506779,1.325627396025289,-0.2850873059379252,Daily
2019-01-30,1.1435366868972778,0.9481521442290682,94815.21442290682,0.0004688060911626213,0.0004688060911626213,-0.05184785577093176,1.325627396025289,-0.2847521505122994,Daily
2019-01-31,1.1487650871276855,0.9524872206163413,95248.72206163412,0.0045721316074203155,0.0045721316074203155,-0.04751277938365872,1.325627396025289,-0.2814819432125174,Daily
2019-02-01,1.1449507474899292,0.9493245985966058,94932.45985966058,-0.0033203826269595504,-0.0033203826269595504,-0.050675401403394216,1.325627396025289,-0.2838676980854312,Daily
2019-02-04,1.1455278396606443,0.9498030888674917,94980.30888674916,0.0005040323105429678,0.0005040323105429678,-0.05019691113250835,1.325627396025289,-0.2835067442666428,Daily
2019-02-05,1.1436283588409424,0.948228153115313,94822.8153115313,-0.0016581708047048727,-0.0016581708047048727,-0.051771846884686945,1.325627396025289,-0.2846948124650679,Daily
2019-02-06,1.140992522239685,0.9460426752430634,94604.26752430634,-0.0023048017136693133,-0.0023048017136693133,-0.0539573247569366,1.325627396025289,-0.28634344908709486,Daily
2019-02-07,1.1365960836410522,0.9423974116218539,94239.74116218538,-0.0038531703871318435,-0.0038531703871318435,-0.057602588378146136,1.325627396025289,-0.28909328937565515,Daily
2019-02-08,1.1338768005371094,0.9401427449064687,94014.27449064687,-0.0023924797411157828,-0.0023924797411157828,-0.05985725509353135,1.325627396025289,-0.29079411927864707,Daily
2019-02-11,1.1324259042739868,0.9389397486067467,93893.97486067467,-0.001279588983949087,-0.001279588983949087,-0.06106025139325333,1.325627396025289,-0.29170161131097005,Daily
2019-02-12,1.1279042959213257,0.9351907017208335,93519.07017208335,-0.003992851395924202,-0.003992851395924202,-0.06480929827916648,1.325627396025289,-0.2945297415209779,Daily
2019-02-13,1.1334655284881592,0.9398017427510138,93980.17427510138,0.004930589046379108,0.004930589046379108,-0.0601982572489862,1.325627396025289,-0.2910513575919751,Daily
2019-02-14,1.12649405002594,0.9340214102718393,93402.14102718393,-0.006150587103886607,-0.006150587103886607,-0.06597858972816073,1.325627396025289,-0.2954118079692878,Daily
2019-02-15,1.1295350790023804,0.9365428493981152,93654.28493981152,0.0026995517431898097,0.0026995517431898097,-0.06345715060188484,1.325627396025289,-0.29350973568726035,Daily
2019-02-18,1.1298030614852903,0.9367650444257853,93676.50444257853,0.00023725025268506172,0.00023725025268506172,-0.06323495557421466,1.325627396025289,-0.2933421206935325,Daily
2019-02-19,1.131196141242981,0.9379201027413346,93792.01027413347,0.0012330288394324374,0.0012330288394324374,-0.06207989725866536,1.325627396025289,-0.2924707911487354,Daily
2019-02-20,1.1343011856079102,0.9404946195944162,94049.46195944161,0.0027449212844001813,0.0027449212844001813,-0.05950538040558384,1.325627396025289,-0.2905286791640248,Daily
2019-02-21,1.1346358060836792,0.9407720668553905,94077.20668553904,0.0002950014334945905,0.0002950014334945905,-0.0592279331446095,1.325627396025289,-0.2903193841073548,Daily
2019-02-22,1.1343011856079102,0.9404946195944162,94049.46195944161,-0.0002949144333140863,-0.0002949144333140863,-0.05950538040558384,1.325627396025289,-0.2905286791640248,Daily
2019-02-25,1.1342240571975708,0.9404306693351178,94043.06693351177,-6.799641163923731e-05,-6.799641163923731e-05,-0.059569330664882236,1.325627396025289,-0.29057692066800256,Daily
2019-02-26,1.1367511749267578,0.942526004028882,94252.6004028882,0.0022280586566212346,0.0022280586566212346,-0.05747399597111802,1.325627396025289,-0.28899628443489,Daily
2019-02-27,1.139315485954285,0.9446521771784439,94465.21771784438,0.0022558243915535847,0.0022558243915535847,-0.05534782282155615,1.325627396025289,-0.28739238491083297,Daily
2019-02-28,1.1380189657211304,0.943577180238523,94357.7180238523,-0.0011379817523226032,-0.0011379817523226032,-0.056422819761477006,1.325627396025289,-0.2882033193733705,Daily
2019-03-01,1.1373459100723269,0.9430191227980311,94301.91227980312,-0.0005914274446005008,-0.0005914274446005008,-0.05698087720196887,1.325627396025289,-0.2886242954652687,Daily
2019-03-04,1.1375917196273804,0.9432229333616681,94322.29333616681,0.00021612558930117487,0.00021612558930117487,-0.05677706663833193,1.325627396025289,-0.2884705489719116,Daily
2019-03-05,1.133735418319702,0.9400255192379556,94002.55192379556,-0.0033898816606555693,-0.0033898816606555693,-0.05997448076204437,1.325627396025289,-0.2908825496089681,Daily
2019-03-06,1.1307101249694824,0.937517127150671,93751.7127150671,-0.0026684297776490284,-0.0026684297776490284,-0.06248287284932896,1.325627396025289,-0.2927747797294421,Daily
2019-03-07,1.1314009428024292,0.9380899119306307,93808.99119306308,0.0006109592703660294,0.0006109592703660294,-0.06191008806936926,1.325627396025289,-0.2923426939248811,Daily
2019-03-08,1.1198333501815796,0.9284987568127433,92849.87568127432,-0.010224132032449207,-0.010224132032449207,-0.0715012431872567,1.325627396025289,-0.2995778756559204,Daily
2019-03-11,1.1232421398162842,0.9313251210548389,93132.51210548388,0.0030440151064905496,0.0030440151064905496,-0.06867487894516111,1.325627396025289,-0.297445780128497,Daily
2019-03-12,1.1259232759475708,0.9335481585847907,93354.81585847907,0.0023869618457557085,0.0023869618457557085,-0.06645184141520932,1.325627396025289,-0.2957688100110889,Daily
2019-03-13,1.1287446022033691,0.9358874333712106,93588.74333712106,0.0025057890853388276,0.0025057890853388276,-0.06411256662878939,1.325627396025289,-0.29400415518165957,Daily
2019-03-14,1.133105993270874,0.9395036376783031,93950.36376783032,0.003863930829871798,0.003863930829871798,-0.06049636232169686,1.325627396025289,-0.29127623607110464,Daily
2019-03-15,1.1308379173278809,0.9376230849218733,93762.30849218732,-0.002001644997434049,-0.002001644997434049,-0.062376915078126705,1.325627396025289,-0.2926948494477355,Daily
2019-03-18,1.1319772005081177,0.9385677103130854,93856.77103130854,0.0010074681462122204,0.0010074681462122204,-0.06143228968691461,1.325627396025289,-0.2919822620389022,Daily
2019-03-19,1.133619785308838,0.9399296432696105,93992.96432696105,0.0014510758697108272,0.0014510758697108272,-0.06007035673038952,1.325627396025289,-0.2909548745840196,Daily
2019-03-20,1.135486125946045,0.9414771011669439,94147.71011669439,0.0016463550313730035,0.0016463550313730035,-0.05852289883305606,1.325627396025289,-0.2897875345743206,Daily
2019-03-21,1.1427918672561646,0.9475345843834793,94753.45843834792,0.006434020762721815,0.006434020762721815,-0.05246541561652074,1.325627396025289,-0.2852180128258278,Daily
2019-03-22,1.1375011205673218,0.9431478140462635,94314.78140462635,-0.004629667781540725,-0.004629667781540725,-0.056852185953736534,1.325627396025289,-0.28852721596267383,Daily
2019-03-25,1.129586100578308,0.9365851534336325,93658.51534336325,-0.006958252476328308,-0.006958252476328308,-0.06341484656636753,1.325627396025289,-0.2934778232240417,Daily
2019-03-26,1.131580114364624,0.9382384702609636,93823.84702609637,0.0017652605545475097,0.0017652605545475097,-0.06176152973903637,1.325627396025289,-0.29223062749446604,Daily
2019-03-27,1.127484679222107,0.9348427806810652,93484.27806810652,-0.003619218021356563,-0.003619218021356563,-0.06515721931893481,1.325627396025289,-0.2947921991624023,Daily
2019-03-28,1.1251758337020874,0.9329284242327034,93292.84242327034,-0.0020477843846289367,-0.0020477843846289367,-0.06707157576729661,1.325627396025289,-0.29623631268487605,Daily
2019-03-29,1.1230024099349976,0.9311263513926302,93112.63513926302,-0.0019316303301137872,-0.0019316303301137872,-0.06887364860736978,1.325627396025289,-0.2975957239685266,Daily
2019-04-01,1.1223849058151243,0.9306143539534256,93061.43539534256,-0.0005498689178314864,-0.0005498689178314864,-0.06938564604657438,1.325627396025289,-0.29798195424766827,Daily
2019-04-02,1.1205737590789795,0.9291126595337663,92911.26595337663,-0.0016136592061790633,-0.0016136592061790633,-0.07088734046623368,1.325627396025289,-0.2991147721301003,Daily
2019-04-03,1.1203854084014893,0.9289564904306885,92895.64904306886,-0.0001680841407931677,-0.0001680841407931677,-0.07104350956931149,1.325627396025289,-0.2992325798214215,Daily
2019-04-04,1.1246949434280396,0.9325296988138324,93252.96988138324,0.003846475502299551,0.003846475502299551,-0.06747030118616759,1.325627396025289,-0.29653709510689485,Daily
2019-04-05,1.1225864887237549,0.9307814944302009,93078.14944302008,-0.0018746903030061324,-0.0018746903030061324,-0.06921850556979914,1.325627396025289,-0.29785587019322257,Daily
2019-04-08,1.121956706047058,0.9302593163469348,93025.93163469348,-0.0005610103836301006,-0.0005610103836301006,-0.06974068365306518,1.325627396025289,-0.29824978034084904,Daily
2019-04-09,1.1256444454193115,0.9333169690075128,93331.69690075128,0.0032868820627189876,0.0032868820627189876,-0.06668303099248718,1.325627396025289,-0.29594321013134217,Daily
2019-04-10,1.126697063446045,0.9341897368430682,93418.97368430681,0.0009351247909736848,0.0009351247909736848,-0.06581026315693184,1.325627396025289,-0.2952848291728827,Daily
2019-04-11,1.127650022506714,0.9349798734316787,93497.98734316787,0.0008457988323449239,0.0008457988323449239,-0.06502012656832135,1.325627396025289,-0.2946887819042614,Daily
2019-04-12,1.1260753870010376,0.9336742799617068,93367.42799617068,-0.0013963867106356886,-0.0013963867106356886,-0.06632572003829318,1.325627396025289,-0.2956736691160725,Daily
2019-04-15,1.1305055618286133,0.9373475156437842,93734.75156437841,0.003934172506313338,0.003934172506313338,-0.06265248435621584,1.325627396025289,-0.29290272782963633,Daily
2019-04-16,1.1304928064346311,0.9373369396349045,93733.69396349046,-1.1282911303589493e-05,-1.1282911303589493e-05,-0.0626630603650955,1.325627396025289,-0.2929107059454412,Daily
2019-04-17,1.128502607345581,0.935686785726117,93568.6785726117,-0.0017604703698440582,-0.0017604703698440582,-0.06431321427388303,1.325627396025289,-0.29415551569645826,Daily
2019-04-18,1.129713773727417,0.9366910123636302,93669.10123636301,0.0010732508493576098,0.0010732508493576098,-0.06330898763636983,1.325627396025289,-0.29339796750416514,Daily
2019-04-19,1.1235954761505127,0.9316180863849166,93161.80863849167,-0.005415794442088839,-0.005415794442088839,-0.06838191361508339,1.325627396025289,-0.2972247788645248,Daily
2019-04-22,1.1244546175003052,0.9323304349456014,93233.04349456014,0.0007646358213686533,0.0007646358213686533,-0.06766956505439858,1.325627396025289,-0.29668741175607427,Daily
2019-04-23,1.1258978843688965,0.9335271054082366,93352.71054082365,0.0012835261166872503,0.0012835261166872503,-0.06647289459176342,1.325627396025289,-0.2957846916808683,Daily
2019-04-24,1.122435212135315,0.9306560649417162,93065.60649417162,-0.0030754762768938626,-0.0030754762768938626,-0.06934393505828385,1.325627396025289,-0.2979504891554292,Daily
2019-04-25,1.1153494119644165,0.9247809437474456,92478.09437474456,-0.006312881219592725,-0.006312881219592725,-0.07521905625255443,1.325627396025289,-0.30238244432766415,Daily
2019-04-26,1.113684892654419,0.9234008240092964,92340.08240092963,-0.0014923747591041314,-0.0014923747591041314,-0.07659917599070365,1.325627396025289,-0.30342355115925745,Daily
2019-04-29,1.1150261163711548,0.9245128864008968,92451.28864008968,0.0012043116734203885,0.0012043116734203885,-0.0754871135991032,1.325627396025289,-0.3025846560104889,Daily
2019-04-30,1.1185182332992554,0.9274083406449237,92740.83406449237,0.003131870076250376,0.003131870076250376,-0.07259165935507628,1.325627396025289,-0.3004004417639301,Daily
2019-05-01,1.121604323387146,0.929967141746493,92996.7141746493,0.0027590878682306474,0.0027590878682306474,-0.07003285825350702,1.325627396025289,-0.29847018511018153,Daily
2019-05-02,1.1200841665267944,0.9287067187069684,92870.67187069684,-0.0013553414770735017,-0.0013553414770735017,-0.07129328129303159,1.325627396025289,-0.2994209975657055,Daily
2019-05-03,1.1173559427261353,0.9264446389012471,92644.46389012471,-0.002435731065745683,-0.002435731065745683,-0.07355536109875294,1.325627396025289,-0.3011274196059438,Daily
2019-05-06,1.1185808181762695,0.9274602322772756,92746.02322772756,0.001096226728920291,0.001096226728920291,-0.07253976772272441,1.325627396025289,-0.30036129680320633,Daily
2019-05-07,1.1201846599578855,0.9287900418423446,92879.00418423447,0.0014338184202289384,0.0014338184202289384,-0.0712099581576554,1.325627396025289,-0.29935814194305765,Daily
2019-05-08,1.1191065311431885,0.9278961219890308,92789.61219890308,-0.0009624563281713794,-0.0009624563281713794,-0.07210387801096918,1.325627396025289,-0.30003247913312636,Daily
2019-05-09,1.1198333501815796,0.9284987568127433,92849.87568127432,0.0006494636731757542,0.0006494636731757542,-0.0715012431872567,1.325627396025289,-0.2995778756559204,Daily
2019-05-10,1.1222084760665894,0.9304680689707958,93046.80689707959,0.0021209636993080316,0.0021209636993080316,-0.06953193102920419,1.325627396025289,-0.29809230575599444,Daily
2019-05-13,1.1236460208892822,0.9316599950556159,93165.99950556159,0.00128099622605915,0.00128099622605915,-0.06834000494438408,1.325627396025289,-0.297193164648626,Daily
2019-05-14,1.1232547760009766,0.9313355982225138,93133.55982225138,-0.00034819229635674187,-0.00034819229635674187,-0.06866440177748623,1.325627396025289,-0.29743787657452214,Daily
2019-05-15,1.1204482316970823,0.9290085797454491,92900.85797454491,-0.0024985821238937556,-0.0024985821238937556,-0.07099142025455085,1.325627396025289,-0.29919328573703785,Daily
2019-05-16,1.1207244396209717,0.9292375948162286,92923.75948162285,0.0002465155605368974,0.0002465155605368974,-0.07076240518377142,1.325627396025289,-0.2990205259770434,Daily
2019-05-17,1.1173559427261353,0.9264446389012471,92644.46389012471,-0.003005642400352837,-0.003005642400352837,-0.07355536109875294,1.325627396025289,-0.3011274196059438,Daily
2019-05-20,1.1165324449539185,0.9257618438607017,92576.18438607018,-0.0007370057657790641,-0.0007370057657790641,-0.0742381561392983,1.325627396025289,-0.3016424927272392,Daily
2019-05-21,1.1168566942214966,0.9260306919368864,92603.06919368864,0.0002904073849743227,0.0002904073849743227,-0.07396930806311364,1.325627396025289,-0.3014396845497749,Daily
2019-05-23,1.1155484914779663,0.9249460085589266,92494.60085589266,-0.001171325515886501,-0.001171325515886501,-0.07505399144107339,1.325627396025289,-0.3022579260716475,Daily
2019-05-24,1.1184556484222412,0.927356449012572,92735.6449012572,0.0026060336834154985,0.0026060336834154985,-0.07264355098742803,1.325627396025289,-0.3004395867246539,Daily
2019-05-27,1.1209630966186523,0.9294354749075968,92943.54749075968,0.0022418843339457872,0.0022418843339457872,-0.07056452509240319,1.325627396025289,-0.2988712531934833,Daily
2019-05-28,1.11938214302063,0.9281246428537879,92812.4642853788,-0.001410352939174353,-0.001410352939174353,-0.07187535714621207,1.325627396025289,-0.2998600921822815,Daily
2019-05-29,1.1170687675476074,0.9262065304396556,92620.65304396556,-0.00206665390139249,-0.00206665390139249,-0.07379346956034438,1.325627396025289,-0.30130703905429357,Daily
2019-05-30,1.1137346029281616,0.9234420407915642,92344.20407915642,-0.002984744284602603,-0.002984744284602603,-0.07655795920843578,1.325627396025289,-0.3033924588761684,Daily
2019-05-31,1.1131147146224976,0.9229280665282701,92292.80665282701,-0.0005565852978206554,-0.0005565852978206554,-0.07707193347172991,1.325627396025289,-0.303780180391909,Daily
2019-06-03,1.1174057722091677,0.9264859545247198,92648.59545247199,0.0038550003250343856,0.0038550003250343856,-0.07351404547528018,1.325627396025289,-0.3010962527610245,Daily
2019-06-04,1.124631643295288,0.9324772141342538,93247.72141342537,0.006466649149157844,0.006466649149157844,-0.06752278586574623,1.325627396025289,-0.29657668743859833,Daily
2019-06-05,1.1254037618637085,0.9331174086156685,93311.74086156685,0.0006865524129822109,0.0006865524129822109,-0.0668825913843315,1.325627396025289,-0.2960937504660114,Daily
2019-06-06,1.1229015588760376,0.9310427317336405,93104.27317336405,-0.0022233824627769794,-0.0022233824627769794,-0.0689572682663595,1.325627396025289,-0.2976588032766644,Daily
2019-06-07,1.127650022506714,0.9349798734316787,93497.98734316787,0.004228744357100522,0.004228744357100522,-0.06502012656832135,1.325627396025289,-0.2946887819042614,Daily
2019-06-10,1.1320157051086426,0.9385996360221323,93859.96360221323,0.003871487176689614,0.003871487176689614,-0.061400363977867745,1.325627396025289,-0.29195817856782835,Daily
2019-06-11,1.1318106651306152,0.9384296291504273,93842.96291504272,-0.00018112820970772603,-0.00018112820970772603,-0.06157037084957273,1.325627396025289,-0.29208642491534254,Daily
2019-06-12,1.1329518556594849,0.9393758360009109,93937.5836000911,0.0010082874848487133,0.0010082874848487133,-0.0606241639990891,1.325627396025289,-0.2913726445172302,Daily
2019-06-13,1.1295605897903442,0.9365640014158738,93656.40014158738,-0.0029933009529046206,-0.0029933009529046206,-0.06343599858412619,1.325627396025289,-0.293493779455651,Daily
2019-06-14,1.128044366836548,0.9353068401360973,93530.68401360973,-0.0013423121942290894,-0.0013423121942290894,-0.06469315986390267,1.325627396025289,-0.29444213137078634,Daily
2019-06-17,1.1217050552368164,0.9300506625642783,93005.06625642783,-0.005619736054805591,-0.005619736054805591,-0.06994933743572174,1.325627396025289,-0.2984071803638737,Daily
2019-06-18,1.1224603652954102,0.9306769204358613,93067.69204358612,0.0006733588790275302,0.0006733588790275302,-0.06932307956413875,1.325627396025289,-0.2979347566093098,Daily
2019-06-19,1.1198208332061768,0.9284883784862729,92848.83784862728,-0.0023515592807044072,-0.0023515592807044072,-0.07151162151372714,1.325627396025289,-0.2995857046480652,Daily
2019-06-20,1.1238480806350708,0.9318275308972089,93182.75308972089,0.0035963319394261006,0.0035963319394261006,-0.06817246910279107,1.325627396025289,-0.29706678234686046,Daily
2019-06-21,1.1295605897903442,0.9365640014158738,93656.40014158738,0.005082990533778586,0.005082990533778586,-0.06343599858412619,1.325627396025289,-0.293493779455651,Daily
2019-06-24,1.1384724378585815,0.9439531721803637,94395.31721803636,0.007889659172591656,0.007889659172591656,-0.056046827819636325,1.325627396025289,-0.2879196861722403,Daily
2019-06-25,1.140029788017273,0.9452444336756858,94524.44336756857,0.0013679296106814398,0.0013679296106814398,-0.05475556632431422,1.325627396025289,-0.28694561042577205,Daily
2019-06-26,1.1369967460632324,0.94272961691011,94272.961691011,-0.002660493599308089,-0.002660493599308089,-0.057270383089889965,1.325627396025289,-0.2888426870651928,Daily
2019-06-27,1.1374752521514893,0.9431263655048914,94312.63655048914,0.00042085088626131473,0.00042085088626131473,-0.05687363449510863,1.325627396025289,-0.28854339587977296,Daily
2019-06-28,1.1372941732406616,0.9429762257152868,94297.62257152869,-0.0001591937147512601,-0.0001591937147512601,-0.05702377428471317,1.325627396025289,-0.28865665529946716,Daily
2019-07-01,1.1364928483963013,0.9423118151387746,94231.18151387745,-0.0007045888946014545,-0.0007045888946014545,-0.0576881848612254,1.325627396025289,-0.2891578599203919,Daily
2019-07-02,1.1287446022033691,0.9358874333712106,93588.74333712106,-0.006817681434481249,-0.006817681434481249,-0.06411256662878939,1.325627396025289,-0.29400415518165957,Daily
2019-07-03,1.1293054819107056,0.9363524812382874,93635.24812382874,0.0004969057714576675,0.0004969057714576675,-0.0636475187617126,1.325627396025289,-0.2936533417717442,Daily
2019-07-04,1.128795504570007,0.9359296385655232,93592.96385655232,-0.0004515849332774602,-0.0004515849332774602,-0.06407036143447675,1.325627396025289,-0.29397231728027096,Daily
2019-07-05,1.128579020500183,0.9357501429381884,93575.01429381884,-0.00019178324944379987,-0.00019178324944379987,-0.06424985706181163,1.325627396025289,-0.2941077215634602,Daily
2019-07-08,1.1227376461029053,0.9309068250774809,93090.68250774809,-0.005175866546490493,-0.005175866546490493,-0.0690931749225191,1.325627396025289,-0.29776132579284587,Daily
2019-07-09,1.121604323387146,0.929967141746493,92996.7141746493,-0.0010094279101560133,-0.0010094279101560133,-0.07003285825350702,1.325627396025289,-0.29847018511018153,Daily
2019-07-10,1.120824933052063,0.929320917951605,92932.0917951605,-0.0006948888470127423,-0.0006948888470127423,-0.07067908204839501,1.325627396025289,-0.29895767035439547,Daily
2019-07-11,1.125885248184204,0.9335166282405617,93351.66282405617,0.004514813137107554,0.004514813137107554,-0.0664833717594383,1.325627396025289,-0.295792595234843,Daily
2019-07-12,1.1252391338348389,0.932980908912282,93298.0908912282,-0.0005738722932974172,-0.0005738722932974172,-0.06701909108771797,1.325627396025289,-0.29619672035317257,Daily
2019-07-15,1.1272051334381104,0.9346109980565603,93461.09980565603,0.0017471838155602715,0.0017471838155602715,-0.06538900194343966,1.325627396025289,-0.2949670466536354,Daily
2019-07-16,1.126176834106445,0.9337583938267188,93375.83938267188,-0.0009122557209517712,-0.0009122557209517712,-0.06624160617328123,1.325627396025289,-0.2956102169987851,Daily
2019-07-17,1.121227145195007,0.9296544081755191,92965.44081755192,-0.004395125846612946,-0.004395125846612946,-0.07034559182448086,1.325627396025289,-0.29870609874014387,Daily
2019-07-18,1.12296462059021,0.9310950187308102,93109.50187308103,0.0015496194528010765,0.0015496194528010765,-0.06890498126918976,1.325627396025289,-0.2976193600686208,Daily
2019-07-19,1.1261515617370603,0.9337374394913691,93373.74394913692,0.002837971106494308,0.002837971106494308,-0.06626256050863089,1.325627396025289,-0.29562602410673455,Daily
2019-07-22,1.1218308210372925,0.9301549400350043,93015.49400350043,-0.003836731081829914,-0.003836731081829914,-0.06984505996499568,1.325627396025289,-0.2983285176332763,Daily
2019-07-23,1.1206114292144775,0.929143893354382,92914.3893354382,-0.0010869658775174429,-0.0010869658775174429,-0.07085610664561803,1.325627396025289,-0.2990912105918361,Daily
2019-07-24,1.11512553691864,0.9245953199654328,92459.53199654327,-0.004895445604800819,-0.004895445604800819,-0.07540468003456724,1.325627396025289,-0.30252247144431044,Daily
2019-07-25,1.1142433881759644,0.9238638950522834,92386.38950522833,-0.000791075725082302,-0.000791075725082302,-0.07613610494771661,1.325627396025289,-0.3030742289859413,Daily
2019-07-26,1.1146159172058103,0.9241727738162822,92417.27738162821,0.0003343336238734729,0.0003343336238734729,-0.07582722618371784,1.325627396025289,-0.3028412232673473,Daily
2019-07-29,1.1132138967514038,0.9230103024103972,92301.03024103971,-0.0012578507383252946,-0.0012578507383252946,-0.07698969758960283,1.325627396025289,-0.3037181449493904,Daily
2019-07-30,1.1143054962158203,0.9239153913198173,92391.53913198173,0.0009805837562770758,0.0009805837562770758,-0.07608460868018274,1.325627396025289,-0.30303538227253735,Daily
2019-07-31,1.1157974004745483,0.9251523889938802,92515.23889938802,0.00133886466843669,0.00133886466843669,-0.07484761100611981,1.325627396025289,-0.3021022409707116,Daily
2019-08-01,1.107174515724182,0.9180028093090488,91800.28093090488,-0.007728002186328187,-0.007728002186328187,-0.08199719069095124,1.325627396025289,-0.30749559637832347,Daily
2019-08-02,1.1078859567642212,0.9185926936173836,91859.26936173836,0.0006425735328401405,0.0006425735328401405,-0.0814073063826164,1.325627396025289,-0.3070506113771809,Daily
2019-08-05,1.1108025312423706,0.9210109425261828,92101.09425261828,0.002632558396775675,0.002632558396775675,-0.07898905747381724,1.325627396025289,-0.30522638164562144,Daily
2019-08-06,1.1243788003921509,0.9322675719395523,93226.75719395523,0.012222036561796434,0.012222036561796434,-0.06773242806044766,1.325627396025289,-0.29673483307992266,Daily
2019-08-07,1.1206992864608765,0.9292167393220834,92921.67393220833,-0.0032724860429520497,-0.0032724860429520497,-0.07078326067791663,1.325627396025289,-0.29903625852316285,Daily
2019-08-08,1.12043559551239,0.9289981025777743,92899.81025777743,-0.00023529143961464882,-0.00023529143961464882,-0.07100189742222573,1.325627396025289,-0.2992011892910126,Daily
2019-08-09,1.1187183856964111,0.9275742950272451,92757.42950272451,-0.001532626973702489,-0.001532626973702489,-0.07242570497275491,1.325627396025289,-0.30027525245144393,Daily
2019-08-12,1.1208499670028689,0.9293416746045459,92934.16746045458,0.001905377916114892,0.001905377916114892,-0.07065832539545414,1.325627396025289,-0.29894201237010576,Daily
2019-08-13,1.1218308210372925,0.9301549400350043,93015.49400350043,0.0008750984193242051,0.0008750984193242051,-0.06984505996499568,1.325627396025289,-0.2983285176332763,Daily
2019-08-14,1.1177055835723877,0.9267345401539859,92673.45401539859,-0.0036772366987478655,-0.0036772366987478655,-0.07326545984601407,1.325627396025289,-0.3009087297587001,Daily
2019-08-15,1.1143302917480469,0.9239359502903491,92393.59502903491,-0.003019839816450376,-0.003019839816450376,-0.07606404970965086,1.325627396025289,-0.3030198734119076,Daily
2019-08-16,1.1113580465316772,0.9214715425390579,92147.1542539058,-0.002667292846995295,-0.002667292846995295,-0.07852845746094206,1.325627396025289,-0.3048789235180539,Daily
2019-08-19,1.109385371208191,0.9198359182873286,91983.59182873285,-0.0017750133088456632,-0.0017750133088456632,-0.08016408171267142,1.325627396025289,-0.3061127726800684,Daily
2019-08-20,1.1083157062530518,0.9189490161595327,91894.90161595328,-0.000964196016010388,-0.000964196016010388,-0.08105098384046727,1.325627396025289,-0.3067818159802108,Daily
2019-08-21,1.1097793579101562,0.9201625884681339,92016.25884681339,0.0013206089644373087,0.0013206089644373087,-0.07983741153186608,1.325627396025289,-0.3058663458320833,Daily
2019-08-22,1.10907781124115,0.9195809079797712,91958.09079797711,-0.000632149682732841,-0.000632149682732841,-0.08041909202022879,1.325627396025289,-0.30630514220133964,Daily
2019-08-23,1.108401656150818,0.9190202806679628,91902.02806679628,-0.000609655232012174,-0.000609655232012174,-0.08097971933203718,1.325627396025289,-0.3067280569008165,Daily
2019-08-26,1.1143054962158203,0.9239153913198173,92391.53913198173,0.005326444644177641,0.005326444644177641,-0.07608460868018274,1.325627396025289,-0.30303538227253735,Daily
2019-08-27,1.1103708744049072,0.920653038524762,92065.3038524762,-0.0035310081699093665,-0.0035310081699093665,-0.07934696147523801,1.325627396025289,-0.3054963700318707,Daily
2019-08-28,1.109004020690918,0.9195197252741982,91951.97252741983,-0.0012309884431378482,-0.0012309884431378482,-0.08048027472580177,1.325627396025289,-0.30635129597407884,Daily
2019-08-29,1.1085859537124634,0.9191730891700881,91917.3089170088,-0.0003769751693002421,-0.0003769751693002421,-0.08082691082991189,1.325627396025289,-0.3066127843117139,Daily
2019-08-30,1.1061947345733645,0.917190433449431,91719.0433449431,-0.0021569993116826724,-0.0021569993116826724,-0.08280956655056904,1.325627396025289,-0.3081084200586831,Daily
2019-09-02,1.099178910255432,0.9113733320421896,91137.33320421896,-0.006342304929374376,-0.006342304929374376,-0.08862666795781038,1.325627396025289,-0.31249660743673746,Daily
2019-09-03,1.0968520641326904,0.9094440505719515,90944.40505719515,-0.0021168948030495516,-0.0021168948030495516,-0.09055594942804845,1.325627396025289,-0.3139519797955336,Daily
2019-09-04,1.0974539518356323,0.9099430998133694,90994.30998133693,0.0005487410040276863,0.0005487410040276863,-0.0900569001866306,1.325627396025289,-0.3135755171161154,Daily
2019-09-05,1.10349702835083,0.9149536569920562,91495.36569920562,0.005506451095364628,0.005506451095364628,-0.08504634300794378,1.325627396025289,-0.30979575427045436,Daily
2019-09-06,1.1036310195922852,0.9150647545058914,91506.47545058915,0.00012142419781180358,0.00012142419781180358,-0.08493524549410858,1.325627396025289,-0.3097119467735904,Daily
2019-09-09,1.1020619869232178,0.9137638065725302,91376.38065725302,-0.0014217004063976635,-0.0014217004063976635,-0.0862361934274698,1.325627396025289,-0.3106933295793938,Daily
2019-09-10,1.1048381328582764,0.9160656205424524,91606.56205424524,0.0025190469937261817,0.0025190469937261817,-0.08393437945754756,1.325627396025289,-0.3089569336835154,Daily
2019-09-11,1.1050333976745603,0.9162275224353899,91622.75224353898,0.00017673613036750524,0.00017673613036750524,-0.08377247756461015,1.325627396025289,-0.30883480140605735,Daily
2019-09-12,1.101345777511597,0.9131699686160166,91316.99686160166,-0.00333711195582298,-0.00333711195582298,-0.08683003138398337,1.325627396025289,-0.31114129705373395,Daily
2019-09-13,1.1058276891708374,0.9168861013808379,91688.6101380838,0.004069486396331534,0.004069486396331534,-0.08311389861916207,1.325627396025289,-0.30833799593309963,Daily
2019-09-16,1.1083402633666992,0.9189693774476556,91896.93774476556,0.0022721208923117686,0.0022721208923117686,-0.08103062255234439,1.325627396025289,-0.30676645624324095,Daily
2019-09-17,1.100594401359558,0.9125469725041813,91254.69725041813,-0.00698870397761453,-0.00698870397761453,-0.08745302749581874,1.325627396025289,-0.31161126026790964,Daily
2019-09-18,1.1074687242507937,0.918246749401705,91824.6749401705,0.0062460093225475966,0.0062460093225475966,-0.08175325059829497,1.325627396025289,-0.30731157778200613,Daily
2019-09-19,1.1031439304351809,0.9146608893443877,91466.08893443877,-0.0039051159828812354,-0.0039051159828812354,-0.08533911065561228,1.325627396025289,-0.31001660641076645,Daily
2019-09-20,1.1048502922058103,0.9160757023453091,91607.57023453091,0.0015468169869332637,0.0015468169869332637,-0.0839242976546909,1.325627396025289,-0.30894932837686073,Daily
2019-09-23,1.1019041538238523,0.913632940817799,91363.2940817799,-0.0026665498509088614,-0.0026665498509088614,-0.086367059182201,1.325627396025289,-0.3107920494422479,Daily
2019-09-24,1.0993722677230835,0.9115336524758558,91153.36524758558,-0.002297737141640388,-0.002297737141640388,-0.08846634752414417,1.325627396025289,-0.3123756681485582,Daily
2019-09-25,1.1016855239868164,0.9134516660487835,91345.16660487835,0.0021041610122873866,0.0021041610122873866,-0.08654833395121653,1.325627396025289,-0.3109287958383763,Daily
2019-09-26,1.0952903032302856,0.9081491319520637,90814.91319520638,-0.005804942170236971,-0.005804942170236971,-0.0918508680479363,1.325627396025289,-0.31492881432971,Daily
2019-09-27,1.0922753810882568,0.9056493390495687,90564.93390495687,-0.002752623786714148,-0.002752623786714148,-0.09435066095043132,1.325627396025289,-0.31681455757097854,Daily
2019-09-30,1.0942714214324951,0.907304336177376,90730.43361773761,0.0018274149347297097,0.0018274149347297097,-0.09269566382262395,1.325627396025289,-0.3155660942902937,Daily
2019-10-01,1.0899657011032104,0.9037342907127756,90373.42907127755,-0.003934782765000033,-0.003934782765000033,-0.09626570928722444,1.325627396025289,-0.31825919302626193,Daily
2019-10-02,1.0934937000274658,0.9066594961593508,90665.94961593508,0.0032367981127152667,0.0032367981127152667,-0.09334050384064918,1.325627396025289,-0.31605253566888825,Daily
2019-10-03,1.0963709354400637,0.9090451274706719,90904.51274706719,0.002631231814619106,0.002631231814619106,-0.0909548725293281,1.325627396025289,-0.31425291134121214,Daily
2019-10-04,1.0975382328033447,0.9100129805449364,91001.29805449364,0.0010646919993482218,0.0010646919993482218,-0.0899870194550636,1.325627396025289,-0.31352280190234083,Daily
2019-10-07,1.098659634590149,0.9109427797554766,91094.27797554765,0.0010217427997383233,0.0010217427997383233,-0.08905722024452345,1.325627396025289,-0.31282139876799997,Daily
2019-10-08,1.0972130298614502,0.909743341739116,90974.3341739116,-0.0013166996248463736,-0.0013166996248463736,-0.09025665826088403,1.325627396025289,-0.3137262065744446,Daily
2019-10-09,1.0960105657577517,0.9087463305095299,90874.633050953,-0.0010959258329719113,-0.0010959258329719113,-0.09125366949047009,1.325627396025289,-0.31447831175315133,Daily
2019-10-10,1.098780393600464,0.9110429058956147,91104.29058956147,0.002527190822104508,0.002527190822104508,-0.08895709410438535,1.325627396025289,-0.3127458676342604,Daily
2019-10-11,1.1011033058166504,0.9129689256061049,91296.89256061049,0.0021140823313878787,0.0021140823313878787,-0.08703107439389512,1.325627396025289,-0.3112929558158526,Daily
2019-10-14,1.1030004024505615,0.914541884534194,91454.18845341941,0.0017229052205089967,0.0017229052205089967,-0.08545811546580595,1.325627396025289,-0.3101063788540265,Daily
2019-10-15,1.1029006242752075,0.9144591544460446,91445.91544460447,-9.046068807616603e-05,-9.046068807616603e-05,-0.08554084555395536,1.325627396025289,-0.31016878710569473,Daily
2019-10-16,1.1034727096557615,0.9149334933863422,91493.34933863422,0.0005187098166072879,0.0005187098166072879,-0.08506650661365778,1.325627396025289,-0.30981096488376425,Daily
2019-10-17,1.107493281364441,0.9182671106898276,91826.71106898275,0.0036435624311303982,0.0036435624311303982,-0.08173288931017242,1.325627396025289,-0.3072962180450366,Daily
2019-10-18,1.1127183437347412,0.9225994195233753,92259.94195233753,0.004717917894601742,0.004717917894601742,-0.07740058047662468,1.325627396025289,-0.30402809847649304,Daily
2019-10-21,1.1155734062194824,0.9249666663706628,92496.66663706629,0.0025658447178629196,0.0025658447178629196,-0.07503333362933717,1.325627396025289,-0.3022423426491879,Daily
2019-10-22,1.1151753664016724,0.9246366355889054,92463.66355889053,-0.00035680289220840766,-0.00035680289220840766,-0.07536336441109459,1.325627396025289,-0.3024913045993912,Daily
2019-10-23,1.112928867340088,0.9227739730904864,92277.39730904864,-0.002014480528594542,-0.002014480528594542,-0.07722602690951363,1.325627396025289,-0.3038964222848012,Daily
2019-10-24,1.1132385730743408,0.9230307625397244,92303.07625397244,0.00027827990030759864,0.00027827990030759864,-0.07696923746027562,1.325627396025289,-0.30370271065059085,Daily
2019-10-25,1.1103955507278442,0.9206734986540892,92067.34986540892,-0.0025538302527958745,-0.0025538302527958745,-0.0793265013459108,1.325627396025289,-0.3054809357330711,Daily
2019-10-28,1.108426213264465,0.9190406419560853,91904.06419560853,-0.001773545888299144,-0.001773545888299144,-0.08095935804391474,1.325627396025289,-0.3067126971638471,Daily
2019-10-29,1.1099148988723757,0.9202749709176274,92027.49709176275,0.0013430624340127206,0.0013430624340127206,-0.07972502908237256,1.325627396025289,-0.30578156903142983,Daily
2019-10-30,1.1114816665649414,0.9215740408681034,92157.40408681033,0.0014116106506520953,0.0014116106506520953,-0.07842595913189665,1.325627396025289,-0.3048016029003956,Daily
2019-10-31,1.1154489517211914,0.9248634761531861,92486.3476153186,0.0035693662573048623,0.0035693662573048623,-0.07513652384681391,1.325627396025289,-0.30232018519965576,Daily
2019-11-01,1.1157102584838867,0.9250801360734054,92508.01360734054,0.0002342615162191919,0.0002342615162191919,-0.07491986392659455,1.325627396025289,-0.3021567456684052,Daily
2019-11-04,1.1166571378707886,0.9258652317605874,92586.52317605875,0.0008486785701771193,0.0008486785701771193,-0.07413476823941256,1.325627396025289,-0.3015645010531113,Daily
2019-11-05,1.1128545999526978,0.9227123950200955,92271.23950200954,-0.0034052868952607618,-0.0034052868952607618,-0.0772876049799045,1.325627396025289,-0.3039428743048601,Daily
2019-11-06,1.107419729232788,0.9182061256666637,91820.61256666637,-0.0048837204070870666,-0.0048837204070870666,-0.08179387433333629,1.325627396025289,-0.3073422226941158,Daily
2019-11-07,1.1070396900177002,0.9178910199067826,91789.10199067826,-0.0003431754059061154,-0.0003431754059061154,-0.08210898009321743,1.325627396025289,-0.30757992580799676,Daily
2019-11-08,1.1019697189331057,0.9136873034802632,91368.73034802632,-0.004579755477884806,-0.004579755477884806,-0.08631269651973683,1.325627396025289,-0.31075104043577506,Daily
2019-11-11,1.102244257926941,0.9139149347741796,91391.49347741796,0.00024913478938515254,0.00024913478938515254,-0.08608506522582038,1.325627396025289,-0.3105793245414,Daily
2019-11-12,1.1035456657409668,0.9149939842034839,91499.39842034839,0.001180689130078516,0.001180689130078516,-0.08500601579651612,1.325627396025289,-0.3097653330438347,Daily
2019-11-13,1.1012367010116575,0.9130795289139174,91307.95289139175,-0.002092314619131619,-0.002092314619131619,-0.08692047108608258,1.325627396025289,-0.3112095211281386,Daily
2019-11-14,1.101321578025818,0.9131499038515073,91314.99038515073,7.707426939429496e-05,7.707426939429496e-05,-0.0868500961484927,1.325627396025289,-0.3111564331052138,Daily
2019-11-15,1.1020498275756836,0.9137537247696733,91375.37247696733,0.0006612505960075232,0.0006612505960075232,-0.08624627523032669,1.325627396025289,-0.31070093488604866,Daily
2019-11-18,1.105509877204895,0.9166225907296952,91662.25907296952,0.0031396489910286984,0.0031396489910286984,-0.08337740927030479,1.325627396025289,-0.3085367777717466,Daily
2019-11-19,1.1072357892990112,0.9180536136881515,91805.36136881515,0.0015611910211781321,0.0015611910211781321,-0.08194638631184847,1.325627396025289,-0.30745727159772884,Daily
2019-11-20,1.1080001592636108,0.9186873834912751,91868.73834912751,0.000690340731384298,0.000690340731384298,-0.0813126165087249,1.325627396025289,-0.30697918114408873,Daily
2019-11-21,1.1078859567642212,0.9185926936173836,91859.26936173836,-0.00010307083300920006,-0.00010307083300920006,-0.0814073063826164,1.325627396025289,-0.3070506113771809,Daily
2019-11-22,1.1065863370895386,0.9175151268061464,91751.51268061464,-0.0011730626846091496,-0.0011730626846091496,-0.08248487319385356,1.325627396025289,-0.30786348444729705,Daily
2019-11-25,1.1022562980651855,0.9139249177358321,91392.49177358321,-0.003912969895997098,-0.003912969895997098,-0.08607508226416793,1.325627396025289,-0.31057179379657507,Daily
2019-11-26,1.1014429330825806,0.9132505241976674,91325.05241976674,-0.0007379091269722471,-0.0007379091269722471,-0.08674947580233261,1.325627396025289,-0.31108052916232476,Daily
2019-11-27,1.1022562980651855,0.9139249177358321,91392.49177358321,0.0007384540389474559,0.0007384540389474559,-0.08607508226416793,1.325627396025289,-0.31057179379657507,Daily
2019-11-28,1.1004853248596191,0.9124565328020824,91245.65328020824,-0.001606680051341014,-0.001606680051341014,-0.08754346719791761,1.325627396025289,-0.31167948434231396,Daily
2019-11-29,1.101176142692566,0.913029317582042,91302.9317582042,0.000627739250439241,0.000627739250439241,-0.08697068241795802,1.325627396025289,-0.3112473985377531,Daily
2019-12-02,1.1019041538238523,0.913632940817799,91363.2940817799,0.0006611214165122004,0.0006611214165122004,-0.086367059182201,1.325627396025289,-0.3107920494422479,Daily
2019-12-03,1.1079105138778689,0.9186130549055066,91861.30549055066,0.005450891561823434,0.005450891561823434,-0.0813869450944934,1.325627396025289,-0.30703525164021106,Daily
2019-12-04,1.1085245609283447,0.9191221859497811,91912.21859497811,0.0005542388512287388,0.0005542388512287388,-0.08087781405021888,1.325627396025289,-0.3066511836541381,Daily
2019-12-05,1.108303427696228,0.9189388355154713,91893.88355154713,-0.00019948428741323188,-0.00019948428741323188,-0.08106116448452871,1.325627396025289,-0.30678949584869564,Daily
2019-12-06,1.1105434894561768,0.9207961605888485,92079.61605888484,0.002021162890928796,0.002021162890928796,-0.0792038394111515,1.325627396025289,-0.30538840450210303,Daily
2019-12-09,1.105888843536377,0.916936806918736,91693.6806918736,-0.004191322504694672,-0.004191322504694672,-0.08306319308126398,1.325627396025289,-0.30829974571433516,Daily
2019-12-10,1.106499433517456,0.9174430715680808,91744.30715680808,0.0005521259976966064,0.0005521259976966064,-0.0825569284319192,1.325627396025289,-0.3079178400213307,Daily
2019-12-11,1.1092746257781982,0.919744094808367,91974.40948083671,0.002508082857232141,0.002508082857232141,-0.08025590519163295,1.325627396025289,-0.306182040620092,Daily
2019-12-12,1.1135857105255127,0.9233185881271692,92331.85881271692,0.0038863998572851166,0.0038863998572851166,-0.07668141187283084,1.325627396025289,-0.30348558660177605,Daily
2019-12-13,1.1186057329177856,0.9274808900890118,92748.08900890118,0.004507980252282495,0.004507980252282495,-0.0725191099109882,1.325627396025289,-0.3003457133807468,Daily
2019-12-16,1.1124460697174072,0.9223736662123437,92237.36662123437,-0.005506554292647348,-0.005506554292647348,-0.07762633378765627,1.325627396025289,-0.30419839769609913,Daily
2019-12-17,1.1136974096298218,0.9234112023357667,92341.12023357667,0.0011248544504565139,0.0011248544504565139,-0.07658879766423332,1.325627396025289,-0.30341572216711277,Daily
2019-12-18,1.115138053894043,0.9246056982919033,92460.56982919032,0.0012935688381461308,0.0012935688381461308,-0.07539430170809669,1.325627396025289,-0.30251464245216564,Daily
2019-12-19,1.1115927696228027,0.9216661608706784,92166.61608706784,-0.0031792335118151493,-0.0031792335118151493,-0.07833383912932157,1.325627396025289,-0.3047321112748821,Daily
2019-12-20,1.1125946044921875,0.9224968223531254,92249.68223531253,0.0009012606925506983,0.0009012606925506983,-0.07750317764687464,1.325627396025289,-0.3041054936559813,Daily
2019-12-23,1.1079840660095217,0.9186740399286706,91867.40399286705,-0.004143951861756645,-0.004143951861756645,-0.08132596007132942,1.325627396025289,-0.30698924699113184,Daily
2019-12-24,1.109385371208191,0.9198359182873286,91983.59182873285,0.0012647340712361732,0.0012647340712361732,-0.08016408171267142,1.325627396025289,-0.3061127726800684,Daily
2019-12-25,1.1090162992477417,0.9195299059182597,91952.99059182596,-0.00033268147392928604,-0.00033268147392928604,-0.08047009408174033,1.325627396025289,-0.3063436161055939,Daily
2019-12-26,1.1095454692840576,0.9199686620249449,91996.8662024945,0.00047715262316239127,0.00047715262316239127,-0.08003133797505513,1.325627396025289,-0.30601263614244534,Daily
2019-12-27,1.110111951828003,0.9204383554286321,92043.8355428632,0.0005105536993545989,0.0005105536993545989,-0.07956164457136794,1.325627396025289,-0.30565831832652246,Daily
2019-12-30,1.1182304620742798,0.9271697379773098,92716.97379773099,0.007313235600164836,0.007313235600164836,-0.07283026202269016,1.325627396025289,-0.30058043402142975,Daily
2019-12-31,1.120229721069336,0.9288274038176382,92882.74038176381,0.0017878774213928583,0.0017878774213928583,-0.07117259618236182,1.325627396025289,-0.2993299575713363,Daily
2020-01-01,1.1220825910568235,0.9303636926588651,93036.3692658865,0.0016540089524841317,0.0016540089524841317,-0.0696363073411349,1.325627396025289,-0.2981710430484219,Daily
2020-01-02,1.1220825910568235,0.9303636926588651,93036.3692658865,0.0,0.0,-0.0696363073411349,1.325627396025289,-0.2981710430484219,Daily
2020-01-03,1.1171437501907349,0.9262687015572734,92626.87015572733,-0.00440149495719111,-0.00440149495719111,-0.07373129844272663,1.325627396025289,-0.30126013966325493,Daily
2020-01-06,1.1161960363388062,0.9254829139816602,92548.29139816601,-0.0008483365294456036,-0.0008483365294456036,-0.07451708601833984,1.325627396025289,-0.3018529062113584,Daily
2020-01-07,1.1197994947433472,0.928470685910671,92847.0685910671,0.003228338291148658,0.003228338291148658,-0.07152931408932905,1.325627396025289,-0.29959905121562636,Daily
2020-01-08,1.1154738664627075,0.9248841339649224,92488.41339649224,-0.0038628596467003007,-0.0038628596467003007,-0.07511586603507758,1.325627396025289,-0.3023046017771962,Daily
2020-01-09,1.1113210916519165,0.9214409017656692,92144.09017656691,-0.0037228795184238717,-0.0037228795184238717,-0.07855909823433083,1.325627396025289,-0.3049020376853384,Daily
2020-01-10,1.1111111640930176,0.9212668424045806,92126.68424045805,-0.00018889910438646407,-0.00018889910438646407,-0.07873315759541943,1.325627396025289,-0.3050333410678806,Daily
2020-01-13,1.111666917800903,0.9217276400998645,92172.76400998645,0.0005001783132465576,0.0005001783132465576,-0.07827235990013548,1.325627396025289,-0.3046857338166533,Daily
2020-01-14,1.1135733127593994,0.9233083086419034,92330.83086419034,0.0017148976262311155,0.0017148976262311155,-0.07669169135809661,1.325627396025289,-0.3034933410320908,Daily
2020-01-15,1.113089919090271,0.9229075075577383,92290.75075577383,-0.0004340923615803183,-0.0004340923615803183,-0.07709249244226168,1.325627396025289,-0.30379568925253864,Daily
2020-01-16,1.1154004335403442,0.9248232477829629,92482.32477829629,0.0020757662165888924,0.0020757662165888924,-0.07517675221703712,1.325627396025289,-0.3023505318644455,Daily
2020-01-17,1.1139578819274902,0.9236271703675546,92362.71703675546,-0.0012933037942932657,-0.0012933037942932657,-0.0763728296324454,1.325627396025289,-0.3032528045686719,Daily
2020-01-20,1.1094592809677124,0.9198971998341061,91989.71998341061,-0.004038394119527888,-0.004038394119527888,-0.08010280016589388,1.325627396025289,-0.3060665443454993,Daily
2020-01-21,1.109693169593811,0.9200911262772952,92009.11262772951,0.00021081316828008845,0.00021081316828008845,-0.07990887372270483,1.325627396025289,-0.3059202540351371,Daily
2020-01-22,1.108561396598816,0.9191527278819653,91915.27278819654,-0.0010198972346647794,-0.0010198972346647794,-0.08084727211803466,1.325627396025289,-0.30662814404868355,Daily
2020-01-23,1.1096439361572266,0.9200503048598451,92005.0304859845,0.0009765264799332929,0.0009765264799332929,-0.07994969514015493,1.325627396025289,-0.30595104807090656,Daily
2020-01-24,1.1055220365524292,0.9166326725325522,91663.26725325522,-0.0037146146349177345,-0.0037146146349177345,-0.0833673274674478,1.325627396025289,-0.3085291724650916,Daily
2020-01-27,1.102535843849182,0.9141567003603367,91415.67003603367,-0.002701160722729523,-0.002701160722729523,-0.0858432996396633,1.325627396025289,-0.3103969463053422,Daily
2020-01-28,1.101976990699768,0.9136933327937362,91369.33327937362,-0.0005068798012615172,-0.0005068798012615172,-0.08630666720626379,1.325627396025289,-0.3107464921641483,Daily
2020-01-29,1.1022562980651855,0.9139249177358321,91392.49177358321,0.0002534602516883755,0.0002534602516883755,-0.08607508226416793,1.325627396025289,-0.31057179379657507,Daily
2020-01-30,1.1016855239868164,0.9134516660487835,91345.16660487835,-0.000517823376805393,-0.000517823376805393,-0.08654833395121653,1.325627396025289,-0.3109287958383763,Daily
2020-01-31,1.1029127836227417,0.9144692362489014,91446.92362489014,0.001113983627091697,0.001113983627091697,-0.08553076375109858,1.325627396025289,-0.31016118179903984,Daily
2020-02-03,1.1089794635772705,0.9194993639860755,91949.93639860755,0.005500598093170828,0.005500598093170828,-0.08050063601392454,1.325627396025289,-0.3063666557110485,Daily
2020-02-04,1.1062926054000854,0.9172715820783086,91727.15820783086,-0.002422820498873768,-0.002422820498873768,-0.08272841792169139,1.325627396025289,-0.3080472047962941,Daily
2020-02-05,1.1047282218933103,0.915974488951922,91597.4488951922,-0.0014140775226544333,-0.0014140775226544333,-0.08402551104807798,1.325627396025289,-0.3090256796907296,Daily
2020-02-06,1.100231051445007,0.9122457045129271,91224.5704512927,-0.0040708387449321926,-0.0040708387449321926,-0.08775429548707292,1.325627396025289,-0.3118385247255977,Daily
2020-02-07,1.0982975959777832,0.9106425990174718,91064.25990174718,-0.0017573176694881676,-0.0017573176694881676,-0.0893574009825282,1.325627396025289,-0.31304784304555855,Daily
2020-02-10,1.0949305295944214,0.907850829196944,90785.08291969441,-0.0030657140611913825,-0.0030657140611913825,-0.09214917080305596,1.325627396025289,-0.3151538419324995,Daily
2020-02-11,1.0913456678390503,0.9048784764958319,90487.84764958319,-0.0032740540687079545,-0.0032740540687079545,-0.09512152350416814,1.325627396025289,-0.31739606528275943,Daily
2020-02-12,1.091941475868225,0.9053724848358212,90537.24848358212,0.0005459388777844243,0.0005459388777844243,-0.09462751516417878,1.325627396025289,-0.3170234052566687,Daily
2020-02-13,1.0875948667526243,0.9017685368380841,90176.85368380841,-0.003980624613736383,-0.003980624613736383,-0.09823146316191589,1.325627396025289,-0.3197420787003099,Daily
2020-02-14,1.0845986604690552,0.8992842620046927,89928.42620046927,-0.002754891895100031,-0.002754891895100031,-0.10071573799530731,1.325627396025289,-0.32161611573427595,Daily
2020-02-17,1.0841753482818604,0.8989332768875854,89893.32768875854,-0.0003902938502725606,-0.0003902938502725606,-0.1010667231124146,1.325627396025289,-0.3218808847924288,Daily
2020-02-18,1.0840108394622805,0.8987968760254037,89879.68760254038,-0.00015173635873622082,-0.00015173635873622082,-0.1012031239745963,1.325627396025289,-0.32198378011775985,Daily
2020-02-19,1.079540491104126,0.8950903308574166,89509.03308574166,-0.004123896362855484,-0.004123896362855484,-0.10490966914258337,1.325627396025289,-0.3247798487408893,Daily
2020-02-20,1.081009864807129,0.8963086475438327,89630.86475438326,0.0013611103197248564,0.0013611103197248564,-0.10369135245616734,1.325627396025289,-0.3238607996249243,Daily
2020-02-21,1.078799843788147,0.8944762304539845,89447.62304539845,-0.002044404117788612,-0.002044404117788612,-0.1055237695460155,1.325627396025289,-0.3252431013903694,Daily
2020-02-24,1.0839051008224487,0.8987092038770301,89870.92038770301,0.004732348696283584,0.004732348696283584,-0.10129079612296987,1.325627396025289,-0.32204991646092573,Daily
2020-02-25,1.0849199295043943,0.8995506390507652,89955.06390507652,0.0009362707871523046,0.0009362707871523046,-0.10044936094923484,1.325627396025289,-0.3214151716025606,Daily
2020-02-26,1.0881996154785156,0.9022699582684094,90226.99582684094,0.003022975138468942,0.003022975138468942,-0.09773004173159061,1.325627396025289,-0.31936382653697293,Daily
2020-02-27,1.088589429855347,0.9025931690070581,90259.31690070582,0.00035821955024295526,0.00035821955024295526,-0.0974068309929419,1.325627396025289,-0.31912000935303586,Daily
2020-02-28,1.0997228622436523,0.9118243444582306,91182.43444582306,0.010227393434993237,0.010227393434993237,-0.08817565554176943,1.325627396025289,-0.31215638180667493,Daily
2020-03-02,1.1051311492919922,0.9163085722230633,91630.85722230632,0.004917863612752038,0.004917863612752038,-0.08369142777693672,1.325627396025289,-0.30877366070549817,Daily
2020-03-03,1.114404797554016,0.9239977260431487,92399.77260431487,0.008391445909351924,0.008391445909351924,-0.07600227395685133,1.325627396025289,-0.30297327226818893,Daily
2020-03-04,1.118067979812622,0.9270350174156041,92703.50174156041,0.003287119964528573,0.003287119964528573,-0.07296498258439588,1.325627396025289,-0.3006820617956517,Daily
2020-03-05,1.113908290863037,0.923586052426491,92358.60524264911,-0.0037204257922511808,-0.0037204257922511808,-0.07641394757350894,1.325627396025289,-0.3032838222899311,Daily
2020-03-06,1.1223849058151243,0.9306143539534256,93061.43539534256,0.007609796086103238,0.007609796086103238,-0.06938564604657438,1.325627396025289,-0.29798195424766827,Daily
2020-03-09,1.1386020183563232,0.944060612569633,94406.06125696331,0.014448797785124645,0.014448797785124645,-0.05593938743036697,1.325627396025289,-0.28783863746308447,Daily
2020-03-10,1.139796018600464,0.9450506060737014,94505.06060737013,0.0010486546000194608,0.0010486546000194608,-0.054949393926298606,1.325627396025289,-0.28709182617430395,Daily
2020-03-11,1.1316505670547483,0.938296885412811,93829.6885412811,-0.00714641164979446,-0.00714641164979446,-0.06170311458718902,1.325627396025289,-0.2921865614529656,Daily
2020-03-12,1.1261515617370603,0.9337374394913691,93373.74394913692,-0.004859278542138523,-0.004859278542138523,-0.06626256050863089,1.325627396025289,-0.29562602410673455,Daily
2020-03-13,1.1184931993484497,0.9273875839919831,92738.75839919831,-0.006800472200027663,-0.006800472200027663,-0.07261241600801693,1.325627396025289,-0.3004160997482196,Daily
2020-03-16,1.115536093711853,0.9249357290736607,92493.57290736608,-0.0026438297866445692,-0.0026438297866445692,-0.07506427092633927,1.325627396025289,-0.30226568050196223,Daily
2020-03-17,1.1163206100463867,0.9255862030403413,92558.62030403414,0.0007032639633588467,0.0007032639633588467,-0.07441379695965866,1.325627396025289,-0.30177498909906053,Daily
2020-03-18,1.101552128791809,0.9133410627409707,91334.10627409707,-0.013229605475047146,-0.013229605475047146,-0.08665893725902929,1.325627396025289,-0.3110122305260905,Daily
2020-03-19,1.0961546897888184,0.9088658295257456,90886.58295257455,-0.0048998489149221225,-0.0048998489149221225,-0.09113417047425443,1.325627396025289,-0.31438816650074186,Daily
2020-03-20,1.0657345056533811,0.8836432344430145,88364.32344430145,-0.027751725571960817,-0.027751725571960817,-0.11635676555698549,1.325627396025289,-0.33341507795290215,Daily
2020-03-23,1.0694386959075928,0.8867145271898108,88671.45271898108,0.0034757157946581074,0.0034757157946581074,-0.11328547281018919,1.325627396025289,-0.33109821821086216,Daily
2020-03-24,1.0764610767364502,0.8925370648632982,89253.70648632981,0.006566417369906263,0.006566417369906263,-0.1074629351367018,1.325627396025289,-0.32670592993216074,Daily
2020-03-25,1.080263614654541,0.8956899016037901,89568.99016037902,0.003532443485666059,0.003532443485666059,-0.10431009839620986,1.325627396025289,-0.3243275566804119,Daily
2020-03-26,1.0889569520950315,0.9028978964404686,90289.78964404686,0.008047422242644542,0.008047422242644542,-0.09710210355953142,1.325627396025289,-0.31889013523129994,Daily
2020-03-27,1.1048258543014526,0.916055439898391,91605.5439898391,0.014572570730083667,0.014572570730083667,-0.083944560101609,1.325627396025289,-0.30896461355200033,Daily
2020-03-30,1.113908290863037,0.923586052426491,92358.60524264911,0.008220695167680425,0.008220695167680425,-0.07641394757350894,1.325627396025289,-0.3032838222899311,Daily
2020-03-31,1.1030466556549072,0.9145802349215322,91458.02349215322,-0.009750924108585579,-0.009750924108585579,-0.08541976507846782,1.325627396025289,-0.3100774488640058,Daily
2020-04-01,1.102657437324524,0.914257518388906,91425.7518388906,-0.0003528575408737744,-0.0003528575408737744,-0.08574248161109399,1.325627396025289,-0.3103208932387931,Daily
2020-04-02,1.0953621864318848,0.9082087331983648,90820.87331983648,-0.006616062836650505,-0.006616062836650505,-0.09179126680163519,1.325627396025289,-0.31488385354625015,Daily
2020-04-03,1.0847399234771729,0.899401388832001,89940.13888320011,-0.009697489183293384,-0.009697489183293384,-0.10059861116799895,1.325627396025289,-0.3215277599657851,Daily
2020-04-06,1.0806955099105835,0.8960480032876199,89604.800328762,-0.003728463827186168,-0.003728463827186168,-0.10395199671238009,1.325627396025289,-0.3240574191705027,Daily
2020-04-07,1.0803803205490112,0.8957866671429757,89578.66671429758,-0.0002916541788892113,-0.0002916541788892113,-0.10421333285702428,1.325627396025289,-0.3242545606488908,Daily
2020-04-08,1.0895144939422607,0.90336017675382,90336.017675382,0.008454590683961927,0.008454590683961927,-0.09663982324618003,1.325627396025289,-0.3185414095526231,Daily
2020-04-09,1.0863661766052246,0.9007497805435124,90074.97805435125,-0.0028896516334026012,-0.0028896516334026012,-0.0992502194564876,1.325627396025289,-0.32051058748160566,Daily
2020-04-10,1.0927408933639526,0.9060353139530618,90603.53139530619,0.00586792639167788,0.00586792639167788,-0.0939646860469382,1.325627396025289,-0.31652339362502324,Daily
2020-04-13,1.0932666063308716,0.906471203664817,90647.1203664817,0.00048109572004806367,0.00048109572004806367,-0.09352879633518296,1.325627396025289,-0.31619457595494327,Daily
2020-04-14,1.0922993421554563,0.905669206131669,90566.9206131669,-0.0008847468401704806,-0.0008847468401704806,-0.09433079386833099,1.325627396025289,-0.31679957064315856,Daily
2020-04-15,1.098538875579834,0.9108426536153386,91084.26536153385,0.005712292577293887,0.005712292577293887,-0.08915734638466144,1.325627396025289,-0.31289692990173956,Daily
2020-04-16,1.0905101299285889,0.9041856984936342,90418.56984936341,-0.007308567616241324,-0.007308567616241324,-0.09581430150636583,1.325627396025289,-0.3179186691488797,Daily
2020-04-17,1.0858471393585205,0.900319425939208,90031.9425939208,-0.004275971806308565,-0.004275971806308565,-0.099680574060792,1.325627396025289,-0.3208352296892085,Daily
2020-04-20,1.0866966247558594,0.90102376836233,90102.376836233,0.0007823250313490071,0.0007823250313490071,-0.09897623163767,1.325627396025289,-0.32030390208898396,Daily
2020-04-21,1.0864840745925903,0.9008475344947428,90084.75344947427,-0.0001955929174960458,-0.0001955929174960458,-0.09915246550525725,1.325627396025289,-0.320436845831785,Daily
2020-04-22,1.0856467485427856,0.9001532738744777,90015.32738744777,-0.0007706749407427882,-0.0007706749407427882,-0.09984672612552226,1.325627396025289,-0.32096056812535456,Daily
2020-04-23,1.080964207649231,0.8962707913625171,89627.0791362517,-0.004313134912290573,-0.004313134912290573,-0.10372920863748292,1.325627396025289,-0.3238893568057951,Daily
2020-04-24,1.077702283859253,0.8935661994843404,89356.61994843403,-0.0030176057328222816,-0.0030176057328222816,-0.10643380051565965,1.325627396025289,-0.3259295921587201,Daily
2020-04-27,1.08236825466156,0.8974349430688784,89743.49430688783,0.004329554527432444,0.004329554527432444,-0.10256505693112161,1.325627396025289,-0.3230111675726427,Daily
2020-04-28,1.0824854373931885,0.8975321039728819,89753.21039728819,0.00010826512245132314,0.00010826512245132314,-0.10246789602711814,1.325627396025289,-0.32293787329380175,Daily
2020-04-29,1.0836584568023682,0.8985047014249616,89850.47014249617,0.0010836352792000792,0.0010836352792000792,-0.10149529857503836,1.325627396025289,-0.32220418488709257,Daily
2020-04-30,1.087725043296814,0.9018764714333759,90187.64714333758,0.003752645927246556,0.003752645927246556,-0.0981235285666241,1.325627396025289,-0.3196606571820043,Daily
2020-05-01,1.094546914100647,0.9075327582009285,90753.27582009285,0.006271686807133303,0.006271686807133303,-0.09246724179907151,1.325627396025289,-0.315393781901279,Daily
2020-05-04,1.0959625244140625,0.9087064975041244,90870.64975041244,0.0012933299570614398,0.0012933299570614398,-0.09129350249587564,1.325627396025289,-0.31450836017062145,Daily
2020-05-05,1.0904293060302734,0.9041186841569968,90411.86841569968,-0.005048729550992004,-0.005048729550992004,-0.09588131584300319,1.325627396025289,-0.317969222069586,Daily
2020-05-06,1.0838581323623655,0.8986702604424648,89867.02604424648,-0.00602622621344473,-0.00602622621344473,-0.10132973955753521,1.325627396025289,-0.32207929382192635,Daily
2020-05-07,1.0798553228378296,0.8953513704784474,89535.13704784474,-0.0036931120457722733,-0.0036931120457722733,-0.10464862952155263,1.325627396025289,-0.32458293094799107,Daily
2020-05-08,1.0837171077728271,0.8985533312975656,89855.33312975656,0.0035762058614008385,0.0035762058614008385,-0.10144666870243435,1.325627396025289,-0.32216750046675713,Daily
2020-05-11,1.0839520692825315,0.8987481473115949,89874.8147311595,0.00021681074149260127,0.00021681074149260127,-0.10125185268840509,1.325627396025289,-0.32202053909992556,Daily
2020-05-12,1.080940842628479,0.8962514184864391,89625.1418486439,-0.0027780072010431534,-0.0027780072010431534,-0.10374858151356092,1.325627396025289,-0.3239039709244653,Daily
2020-05-13,1.0846810340881348,0.8993525612769881,89935.25612769881,0.003460125949687365,0.003460125949687365,-0.10064743872301185,1.325627396025289,-0.3215645935097804,Daily
2020-05-14,1.08236825466156,0.8974349430688784,89743.49430688783,-0.0021322207671115034,-0.0021322207671115034,-0.10256505693112161,1.325627396025289,-0.3230111675726427,Daily
2020-05-15,1.0806955099105835,0.8960480032876199,89604.800328762,-0.0015454488283191958,-0.0015454488283191958,-0.10395199671238009,1.325627396025289,-0.3240574191705027,Daily
2020-05-18,1.0821340084075928,0.8972407201020758,89724.07201020757,0.0013310858459365527,0.0013310858459365527,-0.10275927989792422,1.325627396025289,-0.32315768156849467,Daily
2020-05-19,1.0915124416351318,0.905016755340899,90501.6755340899,0.008666609823435811,0.008666609823435811,-0.09498324465910102,1.325627396025289,-0.31729175328265924,Daily
2020-05-20,1.0927767753601074,0.9060650651556101,90606.50651556102,0.0011583319408448034,0.0011583319408448034,-0.09393493484438986,1.325627396025289,-0.31650095051420835,Daily
2020-05-21,1.0982975959777832,0.9106425990174718,91064.25990174718,0.00505210281016133,0.00505210281016133,-0.0893574009825282,1.325627396025289,-0.31304784304555855,Daily
2020-05-22,1.0952903032302856,0.9081491319520637,90814.91319520638,-0.002738140153006663,-0.002738140153006663,-0.0918508680479363,1.325627396025289,-0.31492881432971,Daily
2020-05-25,1.0907801389694214,0.9044095738217806,90440.95738217805,-0.004117779777254138,-0.004117779777254138,-0.09559042617821945,1.325627396025289,-0.31774978660404274,Daily
2020-05-26,1.0902997255325315,0.9040112437677273,90401.12437677273,-0.00044043104538349365,-0.00044043104538349365,-0.09598875623227265,1.325627396025289,-0.3180502707787418,Daily
2020-05-27,1.0981770753860474,0.9105426705597429,91054.2670559743,0.007224939774857164,0.007224939774857164,-0.08945732944025708,1.325627396025289,-0.31312322505563805,Daily
2020-05-28,1.1016855239868164,0.9134516660487835,91345.16660487835,0.0031947931525848627,0.0031947931525848627,-0.08654833395121653,1.325627396025289,-0.3109287958383763,Daily
2020-05-29,1.1079105138778689,0.9186130549055066,91861.30549055066,0.005650423605935373,0.005650423605935373,-0.0813869450944934,1.325627396025289,-0.30703525164021106,Daily
2020-06-01,1.1118524074554443,0.921881437014035,92188.1437014035,0.0035579530369995727,0.0035579530369995727,-0.07811856298596498,1.325627396025289,-0.3045697156092507,Daily
2020-06-02,1.1125946044921875,0.9224968223531254,92249.68223531253,0.0006675319779554378,0.0006675319779554378,-0.07750317764687464,1.325627396025289,-0.3041054936559813,Daily
2020-06-03,1.118943691253662,0.9277611049037117,92776.11049037117,0.005706559007063072,0.005706559007063072,-0.07223889509628834,1.325627396025289,-0.3001343305928381,Daily
2020-06-04,1.1235954761505127,0.9316180863849166,93161.80863849167,0.0041573002584596175,0.0041573002584596175,-0.06838191361508339,1.325627396025289,-0.2972247788645248,Daily
2020-06-05,1.1337867975234983,0.9400681197970863,94006.81197970863,0.009070276259834698,0.009070276259834698,-0.059931880202913734,1.325627396025289,-0.29085041346025964,Daily
2020-06-08,1.1319515705108645,0.9385464594541224,93854.64594541224,-0.0016186702973102207,-0.0016186702973102207,-0.061453540545877594,1.325627396025289,-0.29199829283234136,Daily
2020-06-09,1.1305567026138306,0.9373899185205058,93738.99185205057,-0.001232268175929474,-0.001232268175929474,-0.0626100814794942,1.325627396025289,-0.29287074080458786,Daily
2020-06-10,1.1332215070724487,0.939599414805444,93959.9414805444,0.00235707280533326,0.00235707280533326,-0.060400585194556045,1.325627396025289,-0.29120398565788297,Daily
2020-06-11,1.1365444660186768,0.9423546133803142,94235.46133803143,0.0029323119315063373,0.0029323119315063373,-0.05764538661968577,1.325627396025289,-0.28912557464802346,Daily
2020-06-12,1.1288082599639893,0.9359402145744028,93594.02145744028,-0.006806778164859195,-0.006806778164859195,-0.0640597854255972,1.325627396025289,-0.2939643391644662,Daily
2020-06-15,1.1252011060714722,0.932949378568053,93294.9378568053,-0.003195541723474027,-0.003195541723474027,-0.06705062143194696,1.325627396025289,-0.2962205055769267,Daily
2020-06-16,1.1337740421295166,0.940057543788207,94005.75437882071,0.007619025622873643,0.007619025622873643,-0.05994245621179295,1.325627396025289,-0.2908583915760642,Daily
2020-06-17,1.1265701055526731,0.9340844709602971,93408.44709602972,-0.006353943827566044,-0.006353943827566044,-0.06591552903970288,1.325627396025289,-0.29536423752177976,Daily
2020-06-18,1.1242902278900146,0.932194132924624,93219.4132924624,-0.0020237334999582135,-0.0020237334999582135,-0.06780586707537595,1.325627396025289,-0.2967902325195755,Daily
2020-06-19,1.1211000680923462,0.929549043451544,92954.9043451544,-0.002837487793214799,-0.002837487793214799,-0.07045095654845601,1.325627396025289,-0.29878558165087055,Daily
2020-06-22,1.1177555322647097,0.9267759546186631,92677.59546186631,-0.0029832625318875206,-0.0029832625318875206,-0.07322404538133687,1.325627396025289,-0.30087748835195083,Daily
2020-06-23,1.1279679536819458,0.9352434829240257,93524.34829240257,0.009136542940247905,0.009136542940247905,-0.0647565170759743,1.325627396025289,-0.2944899255037845,Daily
2020-06-24,1.1312345266342163,0.9379519296091772,93795.19296091772,0.002895980281716115,0.002895980281716115,-0.06204807039082283,1.325627396025289,-0.2924467822394914,Daily
2020-06-25,1.1250872611999512,0.9328549852177749,93285.49852177748,-0.005434121121245639,-0.005434121121245639,-0.06714501478222512,1.325627396025289,-0.2962917121245291,Daily
2020-06-26,1.1222084760665894,0.9304680689707958,93046.80689707959,-0.00255872164999138,-0.00255872164999138,-0.06953193102920419,1.325627396025289,-0.29809230575599444,Daily
2020-06-29,1.1225864887237549,0.9307814944302009,93078.14944302008,0.00033684708788750406,0.00033684708788750406,-0.06921850556979914,1.325627396025289,-0.29785587019322257,Daily
2020-06-30,1.1247202157974243,0.9325506531491821,93255.0653149182,0.0019007239932979925,0.0019007239932979925,-0.06744934685081794,1.325627396025289,-0.2965212879989455,Daily
2020-07-01,1.1235954761505127,0.9316180863849166,93161.80863849167,-0.0010000172763979798,-0.0010000172763979798,-0.06838191361508339,1.325627396025289,-0.2972247788645248,Daily
2020-07-02,1.1251378059387207,0.9328968938884743,93289.68938884743,0.0013726735475048102,0.0013726735475048102,-0.0671031061115257,1.325627396025289,-0.29626009790863017,Daily
2020-07-03,1.1237848997116089,0.9317751450588347,93177.51450588348,-0.0012024360215885377,-0.0012024360215885377,-0.06822485494116526,1.325627396025289,-0.297106300116734,Daily
2020-07-06,1.1247202157974243,0.9325506531491821,93255.0653149182,0.0008322910247819948,0.0008322910247819948,-0.06744934685081794,1.325627396025289,-0.2965212879989455,Daily
2020-07-07,1.1312856674194336,0.9379943324858988,93799.43324858988,0.005837408743786465,0.005837408743786465,-0.06200566751410119,1.325627396025289,-0.2924147952144429,Daily
2020-07-08,1.1275228261947632,0.9348744098664987,93487.44098664988,-0.0033261636145834883,-0.0033261636145834883,-0.06512559013350128,1.325627396025289,-0.29476833937681823,Daily
2020-07-09,1.1339154243469238,0.9401747694567201,94017.47694567201,0.0056695953320384795,0.0056695953320384795,-0.05982523054327993,1.325627396025289,-0.2907699612457433,Daily
2020-07-10,1.128795504570007,0.9359296385655232,93592.96385655232,-0.004515257193776767,-0.004515257193776767,-0.06407036143447675,1.325627396025289,-0.29397231728027096,Daily
2020-07-13,1.1310042142868042,0.9377609684021224,93776.09684021224,0.0019566960604069372,0.0019566960604069372,-0.06223903159787758,1.325627396025289,-0.29259083569495514,Daily
2020-07-14,1.134549617767334,0.9407006046645517,94070.06046645518,0.003134739407461451,0.003134739407461451,-0.05929939533544826,1.325627396025289,-0.29037329231040876,Daily
2020-07-15,1.1410704851150513,0.9461073173907932,94610.73173907932,0.005747538270340025,0.005747538270340025,-0.053892682609206766,1.325627396025289,-0.28629468565030747,Daily
2020-07-16,1.1417193412780762,0.9466453100667759,94664.53100667759,0.0005686381091167814,0.0005686381091167814,-0.05335468993322412,1.325627396025289,-0.28588884560988903,Daily
2020-07-17,1.139211654663086,0.9445660864893419,94456.6086489342,-0.0021964124845105237,-0.0021964124845105237,-0.05543391351065807,1.325627396025289,-0.2874573282647196,Daily
2020-07-20,1.1442956924438477,0.9487814661779901,94878.14661779901,0.004462768406512829,0.004462768406512829,-0.051218533822009915,1.325627396025289,-0.28427741534100714,Daily
2020-07-21,1.1458691358566284,0.950086071235917,95008.6071235917,0.001375032190692238,0.001375032190692238,-0.04991392876408296,1.325627396025289,-0.2832932737474956,Daily
2020-07-22,1.15340256690979,0.9563323411530086,95633.23411530086,0.006574425313873089,0.006574425313873089,-0.04366765884699142,1.325627396025289,-0.278581338903798,Daily
2020-07-23,1.1568717956542969,0.9592088178857755,95920.88178857755,0.0030078212447557373,0.0030078212447557373,-0.0407911821142245,1.325627396025289,-0.2764114405285897,Daily
2020-07-24,1.1596084833145142,0.9614779154170148,96147.79154170147,0.00236559286041671,0.00236559286041671,-0.03852208458298523,1.325627396025289,-0.27469972459842495,Daily
2020-07-27,1.1652567386627195,0.966161110526465,96616.1110526465,0.004870829620063688,0.004870829620063688,-0.03383888947353497,1.325627396025289,-0.2711669105335587,Daily
2020-07-28,1.1769275665283203,0.975837862127432,97583.7862127432,0.010015670777406838,0.010015670777406838,-0.024162137872568046,1.325627396025289,-0.2638671582577824,Daily
2020-07-29,1.171879529953003,0.9716523324825367,97165.23324825367,-0.004289165041998277,-0.004289165041998277,-0.028347667517463315,1.325627396025289,-0.26702455350885,Daily
2020-07-30,1.1782865524291992,0.9769646518585,97696.46518585,0.005467304712160281,0.005467304712160281,-0.02303534814149999,1.325627396025289,-0.2630171533963511,Daily
2020-07-31,1.1872254610061646,0.9843762595764067,98437.62595764067,0.007586362212601561,0.007586362212601561,-0.015623740423593269,1.325627396025289,-0.2574261345775417,Daily
2020-08-03,1.1782310009002686,0.9769185918572125,97691.85918572126,-0.0075760337032135805,-0.0075760337032135805,-0.023081408142787474,1.325627396025289,-0.2630518992091079,Daily
2020-08-04,1.1763322353363037,0.9753442491522606,97534.42491522606,-0.0016115393013034218,-0.0016115393013034218,-0.02465575084773941,1.325627396025289,-0.26423952003655327,Daily
2020-08-05,1.181544303894043,0.97966578429452,97966.578429452,0.004430779333569168,0.004430779333569168,-0.020334215705479997,1.325627396025289,-0.26097952770747435,Daily
2020-08-06,1.187281847000122,0.9844230114661257,98442.30114661256,0.0048559695029375405,0.0048559695029375405,-0.015576988533874347,1.325627396025289,-0.2573908668319752,Daily
2020-08-07,1.1876484155654907,0.9847269481699005,98472.69481699004,0.0003087460372570572,0.0003087460372570572,-0.015273051830099527,1.325627396025289,-0.25716158920487875,Daily
2020-08-10,1.178272724151611,0.9769531862787803,97695.31862787802,-0.007894332439634777,-0.007894332439634777,-0.02304681372121975,1.325627396025289,-0.2630258025686254,Daily
2020-08-11,1.1737778186798096,0.9732262798226707,97322.62798226708,-0.0038148260412613766,-0.0038148260412613766,-0.026773720177329263,1.325627396025289,-0.26583723092872424,Daily
2020-08-12,1.1736538410186768,0.9731234849700118,97312.34849700118,-0.00010562276706882479,-0.00010562276706882479,-0.026876515029988224,1.325627396025289,-0.26591477523187246,Daily
2020-08-13,1.179380178451538,0.9778714210683964,97787.14210683964,0.00487906845504904,0.00487906845504904,-0.022128578931603582,1.325627396025289,-0.26233312316838864,Daily
2020-08-14,1.1816558837890625,0.979758299661913,97975.82996619129,0.001929577399301552,0.001929577399301552,-0.020241700338087032,1.325627396025289,-0.260909737834641,Daily
2020-08-17,1.1852554082870483,0.982742809831176,98274.2809831176,0.003046169826061096,0.003046169826061096,-0.017257190168823988,1.325627396025289,-0.2586583433792973,Daily
2020-08-18,1.1876484155654907,0.9847269481699005,98472.69481699004,0.002018980265106496,0.002018980265106496,-0.015273051830099527,1.325627396025289,-0.25716158920487875,Daily
2020-08-19,1.1947859525680542,0.9906449664469152,99064.49664469152,0.00600980636105608,0.00600980636105608,-0.009355033553084757,1.325627396025289,-0.25269727419844545,Daily
2020-08-20,1.1843500137329102,0.981992110883153,98199.2110883153,-0.008734567738023169,-0.008734567738023169,-0.01800788911684703,1.325627396025289,-0.2592246404777685,Daily
2020-08-21,1.1873664855957031,0.9844931887213061,98449.3188721306,0.002546942903547178,0.002546942903547178,-0.01550681127869391,1.325627396025289,-0.2573379279327107,Daily
2020-08-24,1.1798018217086792,0.978221022408641,97822.1022408641,-0.006370959580544788,-0.006370959580544788,-0.02177897759135905,1.325627396025289,-0.26206939797585516,Daily
2020-08-25,1.1794538497924805,0.9779325049327648,97793.25049327649,-0.0002949409890677934,-0.0002949409890677934,-0.022067495067235154,1.325627396025289,-0.2622870439574795,Daily
2020-08-26,1.183501958847046,0.9812889545544848,98128.89545544848,0.0034321894453757107,0.0034321894453757107,-0.018711045445515162,1.325627396025289,-0.25975507333603354,Daily
2020-08-27,1.1842728853225708,0.9819281606238548,98192.81606238548,0.000651394338439415,0.000651394338439415,-0.018071839376145205,1.325627396025289,-0.25927288198174603,Daily
2020-08-28,1.1819632053375244,0.9800131122870614,98001.31122870615,-0.0019502937318516267,-0.0019502937318516267,-0.01998688771293855,1.325627396025289,-0.26071751743702964,Daily
2020-08-31,1.1918240785598757,0.988189157880414,98818.9157880414,0.008342792041090119,0.008342792041090119,-0.011810842119586051,1.325627396025289,-0.25454983742538595,Daily
2020-09-01,1.193901538848877,0.9899116635508807,98991.16635508806,0.0017430930674866563,0.0017430930674866563,-0.010088336449119328,1.325627396025289,-0.25325044841484534,Daily
2020-09-02,1.1923214197158811,0.9886015233855027,98860.15233855027,-0.0013234919979409066,-0.0013234919979409066,-0.011398476614497333,1.325627396025289,-0.25423876547083435,Daily
2020-09-03,1.184735894203186,0.9823120598620537,98231.20598620537,-0.00636198040835545,-0.00636198040835545,-0.01768794013794628,1.325627396025289,-0.25898328383421987,Daily
2020-09-04,1.1839784383773804,0.98168402284879,98168.40228487899,-0.0006393457221240961,-0.0006393457221240961,-0.018315977151210028,1.325627396025289,-0.2594570497017229,Daily
2020-09-07,1.183445930480957,0.9812424991883794,98124.24991883793,-0.00044976148142794603,-0.00044976148142794603,-0.018757500811620642,1.325627396025289,-0.25979011739611013,Daily
2020-09-08,1.182172775268555,0.9801868751245368,98018.68751245369,-0.0010758034478894896,-0.0010758034478894896,-0.01981312487546316,1.325627396025289,-0.26058643773997725,Daily
2020-09-09,1.177024483680725,0.9759182200266739,97591.8220026674,-0.004354940069280722,-0.004354940069280722,-0.024081779973326056,1.325627396025289,-0.26380653949003297,Daily
2020-09-10,1.1806375980377195,0.9789139980932475,97891.39980932475,0.0030697019536038983,0.0030697019536038983,-0.021086001906752472,1.325627396025289,-0.26154664498607505,Daily
2020-09-11,1.1824384927749634,0.9804071921693218,98040.71921693218,0.001525357772983904,0.001525357772983904,-0.019592807830678183,1.325627396025289,-0.26042023942101855,Daily
2020-09-14,1.1842728853225708,0.9819281606238548,98192.81606238548,0.0015513640318851607,0.0015513640318851607,-0.018071839376145205,1.325627396025289,-0.25927288198174603,Daily
2020-09-15,1.187000036239624,0.9841893508587357,98418.93508587357,0.0023028061782486287,0.0023028061782486287,-0.015810649141264288,1.325627396025289,-0.25756713099797734,Daily
2020-09-16,1.1844412088394165,0.98206772440458,98206.77244045801,-0.0021557096226498818,-0.0021557096226498818,-0.01793227559541999,1.325627396025289,-0.2591676006778566,Daily
2020-09-17,1.1803449392318726,0.9786713429362502,97867.13429362503,-0.003458398421950948,-0.003458398421950948,-0.021328657063749756,1.325627396025289,-0.2617296942786024,Daily
2020-09-18,1.1848200559616089,0.9823818417524163,98238.18417524162,0.0037913635082371666,0.0037913635082371666,-0.017618158247583726,1.325627396025289,-0.2589306431822751,Daily
2020-09-21,1.1845533847808838,0.9821607339779953,98216.07339779953,-0.00022507314877329154,-0.00022507314877329154,-0.017839266022004696,1.325627396025289,-0.2590974379958736,Daily
2020-09-22,1.176800012588501,0.9757321020386388,97573.21020386388,-0.006545397017979848,-0.006545397017979848,-0.024267897961361196,1.325627396025289,-0.26394693941582903,Daily
2020-09-23,1.1708368062973022,0.9707877684669531,97078.77684669531,-0.005067306447492315,-0.005067306447492315,-0.029212231533046862,1.325627396025289,-0.26767674583542367,Daily
2020-09-24,1.1658544540405271,0.966656700325726,96665.6700325726,-0.004255377205412025,-0.004255377205412025,-0.03334329967427396,1.325627396025289,-0.2707930575181887,Daily
2020-09-25,1.1673243045806885,0.9678754123769603,96787.54123769603,0.001260749603063438,0.001260749603063438,-0.03212458762303971,1.325627396025289,-0.2698737101549037,Daily
2020-09-28,1.1635348796844482,0.9647334481689611,96473.34481689612,-0.0032462486057818207,-0.0032462486057818207,-0.035266551831038884,1.325627396025289,-0.27224388160535795,Daily
2020-09-29,1.167883276939392,0.9683388787847653,96833.88787847653,0.003737229825136801,0.003737229825136801,-0.03166112121523468,1.325627396025289,-0.26952408973426767,Daily
2020-09-30,1.1742050647735596,0.9735805266995258,97358.05266995258,0.005413030530529328,0.005413030530529328,-0.026419473300474228,1.325627396025289,-0.26557000133018305,Daily
2020-10-01,1.1726078987121582,0.9722562522419074,97225.62522419074,-0.001360210502676873,-0.001360210502676873,-0.02774374775809263,1.325627396025289,-0.26656898072785473,Daily
2020-10-02,1.1744946241378784,0.9738206119852068,97382.06119852068,0.0016089994172752142,0.0016089994172752142,-0.026179388014793248,1.325627396025289,-0.2653888906452343,Daily
2020-10-05,1.1720443964004517,0.971789029868332,97178.9029868332,-0.0020861974904528013,-0.0020861974904528013,-0.028210970131667956,1.325627396025289,-0.26692143449802896,Daily
2020-10-06,1.1792453527450562,0.9777596316661299,97775.96316661299,0.006143927966141716,0.006143927966141716,-0.02224036833387011,1.325627396025289,-0.26241745259806226,Daily
2020-10-07,1.1737639904022217,0.9732148142429511,97321.48142429511,-0.004648194991885957,-0.004648194991885957,-0.026785185757048913,1.325627396025289,-0.2658458801009985,Daily
2020-10-08,1.176747441291809,0.9756885130674633,97568.85130674634,0.0025417808980192635,0.0025417808980192635,-0.024311486932536708,1.325627396025289,-0.263979821182837,Daily
2020-10-09,1.1767003536224363,0.9756494707916936,97564.94707916936,-4.001510240903006e-05,-4.001510240903006e-05,-0.024350529208306382,1.325627396025289,-0.26400927310566746,Daily
2020-10-12,1.181683897972107,0.9797815273449656,97978.15273449656,0.004235185563027155,0.004235185563027155,-0.020218472655034403,1.325627396025289,-0.26089221580460276,Daily
2020-10-13,1.1816140413284302,0.9797236063991406,97972.36063991406,-5.911618479070846e-05,-5.911618479070846e-05,-0.02027639360085942,1.325627396025289,-0.2609359090369535,Daily
2020-10-14,1.1742188930511477,0.9735919922792456,97359.19922792456,-0.006258514217526101,-0.006258514217526101,-0.026408007720754356,1.325627396025289,-0.26556135215790866,Daily
2020-10-15,1.1743981838226318,0.9737406494507829,97374.06494507828,0.0001526893942391805,0.0001526893942391805,-0.02625935054921713,1.325627396025289,-0.2654492111656639,Daily
2020-10-16,1.1707134246826172,0.9706854678203168,97068.54678203168,-0.003137572239784059,-0.003137572239784059,-0.02931453217968316,1.325627396025289,-0.2677539173294219,Daily
2020-10-19,1.171550154685974,0.9713792342345592,97137.92342345591,0.0007147180392019781,0.0007147180392019781,-0.028620765765440814,1.325627396025289,-0.2672305678450023,Daily
2020-10-20,1.176885962486267,0.9758033665470687,97580.33665470687,0.0045544851656167396,0.0045544851656167396,-0.024196633452931327,1.325627396025289,-0.26389318033643494,Daily
2020-10-21,1.1829839944839478,0.9808594895210208,98085.94895210207,0.005181497776384436,0.005181497776384436,-0.019140510478979245,1.325627396025289,-0.2600790444871668,Daily
2020-10-22,1.1853959560394287,0.9828593436112575,98285.93436112575,0.002038879280469974,0.002038879280469974,-0.017140656388742515,1.325627396025289,-0.2585704349817861,Daily
2020-10-23,1.1815024614334106,0.9796310910317476,97963.10910317476,-0.003284551955978321,-0.003284551955978321,-0.020368908968252386,1.325627396025289,-0.26100569890978687,Daily
2020-10-26,1.184848070144653,0.9824050694354689,98240.50694354689,0.0028316561500714155,0.0028316561500714155,-0.017594930564531097,1.325627396025289,-0.25891312115223697,Daily
2020-10-27,1.180944323539734,0.979168316512374,97916.8316512374,-0.0032947233516973373,-0.0032947233516973373,-0.020831683487625985,1.325627396025289,-0.26135479739761314,Daily
2020-10-28,1.1784114837646484,0.9770682374407947,97706.82374407948,-0.0021447579912097225,-0.0021447579912097225,-0.02293176255920526,1.325627396025289,-0.26293901259856334,Daily
2020-10-29,1.1748672723770142,0.9741295895904102,97412.95895904102,-0.003007617828291731,-0.003007617828291731,-0.025870410409589817,1.325627396025289,-0.2651558103648103,Daily
2020-10-30,1.1678695678710938,0.9683275120462501,96832.751204625,-0.005956166003128649,-0.005956166003128649,-0.031672487953749884,1.325627396025289,-0.269532664344712,Daily
2020-11-02,1.1642121076583862,0.96529496505161,96529.496505161,-0.0031317368936794043,-0.0031317368936794043,-0.034705034948389946,1.325627396025289,-0.27182029584941136,Daily
2020-11-03,1.1642799377441406,0.9653512056969589,96535.1205696959,5.826265274855302e-05,5.826265274855302e-05,-0.03464879430304113,1.325627396025289,-0.2717778701681698,Daily
2020-11-04,1.176221489906311,0.9752524256732991,97525.2425673299,0.010256598756917423,0.010256598756917423,-0.02474757432670094,1.325627396025289,-0.26430878797657686,Daily
2020-11-05,1.17326819896698,0.9728037336735201,97280.37336735202,-0.0025108289252275817,-0.0025108289252275817,-0.027196266326479868,1.325627396025289,-0.2661559827517611,Daily
2020-11-06,1.1817537546157837,0.9798394482907907,97983.94482907908,0.007232409142491791,0.007232409142491791,-0.020160551709209273,1.325627396025289,-0.260848522572252,Daily
2020-11-09,1.1893010139465332,0.9860971837876019,98609.7183787602,0.006386490672249501,0.006386490672249501,-0.013902816212398084,1.325627396025289,-0.25612793855628024,Daily
2020-11-10,1.182732105255127,0.9806506380559552,98065.06380559552,-0.005523335652097172,-0.005523335652097172,-0.019349361944044796,1.325627396025289,-0.26023659363385143,Daily
2020-11-11,1.1818794012069702,0.9799436269203123,97994.36269203124,-0.0007209612763261486,-0.0007209612763261486,-0.02005637307968766,1.325627396025289,-0.2607699344034845,Daily
2020-11-12,1.1780297756195068,0.9767517479040508,97675.17479040509,-0.003257206770447274,-0.003257206770447274,-0.023248252095949162,1.325627396025289,-0.26317775957806366,Daily
2020-11-13,1.1803393363952637,0.9786666973996396,97866.66973996397,0.0019605283529802175,0.0019605283529802175,-0.02133330260036037,1.325627396025289,-0.2617331986846101,Daily
2020-11-16,1.1845253705978394,0.9821375062949427,98213.75062949427,0.0035464667435043395,0.0035464667435043395,-0.017862493705057325,1.325627396025289,-0.2591149600259117,Daily
2020-11-17,1.1859441995620728,0.9833139143106594,98331.39143106595,0.0011978037781641415,0.0011978037781641415,-0.016686085689340602,1.325627396025289,-0.25822752512584557,Daily
2020-11-18,1.186366319656372,0.9836639110157219,98366.3911015722,0.00035593588168425505,0.00035593588168425505,-0.016336088984278074,1.325627396025289,-0.25796350168599214,Daily
2020-11-19,1.1847639083862305,0.9823352875451064,98233.52875451064,-0.001350688437114278,-0.001350688437114278,-0.01766471245489365,1.325627396025289,-0.2589657618041816,Daily
2020-11-20,1.1866477727890017,0.9838972750994985,98389.72750994985,0.0015900757859321768,0.0015900757859321768,-0.016102724900501464,1.325627396025289,-0.2577874612054798,Daily
2020-11-23,1.1866477727890017,0.9838972750994985,98389.72750994985,0.0,0.0,-0.016102724900501464,1.325627396025289,-0.2577874612054798,Daily
2020-11-24,1.1842728853225708,0.9819281606238548,98192.81606238548,-0.0020013415276961544,-0.0020013415276961544,-0.018071839376145205,1.325627396025289,-0.25927288198174603,Daily
2020-11-25,1.1900511980056765,0.9867191914873925,98671.91914873925,0.004879207110725758,0.004879207110725758,-0.01328080851260749,1.325627396025289,-0.2556587209604041,Daily
2020-11-26,1.1920002698898315,0.9883352451806346,98833.52451806347,0.001637805068741116,0.001637805068741116,-0.011664754819365353,1.325627396025289,-0.25443963504071976,Daily
2020-11-27,1.191599726676941,0.9880031387335831,98800.31387335832,-0.0003360261092285599,-0.0003360261092285599,-0.011996861266416858,1.325627396025289,-0.2546901627893521,Daily
2020-11-30,1.1971460580825806,0.9926018246132033,99260.18246132034,0.004654525577231228,0.004654525577231228,-0.007398175386796657,1.325627396025289,-0.25122109908909307,Daily
2020-12-01,1.193816065788269,0.9898407944072688,98984.07944072688,-0.0027816090374510605,-0.0027816090374510605,-0.010159205592731202,1.325627396025289,-0.2533039092469196,Daily
2020-12-02,1.2074378728866575,1.0011351811607494,100113.51811607493,0.011410306402095616,0.011410306402095616,0.001135181160749399,1.325627396025289,-0.24478387806217994,Daily
2020-12-03,1.2114603519439695,1.0044703799235062,100447.03799235061,0.0033314170009386412,0.0033314170009386412,0.004470379923506185,1.325627396025289,-0.24226793823417336,Daily
2020-12-04,1.2145650386810305,1.0070446002529745,100704.46002529745,0.002562763801620793,0.002562763801620793,0.007044600252974487,1.325627396025289,-0.24032604993495232,Daily
2020-12-07,1.212135910987854,1.0050305130292925,100503.05130292925,-0.001999998037004569,-0.001999998037004569,0.005030513029292472,1.325627396025289,-0.24184539634384594,Daily
2020-12-08,1.2113136053085327,1.0043487064007919,100434.87064007919,-0.0006783939588516086,-0.0006783939588516086,0.00434870640079188,1.325627396025289,-0.2423597238468418,Daily
2020-12-09,1.2110936641693115,1.004166344378527,100416.6344378527,-0.0001815724171323474,-0.0001815724171323474,0.0041663443785269205,1.325627396025289,-0.24249729042309975,Daily
2020-12-10,1.207875370979309,1.0014979283811898,100149.79283811898,-0.0026573445846650445,-0.0026573445846650445,0.0014979283811897837,1.325627396025289,-0.244510236146263,Daily
2020-12-11,1.2144293785095217,1.0069321189622769,100693.21189622769,0.005426062727729164,0.005426062727729164,0.006932118962276856,1.325627396025289,-0.24041090129743536,Daily
2020-12-14,1.213340401649475,1.006029204559355,100602.92045593551,-0.0008966983830571706,-0.0008966983830571706,0.0060292045593550725,1.325627396025289,-0.24109202361402982,Daily
2020-12-15,1.214889645576477,1.0073137448527725,100731.37448527725,0.0012768419520983176,0.0012768419520983176,0.007313744852772475,1.325627396025289,-0.2401230180719982,Daily
2020-12-16,1.2154301404953003,1.0077618908738832,100776.18908738832,0.00044489219312326966,0.00044489219312326966,0.007761890873883237,1.325627396025289,-0.23978495473500439,Daily
2020-12-17,1.2199585437774658,1.0115165717084518,101151.65717084518,0.0037257618774537704,0.0037257618774537704,0.011516571708451773,1.325627396025289,-0.2369525745006894,Daily
2020-12-18,1.226271629333496,1.0167510042152852,101675.10042152852,0.005174836135400485,0.005174836135400485,0.016751004215285192,1.325627396025289,-0.2330039291101912,Daily
2020-12-21,1.221612811088562,1.012888191103016,101288.81911030161,-0.003799173146871282,-0.003799173146871282,0.012888191103016089,1.325627396025289,-0.2359178799864715,Daily
2020-12-22,1.223690629005432,1.0146109932970961,101461.09932970961,0.0017008809157939009,0.0017008809157939009,0.014610993297096142,1.325627396025289,-0.23461826729044122,Daily
2020-12-23,1.2186651229858398,1.0104441446398476,101044.41446398475,-0.004106843593038478,-0.004106843593038478,0.010444144639847552,1.325627396025289,-0.23776157035564816,Daily
2020-12-24,1.2191405296325684,1.0108383233633125,101083.83233633125,0.00039010441651421424,0.00039010441651421424,0.010838323363312474,1.325627396025289,-0.23746421777780702,Daily
2020-12-25,1.2184720039367676,1.0102840218885907,101028.40218885907,-0.00054835819132526,-0.00054835819132526,0.010284021888590678,1.325627396025289,-0.2378823605201672,Daily
2020-12-28,1.2205095291137695,1.0119734157555569,101197.34157555569,0.0016721969568598283,0.0016721969568598283,0.011973415755556882,1.325627396025289,-0.23660794972265986,Daily
2020-12-29,1.2223445177078247,1.0134948784161122,101349.48784161122,0.001503461095783143,0.001503461095783143,0.013494878416112188,1.325627396025289,-0.23546021947423768,Daily
2020-12-30,1.225295066833496,1.015941297068188,101594.1297068188,0.002413844119172115,0.002413844119172115,0.01594129706818803,1.325627396025289,-0.23361473962114243,Daily
2020-12-31,1.2299896478652954,1.019833762541801,101983.3762541801,0.003831388176507744,0.003831388176507744,0.019833762541801025,1.325627396025289,-0.23067842019587703,Daily
2021-01-01,1.218026876449585,1.0099149488310637,100991.49488310637,-0.009725912276149828,-0.009725912276149828,0.009914948831063697,1.325627396025289,-0.23816077439320094,Daily
2021-01-04,1.2250697612762451,1.0157544871917212,101575.44871917213,0.005782208063576544,0.005782208063576544,0.015754487191721234,1.325627396025289,-0.23375566147974824,Daily
2021-01-05,1.2251598834991455,1.015829211142308,101582.92111423079,7.356497217481106e-05,7.356497217481106e-05,0.015829211142307953,1.325627396025289,-0.23369929273630596,Daily
2021-01-06,1.230027437210083,1.0198650952036212,101986.50952036212,0.003972994689505738,0.003972994689505738,0.01986509520362123,1.325627396025289,-0.23065478409578277,Daily
2021-01-07,1.2341108322143557,1.0232508018218673,102325.08018218674,0.003319759284015955,0.003319759284015955,0.02325080182186734,1.325627396025289,-0.22810074317267137,Daily
2021-01-08,1.227144479751587,1.017474719514485,101747.4719514485,-0.005644835359130074,-0.005644835359130074,0.017474719514485093,1.325627396025289,-0.23245798739129653,Daily
2021-01-11,1.218620538711548,1.0104071780293724,101040.71780293724,-0.006946159299648369,-0.006946159299648369,0.01040717802937241,1.325627396025289,-0.23778945648004923,Daily
2021-01-12,1.2160701751708984,1.0082925693007347,100829.25693007348,-0.0020928282920177343,-0.0020928282920177343,0.008292569300734742,1.325627396025289,-0.23938463227000206,Daily
2021-01-13,1.220889449119568,1.0122884226742337,101228.84226742337,0.0039629900042505994,0.0039629900042505994,0.01228842267423369,1.325627396025289,-0.23637032117060863,Daily
2021-01-14,1.2162491083145142,1.0084409299486585,100844.09299486586,-0.0038007870478365957,-0.0038007870478365957,0.008440929948658527,1.325627396025289,-0.2392727149632471,Daily
2021-01-15,1.2151259183883667,1.0075096481200514,100750.96481200514,-0.000923486741711832,-0.000923486741711832,0.007509648120051393,1.325627396025289,-0.23997523652503694,Daily
2021-01-18,1.2068113088607788,1.0006156717900043,100061.56717900043,-0.006842590880306476,-0.006842590880306476,0.000615671790004324,1.325627396025289,-0.24517577504039778,Daily
2021-01-19,1.207729458808899,1.001376946746907,100137.69467469069,0.000760806549772175,0.000760806549772175,0.0013769467469069152,1.325627396025289,-0.24460149982612178,Daily
2021-01-20,1.213886857032776,1.0064822926406898,100648.22926406898,0.005098325770698242,0.005098325770698242,0.00648229264068978,1.325627396025289,-0.24075023218553848,Daily
2021-01-21,1.2115631103515625,1.004555581041768,100455.55810417679,-0.0019143025297214677,-0.0019143025297214677,0.004555581041767898,1.325627396025289,-0.24220366593675613,Daily
2021-01-22,1.2166293859481812,1.0087562333909486,100875.62333909486,0.004181602719109279,0.004181602719109279,0.008756233390948553,1.325627396025289,-0.23903486272570618,Daily
2021-01-25,1.216944694519043,1.0090176683767973,100901.76683767972,0.00025916567074868446,0.00025916567074868446,0.009017668376797294,1.325627396025289,-0.23883764668548813,Daily
2021-01-26,1.214624047279358,1.0070935266491918,100709.35266491918,-0.0019069455252461731,-0.0019069455252461731,0.007093526649191828,1.325627396025289,-0.24028914182912708,Daily
2021-01-27,1.216299295425415,1.0084825420957444,100848.25420957444,0.0013792318288194938,0.0013792318288194938,0.008482542095744394,1.325627396025289,-0.23924132443283808,Daily
2021-01-28,1.2105072736740112,1.0036801444936918,100368.01444936918,-0.004762003705163442,-0.004762003705163442,0.003680144493691806,1.325627396025289,-0.24286406006462413,Daily
2021-01-29,1.2120037078857422,1.0049208981335247,100492.08981335248,0.0012362042296441,0.0012362042296441,0.004920898133524698,1.325627396025289,-0.2419280854132605,Daily
2021-02-01,1.2123857736587524,1.005237684193882,100523.76841938819,0.0003152348219104262,0.0003152348219104262,0.005237684193881931,1.325627396025289,-0.24168911474827037,Daily
2021-02-02,1.2068694829940796,1.0006639062977907,100066.39062977907,-0.004549946712114172,-0.004549946712114172,0.0006639062977906729,1.325627396025289,-0.24513938886738196,Daily
2021-02-03,1.203905463218689,0.9982063185896086,99820.63185896086,-0.002455957182741275,-0.002455957182741275,-0.001793681410391379,1.325627396025289,-0.24699329420726157,Daily
2021-02-04,1.2042388916015625,0.9984827774385382,99848.27774385382,0.0002769556190749256,0.0002769556190749256,-0.0015172225614618062,1.325627396025289,-0.24678474476889112,Daily
2021-02-05,1.1966731548309326,0.9922097215550325,99220.97215550324,-0.006282587967714637,-0.006282587967714637,-0.007790278444967491,1.325627396025289,-0.2515168858685053,Daily
2021-02-08,1.2048773765563965,0.999012170929731,99901.21709297311,0.006855858420775629,0.006855858420775629,-0.000987829070268953,1.325627396025289,-0.24638539160767847,Daily
2021-02-09,1.2053595781326294,0.9994119836018514,99941.19836018514,0.00040020800922602184,0.00040020800922602184,-0.0005880163981486497,1.325627396025289,-0.24608378900553018,Daily
2021-02-10,1.2119992971420288,1.0049172410089589,100491.72410089588,0.005508496493374704,0.005508496493374704,0.00491724100895885,1.325627396025289,-0.24193084420096878,Daily
2021-02-11,1.2121212482452393,1.0050183555611416,100501.83555611417,0.0001006197804718223,0.0001006197804718223,0.0050183555611416075,1.325627396025289,-0.24185456744892975,Daily
2021-02-12,1.2131506204605105,1.0058718493618235,100587.18493618236,0.0008492320522894836,0.0008492320522894836,0.0058718493618235,1.325627396025289,-0.24121072604731042,Daily
2021-02-15,1.2122093439102173,1.005091399211252,100509.1399211252,-0.0007758942166108396,-0.0007758942166108396,0.005091399211252012,1.325627396025289,-0.24179946625659665,Daily
2021-02-16,1.2132196426391602,1.0059290784192172,100592.90784192173,0.0008334358533188535,0.0008334358533188535,0.005929078419217193,1.325627396025289,-0.2411675547477693,Daily
2021-02-17,1.2092483043670654,1.002636282533182,100263.62825331821,-0.0032733877135847633,-0.0032733877135847633,0.002636282533182044,1.325627396025289,-0.2436515075507275,Daily
2021-02-18,1.2048004865646362,0.9989484183528418,99894.84183528417,-0.0036781674916279705,-0.0036781674916279705,-0.0010515816471582395,1.325627396025289,-0.24643348398799625,Daily
2021-02-19,1.209189772605896,1.0025877515017825,100258.77515017825,0.003643164233586349,0.003643164233586349,0.002587751501782476,1.325627396025289,-0.24368811740923302,Daily
2021-02-22,1.2126356363296509,1.0054448553584712,100544.48553584711,0.0028497294649860727,0.0028497294649860727,0.005444855358471168,1.325627396025289,-0.24153283315269503,Daily
2021-02-23,1.2166796922683716,1.008797944379239,100879.79443792389,0.0033349308049046567,0.0033349308049046567,0.008797944379238976,1.325627396025289,-0.23900339763346723,Daily
2021-02-24,1.215214490890503,1.0075830871349798,100758.30871349797,-0.0012042622122974134,-0.0012042622122974134,0.0075830871349797935,1.325627396025289,-0.239919837085384,Daily
2021-02-25,1.2171372175216677,1.009177296922032,100917.72969220321,0.0015822117375801081,0.0015822117375801081,0.009177296922032063,1.325627396025289,-0.23871722933011863,Daily
2021-02-26,1.2160420417785645,1.0082692427764774,100826.92427764775,-0.0008997964463965946,-0.0008997964463965946,0.008269242776477448,1.325627396025289,-0.23940222886187035,Daily
2021-03-01,1.208956003189087,1.002393923899798,100239.39238997981,-0.005827132900038112,-0.005827132900038112,0.0023939238997980894,1.325627396025289,-0.24383433315776504,Daily
2021-03-02,1.2051095962524414,0.9992047135960574,99920.47135960574,-0.0031815938102787156,-0.0031815938102787156,-0.0007952864039425522,1.325627396025289,-0.24624014516293558,Daily
2021-03-03,1.208546757698059,1.0020546020448193,100205.46020448193,0.0028521567302313144,0.0028521567302313144,0.0020546020448193314,1.325627396025289,-0.24409030391998388,Daily
2021-03-04,1.2050660848617554,0.9991686365564224,99916.86365564224,-0.0028800481356082708,-0.0028800481356082708,-0.000831363443577593,1.325627396025289,-0.24626736023086737,Daily
2021-03-05,1.1967735290527344,0.9922929458492045,99229.29458492044,-0.006881411661313397,-0.006881411661313397,-0.007707054150795534,1.325627396025289,-0.25145410480768715,Daily
2021-03-08,1.1925631761550903,0.9888019733481875,98880.19733481876,-0.0035180865848334353,-0.0035180865848334353,-0.011198026651812465,1.325627396025289,-0.2540875540796954,Daily
2021-03-09,1.185171127319336,0.9826729290996089,98267.29290996089,-0.006198454709616996,-0.006198454709616996,-0.017327070900391095,1.325627396025289,-0.258711058593072,Daily
2021-03-10,1.1897906064987185,0.9865031246144,98650.31246144,0.0038977317898647446,0.0038977317898647446,-0.01349687538559996,1.325627396025289,-0.25582171312067503,Daily
2021-03-11,1.1926058530807495,0.9888373584993913,98883.73584993913,0.002366169783702965,0.002366169783702965,-0.01116264150060875,1.325627396025289,-0.25406086094457325,Daily
2021-03-12,1.1986095905303955,0.9938152980806,99381.52980806,0.00503413381222062,0.00503413381222062,-0.006184701919400015,1.325627396025289,-0.2503057035027956,Daily
2021-03-15,1.1950000524520874,0.9908224852501606,99082.24852501605,-0.0030114376748069382,-0.0030114376748069382,-0.00917751474983941,1.325627396025289,-0.25256336115185507,Daily
2021-03-16,1.1925773620605469,0.9888137354515207,98881.37354515208,-0.0020273558871978237,-0.0020273558871978237,-0.011186264548479263,1.325627396025289,-0.2540786812219312,Daily
2021-03-17,1.190164566040039,0.9868131894728526,98681.31894728525,-0.002023177780550056,-0.002023177780550056,-0.01318681052714743,1.325627396025289,-0.25558781266012154,Daily
2021-03-18,1.1982792615890503,0.9935414091029869,99354.1409102987,0.006818129005479179,0.006818129005479179,-0.006458590897013061,1.325627396025289,-0.2505123143335872,Daily
2021-03-19,1.1918240785598757,0.988189157880414,98818.9157880414,-0.005387043935496605,-0.005387043935496605,-0.011810842119586051,1.325627396025289,-0.25454983742538595,Daily
2021-03-22,1.1883116960525513,0.9852769006316253,98527.69006316253,-0.002947064563059154,-0.002947064563059154,-0.014723099368374681,1.325627396025289,-0.25674672718303626,Daily
2021-03-23,1.193303108215332,0.9894154807043928,98941.54807043928,0.00420042332273729,0.00420042332273729,-0.01058451929560722,1.325627396025289,-0.253624748801195,Daily
2021-03-24,1.1840205192565918,0.9817189137939712,98171.89137939713,-0.007778902857818792,-0.007778902857818792,-0.01828108620602875,1.325627396025289,-0.2594307293757505,Daily
2021-03-25,1.1813069581985474,0.979468991456401,97946.8991456401,-0.002291819283459784,-0.002291819283459784,-0.020531008543599016,1.325627396025289,-0.261127980310905,Daily
2021-03-26,1.1776621341705322,0.9764469216294356,97644.69216294355,-0.0030854165403151335,-0.0030854165403151335,-0.023553078370564418,1.325627396025289,-0.26340770826162985,Daily
2021-03-29,1.1788004636764526,0.9773907562910118,97739.07562910118,0.0009666010928697233,0.0009666010928697233,-0.022609243708988203,1.325627396025289,-0.26269571734743613,Daily
2021-03-30,1.177100658416748,0.9759813795563365,97598.13795563365,-0.00144197878443586,-0.00144197878443586,-0.02401862044366354,1.325627396025289,-0.2637588944806948,Daily
2021-03-31,1.1723604202270508,0.9720510579014077,97205.10579014076,-0.004027045738019597,-0.004027045738019597,-0.027948942098592333,1.325627396025289,-0.2667237710868312,Daily
2021-04-01,1.1728830337524414,0.9724843777418465,97248.43777418465,0.0004457788887903824,0.0004457788887903824,-0.027515622258153516,1.325627396025289,-0.2663968920243298,Daily
2021-04-02,1.177994966506958,0.9767228862723428,97672.28862723429,0.004358433541460371,0.004358433541460371,-0.023277113727657173,1.325627396025289,-0.26319953163240906,Daily
2021-04-05,1.176816701889038,0.975745939807266,97574.5939807266,-0.0010002289071011639,-0.0010002289071011639,-0.024254060192734017,1.325627396025289,-0.26393650075963593,Daily
2021-04-06,1.1818934679031372,0.9799552901824409,97995.52901824408,0.004313981953136592,0.004313981953136592,-0.020044709817559125,1.325627396025289,-0.2607611361075505,Daily
2021-04-07,1.1874228715896606,0.984539940611025,98453.9940611025,0.004678428163524373,0.004678428163524373,-0.01546005938897499,1.325627396025289,-0.2573026601871443,Daily
2021-04-08,1.1873664855957031,0.9844931887213061,98449.3188721306,-4.748602650894718e-05,-4.748602650894718e-05,-0.01550681127869391,1.325627396025289,-0.2573379279327107,Daily
2021-04-09,1.1915684938430786,0.9879772423380093,98797.72423380094,0.003538931154240421,0.003538931154240421,-0.01202275766199068,1.325627396025289,-0.25470969798879917,Daily
2021-04-12,1.1900511980056765,0.9867191914873925,98671.91914873925,-0.0012733601511303316,-0.0012733601511303316,-0.01328080851260749,1.325627396025289,-0.2556587209604041,Daily
2021-04-13,1.1914690732955933,0.9878948087734734,98789.48087734733,0.0011914405802817551,0.0011914405802817551,-0.012105191226526646,1.325627396025289,-0.2547718825549775,Daily
2021-04-14,1.1954143047332764,0.9911659584357275,99116.59584357275,0.0033112327681077414,0.0033112327681077414,-0.008834041564272477,1.325627396025289,-0.2523042587927784,Daily
2021-04-15,1.1986095905303955,0.9938152980806,99381.52980806,0.002672952619411584,0.002672952619411584,-0.006184701919400015,1.325627396025289,-0.2503057035027956,Daily
2021-04-16,1.1971746683120728,0.9926255465022785,99262.55465022786,-0.0011971556290382157,-0.0011971556290382157,-0.007374453497721478,1.325627396025289,-0.25120320424990505,Daily
2021-04-19,1.1969454288482666,0.9924354748660641,99243.5474866064,-0.0001914837240328815,-0.0001914837240328815,-0.0075645251339359065,1.325627396025289,-0.2513465866488991,Daily
2021-04-20,1.204529047012329,0.9987233569302416,99872.33569302416,0.006335809454036445,0.006335809454036445,-0.0012766430697583875,1.325627396025289,-0.2466032612747926,Daily
2021-04-21,1.2032392024993896,0.9976538950977717,99765.38950977717,-0.0010708288987624215,-0.0010708288987624215,-0.0023461049022283076,1.325627396025289,-0.24741002027485293,Daily
2021-04-22,1.2037750482559204,0.9980981863119078,99809.81863119078,0.00044533601915386356,0.00044533601915386356,-0.0019018136880921688,1.325627396025289,-0.24707486484922703,Daily
2021-04-23,1.2014753818511963,0.9961914406362908,99619.14406362908,-0.0019103788602828908,-0.0019103788602828908,-0.003808559363709163,1.325627396025289,-0.24851323711079476,Daily
2021-04-26,1.2089852094650269,1.0024181399948955,100241.81399948955,0.006250504777101318,0.006250504777101318,0.002418139994895485,1.325627396025289,-0.24381606550942736,Daily
2021-04-27,1.2081671953201294,1.001739891649756,100173.9891649756,-0.0006766122021125698,-0.0006766122021125698,0.0017398916497559647,1.325627396025289,-0.2443277087865452,Daily
2021-04-28,1.2090305089950562,1.0024556996525977,100245.56996525977,0.0007145647376216591,0.0007145647376216591,0.0024556996525977315,1.325627396025289,-0.24378773201404635,Daily
2021-04-29,1.213592290878296,1.0062380560244204,100623.80560244204,0.0037730907940705105,0.0037730907940705105,0.006238056024420402,1.325627396025289,-0.2409344744673454,Daily
2021-04-30,1.2127091884613037,1.0055058403816353,100550.58403816352,-0.0007276763569031841,-0.0007276763569031841,0.005505840381635263,1.325627396025289,-0.2414868285036157,Daily
2021-05-03,1.2027760744094849,0.9972698970183683,99726.98970183684,-0.008190845873297992,-0.008190845873297992,-0.002730102981631677,1.325627396025289,-0.24769969298420902,Daily
2021-05-04,1.2061271667480469,1.000048422117496,100004.8422117496,0.002786131525111424,0.002786131525111424,4.842211749589431e-05,1.325627396025289,-0.24560368538248134,Daily
2021-05-05,1.2015043497085571,0.9962154590489793,99621.54590489794,-0.0038327774773152523,-0.0038327774773152523,-0.003784540951020654,1.325627396025289,-0.24849511858611695,Daily
2021-05-06,1.2007973194122314,0.9956292318652106,99562.92318652106,-0.0005884542128350434,-0.0005884542128350434,-0.004370768134789427,1.325627396025289,-0.24893734479955099,Daily
2021-05-07,1.2068549394607544,1.0006518476708441,100065.18476708441,0.005044664866080906,0.005044664866080906,0.0006518476708441412,1.325627396025289,-0.24514848541063583,Daily
2021-05-10,1.2171076536178589,1.009152784303321,100915.2784303321,0.008495398926473774,0.008495398926473774,0.009152784303321004,1.325627396025289,-0.23873572066394633,Daily
2021-05-11,1.2140932083129885,1.0066533867656442,100665.33867656442,-0.0024767285752497203,-0.0024767285752497203,0.006653386765644198,1.325627396025289,-0.2406211656578947,Daily
2021-05-12,1.2144500017166138,1.0069492184906517,100694.92184906517,0.00029387645131562223,0.00029387645131562223,0.006949218490651665,1.325627396025289,-0.24039800210085416,Daily
2021-05-13,1.2078505754470823,1.0014773694106578,100147.73694106578,-0.005434086426121643,-0.005434086426121643,0.0014773694106577917,1.325627396025289,-0.24452574500689284,Daily
2021-05-14,1.207729458808899,1.001376946746907,100137.69467469069,-0.00010027452124050651,-0.00010027452124050651,0.0013769467469069152,1.325627396025289,-0.24460149982612178,Daily
2021-05-17,1.2150373458862305,1.0074362091051228,100743.62091051228,0.006050930549080569,0.006050930549080569,0.007436209105122771,1.325627396025289,-0.2400306359646901,Daily
2021-05-18,1.215687274932861,1.0079750913519456,100797.50913519456,0.0005349045844813549,0.0005349045844813549,0.007975091351945629,1.325627396025289,-0.23962412486780216,Daily
2021-05-19,1.2223997116088867,1.0135406418937862,101354.06418937862,0.005521515947755962,0.005521515947755962,0.013540641893786232,1.325627396025289,-0.23542569734697083,Daily
2021-05-20,1.217285394668579,1.0093001565392001,100930.01565392001,-0.004183833562572126,-0.004183833562572126,0.009300156539200133,1.325627396025289,-0.23862454897549068,Daily
2021-05-21,1.222538709640503,1.0136558907382094,101365.58907382094,0.004315598457791392,0.004315598457791392,0.013655890738209386,1.325627396025289,-0.23533875825324901,Daily
2021-05-24,1.2183235883712769,1.0101609645890133,101016.09645890133,-0.00344784278484378,-0.00344784278484378,0.010160964589013277,1.325627396025289,-0.23797518999845524,Daily
2021-05-25,1.2214635610580444,1.0127644419150075,101276.44419150075,0.0025772895778579663,0.0025772895778579663,0.012764441915007474,1.325627396025289,-0.23601123139756908,Daily
2021-05-26,1.2249093055725098,1.0156214469304916,101562.14469304917,0.0028209965686412097,0.0028209965686412097,0.015621446930491611,1.325627396025289,-0.23385602170286113,Daily
2021-05-27,1.21925950050354,1.0109369668853831,101093.69668853832,-0.004612427257484897,-0.004612427257484897,0.010936966885383148,1.325627396025289,-0.23738980507151686,Daily
2021-05-28,1.2193188667297363,1.010986189805214,101098.6189805214,4.869039459753921e-05,4.869039459753921e-05,0.01098618980521393,1.325627396025289,-0.2373526732802017,Daily
2021-05-31,1.2190067768096924,1.0107274235318864,101072.74235318865,-0.0002559543106888107,-0.0002559543106888107,0.010727423531886382,1.325627396025289,-0.23754787615101103,Daily
2021-06-01,1.223286509513855,1.0142759216139103,101427.59216139103,0.0035108358588153976,0.0035108358588153976,0.014275921613910336,1.325627396025289,-0.23487103189397196,Daily
2021-06-02,1.2217769622802734,1.0130242954415845,101302.42954415844,-0.0012340095487373137,-0.0012340095487373137,0.013024295441584455,1.325627396025289,-0.23581520834663028,Daily
2021-06-03,1.220986247062683,1.012368681732271,101236.8681732271,-0.0006471845860593906,-0.0006471845860593906,0.012368681732271014,1.325627396025289,-0.23630977696468936,Daily
2021-06-04,1.213300704956055,1.0059962904382633,100599.62904382634,-0.00629453617935305,-0.00629453617935305,0.00599629043826333,1.325627396025289,-0.24111685270340322,Daily
2021-06-07,1.2168411016464231,1.0089317753701044,100893.17753701043,0.002917987829321067,0.002917987829321067,0.008931775370104367,1.325627396025289,-0.2389024409157149,Daily
2021-06-08,1.2193634510040283,1.0110231564156895,101102.31564156894,0.0020728666661509187,0.0020728666661509187,0.011023156415689517,1.325627396025289,-0.2373247871558002,Daily
2021-06-09,1.217285394668579,1.0093001565392001,100930.01565392001,-0.0017042140583582999,-0.0017042140583582999,0.009300156539200133,1.325627396025289,-0.23862454897549068,Daily
2021-06-10,1.218200445175171,1.0100588616247859,101005.8861624786,0.0007517140274577727,0.0007517140274577727,0.010058861624785864,1.325627396025289,-0.2380522123687937,Daily
2021-06-11,1.2172558307647705,1.0092756439204893,100927.56439204892,-0.0007754178831089753,-0.0007754178831089753,0.009275643920489296,1.325627396025289,-0.23864304030931827,Daily
2021-06-14,1.2110203504562378,1.0041055570377722,100410.55570377721,-0.005122571731379644,-0.005122571731379644,0.004105557037772156,1.325627396025289,-0.2425431459485189,Daily
2021-06-15,1.212224006652832,1.005103556679403,100510.35566794031,0.000993919050279013,0.000993919050279013,0.005103556679403098,1.325627396025289,-0.24179029515151274,Daily
2021-06-16,1.2127091884613037,1.0055058403816353,100550.58403816352,0.0004002410493513242,0.0004002410493513242,0.005505840381635263,1.325627396025289,-0.2414868285036157,Daily
2021-06-17,1.1995586156845093,0.9946021729094625,99460.21729094625,-0.010843962346389069,-0.010843962346389069,-0.005397827090537488,1.325627396025289,-0.24971211677456273,Daily
2021-06-18,1.1913414001464844,0.9877889498434756,98778.89498434757,-0.006850199257112499,-0.006850199257112499,-0.01221105015652435,1.325627396025289,-0.2548517382748541,Daily
2021-06-21,1.1873664855957031,0.9844931887213061,98449.3188721306,-0.0033365033317003245,-0.0033365033317003245,-0.01550681127869391,1.325627396025289,-0.2573379279327107,Daily
2021-06-22,1.1912561655044556,0.9877182783822728,98771.82783822728,0.003275888241700775,0.003275888241700775,-0.012281721617727226,1.325627396025289,-0.25490504998326835,Daily
2021-06-23,1.1936734914779663,0.9897225803267111,98972.25803267112,0.0020292243125450415,0.0020292243125450415,-0.010277419673288879,1.325627396025289,-0.25339308519553994,Daily
2021-06-24,1.193317413330078,0.9894273416489302,98942.73416489302,-0.00029830447809264804,-0.00029830447809264804,-0.010572658351069797,1.325627396025289,-0.2536158013816011,Daily
2021-06-25,1.1930327415466309,0.989191308852633,98919.1308852633,-0.00023855495634872437,-0.00023855495634872437,-0.010808691147367044,1.325627396025289,-0.25379385503152185,Daily
2021-06-28,1.1942152976989746,0.9901718136010711,99017.1813601071,0.0009912185233162951,0.0009912185233162951,-0.009828186398928906,1.325627396025289,-0.25305420167841663,Daily
2021-06-29,1.1928904056549072,0.9890732924544843,98907.32924544843,-0.0011094247801214374,-0.0011094247801214374,-0.010926707545515724,1.325627396025289,-0.2538828818564822,Daily
2021-06-30,1.1901928186416626,0.9868366148383143,98683.66148383143,-0.00226138713200863,-0.00226138713200863,-0.013163385161685692,1.325627396025289,-0.2555701415064233,Daily
2021-07-01,1.1856770515441897,0.9830924111714208,98309.24111714208,-0.003794147491686828,-0.003794147491686828,-0.016907588828579234,1.325627396025289,-0.25839461818676357,Daily
2021-07-02,1.1846235990524292,0.9822189514474339,98221.8951447434,-0.0008884818090967306,-0.0008884818090967306,-0.017781048552566125,1.325627396025289,-0.2590535210780329,Daily
2021-07-05,1.1856207847595217,0.9830457581229064,98304.57581229064,0.0008417743052646642,0.0008417743052646642,-0.0169542418770936,1.325627396025289,-0.25842981137050003,Daily
2021-07-06,1.186380386352539,0.9836755742778506,98367.55742778505,0.0006406783710117825,0.0006406783710117825,-0.016324425722149427,1.325627396025289,-0.257954703390058,Daily
2021-07-07,1.1824523210525513,0.9804186577490416,98041.86577490416,-0.0033109661497897624,-0.0033109661497897624,-0.019581342250958422,1.325627396025289,-0.2604115902487443,Daily
2021-07-08,1.17933988571167,0.9778380127412822,97783.80127412823,-0.0026321867575269664,-0.0026321867575269664,-0.022161987258717764,1.325627396025289,-0.2623583250669119,Daily
2021-07-09,1.184800386428833,0.9823655329536772,98236.55329536772,0.0046301331645948185,0.0046301331645948185,-0.017634467046322766,1.325627396025289,-0.25894294588421685,Daily
2021-07-12,1.187295913696289,0.9844346747282542,98443.46747282542,0.0021062849877842016,0.0021062849877842016,-0.015565325271745811,1.325627396025289,-0.2573820685360412,Daily
2021-07-13,1.186521053314209,0.9837922068991365,98379.22068991365,-0.0006526261676987888,-0.0006526261676987888,-0.01620779310086351,1.325627396025289,-0.2578667204307169,Daily
2021-07-14,1.1775373220443726,0.9763434348883454,97634.34348883454,-0.007571489140241527,-0.007571489140241527,-0.023656565111654593,1.325627396025289,-0.2634857744975876,Daily
2021-07-15,1.1833338737487793,0.9811495884561685,98114.95884561686,0.0049226055054825135,0.0049226055054825135,-0.01885041154383149,1.325627396025289,-0.2598602055162632,Daily
2021-07-16,1.1811814308166504,0.9793649116680839,97936.4911668084,-0.001818965027435615,-0.001818965027435615,-0.020635088331916074,1.325627396025289,-0.26120649391784245,Daily
2021-07-19,1.1814005374908447,0.9795465818019174,97954.65818019175,0.00018549789937249983,0.00018549789937249983,-0.02045341819808255,1.325627396025289,-0.26106944927439424,Daily
2021-07-20,1.1793843507766724,0.9778748805105532,97787.48805105532,-0.0017066072430053092,-0.0017066072430053092,-0.022125119489446843,1.325627396025289,-0.26233051350434045,Daily
2021-07-21,1.1784114837646484,0.9770682374407947,97706.82374407948,-0.000824893946899663,-0.000824893946899663,-0.02293176255920526,1.325627396025289,-0.26293901259856334,Daily
2021-07-22,1.179273009300232,0.9777825628255692,97778.25628255692,0.0007310905803727952,0.0007310905803727952,-0.02221743717443081,1.325627396025289,-0.2624001542535138,Daily
2021-07-23,1.177273869514465,0.9761249958264453,97612.49958264452,-0.0016952306802586747,-0.0016952306802586747,-0.023875004173554704,1.325627396025289,-0.26365055614177735,Daily
2021-07-26,1.177343249320984,0.9761825214074528,97618.25214074527,5.8932597007066434e-05,5.8932597007066434e-05,-0.023817478592547237,1.325627396025289,-0.2636071611567462,Daily
2021-07-27,1.1807769536972046,0.9790295434612845,97902.95434612845,0.0029164853819825254,0.0029164853819825254,-0.020970456538715543,1.325627396025289,-0.2614594822068632,Daily
2021-07-28,1.1823126077651978,0.9803028158573914,98030.28158573914,0.0013005454274703787,0.0013005454274703787,-0.01969718414260857,1.325627396025289,-0.2604989767134458,Daily
2021-07-29,1.1845955848693848,0.9821957237643811,98219.57237643811,0.001930942027677629,0.001930942027677629,-0.017804276235618866,1.325627396025289,-0.25907104310807116,Daily
2021-07-30,1.189299702644348,0.9860960965343525,98609.60965343525,0.003971074884161263,0.003971074884161263,-0.013903903465647516,1.325627396025289,-0.25612875873640983,Daily
2021-08-02,1.186704158782959,0.9839440269892172,98394.40269892172,-0.002182413613337153,-0.002182413613337153,-0.016055973010782765,1.325627396025289,-0.2577521934599135,Daily
2021-08-03,1.1874650716781616,0.9845749303974108,98457.49303974108,0.000641198473579907,0.000641198473579907,-0.015425069602589159,1.325627396025289,-0.2572762652993419,Daily
2021-08-04,1.1869436502456665,0.9841425989690169,98414.25989690168,-0.0004391046481545535,-0.0004391046481545535,-0.015857401030983098,1.325627396025289,-0.25760239874354374,Daily
2021-08-05,1.1837401390075684,0.9814864392810352,98148.64392810351,-0.0026989581497277593,-0.0026989581497277593,-0.018513560718964817,1.325627396025289,-0.25960609879979313,Daily
2021-08-06,1.1835720539093018,0.9813470731827189,98134.70731827189,-0.00014199493007605035,-0.00014199493007605035,-0.018652926817281146,1.325627396025289,-0.2597112309800229,Daily
2021-08-09,1.1749500036239624,0.9741981853863191,97419.81853863191,-0.007284770079574843,-0.007284770079574843,-0.025801814613680918,1.325627396025289,-0.2651040644548248,Daily
2021-08-10,1.17384672164917,0.97328341003886,97328.341003886,-0.0009390033374947482,-0.0009390033374947482,-0.026716589961140014,1.325627396025289,-0.26579413419101305,Daily
2021-08-11,1.172333002090454,0.9720283244243774,97202.83244243774,-0.0012895376634771694,-0.0012895376634771694,-0.027971675575622634,1.325627396025289,-0.2667409203077197,Daily
2021-08-12,1.1741899251937866,0.9735679738665568,97356.79738665569,0.0015839553267043005,0.0015839553267043005,-0.0264320261334432,1.325627396025289,-0.2655794706825868,Daily
2021-08-13,1.173626184463501,0.9731005538105726,97310.05538105726,-0.0004801103451748112,-0.0004801103451748112,-0.02689944618942741,1.325627396025289,-0.2659320735764209,Daily
2021-08-16,1.179467797279358,0.9779440693536889,97794.4069353689,0.004977404980553768,0.004977404980553768,-0.02205593064631106,1.325627396025289,-0.2622783202233754,Daily
2021-08-17,1.177994966506958,0.9767228862723428,97672.28862723429,-0.0012487248704858844,-0.0012487248704858844,-0.023277113727657173,1.325627396025289,-0.26319953163240906,Daily
2021-08-18,1.1709738969802856,0.9709014358521048,97090.14358521048,-0.0059601863558819135,-0.0059601863558819135,-0.029098564147895245,1.325627396025289,-0.267590999730981,Daily
2021-08-19,1.1703298091888428,0.9703673968243013,97036.73968243012,-0.0005500445339591264,-0.0005500445339591264,-0.029632603175698713,1.325627396025289,-0.26799385729820147,Daily
2021-08-20,1.1676595211029053,0.9681533538439571,96815.3353843957,-0.002281654337924044,-0.002281654337924044,-0.031846646156042935,1.325627396025289,-0.269664042289084,Daily
2021-08-23,1.1697548627853394,0.969890685695096,96989.06856950959,0.0017944800214149126,0.0017944800214149126,-0.030109314304904045,1.325627396025289,-0.26835346900405077,Daily
2021-08-24,1.1744533777236938,0.9737864129284568,97378.64129284568,0.004016666301490446,0.004016666301490446,-0.0262135870715432,1.325627396025289,-0.26541468903839704,Daily
2021-08-25,1.175309181213379,0.9744959939354163,97449.59939354163,0.0007286823861358815,0.0007286823861358815,-0.025504006064583695,1.325627396025289,-0.2648794096611852,Daily
2021-08-26,1.177440166473389,0.9762628793066948,97626.28793066948,0.001813127383051727,0.001813127383051727,-0.023737120693305247,1.325627396025289,-0.2635465423889968,Daily
2021-08-27,1.1756407022476196,0.9747708713250742,97477.08713250743,-0.001528285068751245,-0.001528285068751245,-0.02522912867492577,1.325627396025289,-0.26467205321209386,Daily
2021-08-30,1.1799006462097168,0.9783029617671545,97830.29617671545,0.003623508401804143,0.003623508401804143,-0.021697038232845522,1.325627396025289,-0.2620075862188266,Daily
2021-08-31,1.1796904802322388,0.978128704723657,97812.8704723657,-0.00017812175809295283,-0.00017812175809295283,-0.021871295276343017,1.325627396025289,-0.26213903872502853,Daily
2021-09-01,1.1810280084609983,0.9792377030379185,97923.77030379184,0.0011337958991550767,0.0011337958991550767,-0.02076229696208154,1.325627396025289,-0.26130245499298843,Daily
2021-09-02,1.1840906143188477,0.9817770324222053,98177.70324222052,0.00259316954035671,0.00259316954035671,-0.018222967577794735,1.325627396025289,-0.2593868870197399,Daily
2021-09-03,1.1876484155654907,0.9847269481699005,98472.69481699004,0.003004669747078248,0.003004669747078248,-0.015273051830099527,1.325627396025289,-0.25716158920487875,Daily
2021-09-06,1.1885942220687866,0.985511154286242,98551.11542862421,0.0007963691029264641,0.0007963691029264641,-0.01448884571375797,1.325627396025289,-0.25657001564605453,Daily
2021-09-07,1.187507390975952,0.984610019025001,98461.0019025001,-0.0009143836244995818,-0.0009143836244995818,-0.015389980974998996,1.325627396025289,-0.25724979584970975,Daily
2021-09-08,1.184356927871704,0.9819978436730129,98199.7843673013,-0.002653005049222168,-0.002653005049222168,-0.018002156326987095,1.325627396025289,-0.2592203158916313,Daily
2021-09-09,1.1819101572036743,0.979969127951068,97996.91279510681,-0.002065906493599612,-0.002065906493599612,-0.020030872048931947,1.325627396025289,-0.26075069745135737,Daily
2021-09-10,1.182592272758484,0.9805346973231008,98053.46973231008,0.0005771297849099799,0.0005771297849099799,-0.019465302676899165,1.325627396025289,-0.26032405466038266,Daily
2021-09-13,1.1811953783035278,0.979376476089008,97937.6476089008,-0.001181213920583124,-0.001181213920583124,-0.02062352391099198,1.325627396025289,-0.26119777018373835,Daily
2021-09-14,1.1811953783035278,0.979376476089008,97937.6476089008,0.0,0.0,-0.02062352391099198,1.325627396025289,-0.26119777018373835,Daily
2021-09-15,1.180498123168945,0.9787983538840064,97879.83538840064,-0.0005902961926452788,-0.0005902961926452788,-0.021201646115993622,1.325627396025289,-0.2616338823271167,Daily
2021-09-16,1.1819995641708374,0.9800432588544278,98004.32588544278,0.0012718707234042892,0.0012718707234042892,-0.01995674114557222,1.325627396025289,-0.2606947760788948,Daily
2021-09-17,1.176747441291809,0.9756885130674633,97568.85130674634,-0.004443422009814846,-0.004443422009814846,-0.024311486932536708,1.325627396025289,-0.263979821182837,Daily
2021-09-20,1.1729930639266968,0.9725756081735811,97257.56081735811,-0.00319046996268868,-0.00319046996268868,-0.02742439182641887,1.325627396025289,-0.2663280714552859,Daily
2021-09-21,1.1730204820632937,0.9725983416506117,97259.83416506117,2.337450871636726e-05,2.337450871636726e-05,-0.027401658349388347,1.325627396025289,-0.26631092223439723,Daily
2021-09-22,1.17229163646698,0.9719940265264229,97199.40265264228,-0.0006213408951152299,-0.0006213408951152299,-0.02800597347357714,1.325627396025289,-0.26676679326271246,Daily
2021-09-23,1.168770432472229,0.969074455028503,96907.4455028503,-0.0030036928399174156,-0.0030036928399174156,-0.03092554497149702,1.325627396025289,-0.2689692005957789,Daily
2021-09-24,1.1740258932113647,0.9734319683691929,97343.19683691929,0.0044965722892382765,0.0044965722892382765,-0.02656803163080712,1.325627396025289,-0.2656820677605981,Daily
2021-09-27,1.172305464744568,0.9720054921061426,97200.54921061426,-0.0014654093037853588,-0.0014654093037853588,-0.02799450789385738,1.325627396025289,-0.2667581440904381,Daily
2021-09-28,1.1696795225143433,0.9698282180538648,96982.82180538647,-0.002239981224344878,-0.002239981224344878,-0.030171781946135234,1.325627396025289,-0.2684005920805793,Daily
2021-09-29,1.1686338186264038,0.9689611830081692,96896.11830081693,-0.0008940088868886198,-0.0008940088868886198,-0.031038816991830753,1.325627396025289,-0.2690546484529017,Daily
2021-09-30,1.1601601839065552,0.9619353525113467,96193.53525113467,-0.007250889529971327,-0.007250889529971327,-0.03806464748865335,1.325627396025289,-0.2743546524494158,Daily
2021-10-01,1.1574475765228271,0.9596862209034122,95968.62209034122,-0.002338131769523466,-0.002338131769523466,-0.04031377909658784,1.325627396025289,-0.27605130688993074,Daily
2021-10-04,1.160725712776184,0.9624042551853982,96240.42551853982,0.0028322114278429567,0.0028322114278429567,-0.03759574481460182,1.325627396025289,-0.2740009311281324,Daily
2021-10-05,1.1618449687957764,0.9633322752542576,96333.22752542575,0.0009642726160645765,0.0009642726160645765,-0.036667724745742425,1.325627396025289,-0.2733008701067309,Daily
2021-10-06,1.1596084833145142,0.9614779154170148,96147.79154170147,-0.0019249431217835955,-0.0019249431217835955,-0.03852208458298523,1.325627396025289,-0.27469972459842495,Daily
2021-10-07,1.1555349826812744,0.9581004126187407,95810.04126187407,-0.003512824105594947,-0.003512824105594947,-0.04189958738125932,1.325627396025289,-0.2772475768896503,Daily
2021-10-08,1.1559758186340332,0.9584659273929064,95846.59273929063,0.0003814994434316876,0.0003814994434316876,-0.04153407260709363,1.325627396025289,-0.2769718472424948,Daily
2021-10-11,1.1566041707992554,0.9589869193817186,95898.69193817186,0.0005435686067938317,0.0005435686067938317,-0.04101308061828135,1.325627396025289,-0.27657883183682774,Daily
2021-10-12,1.1553747653961182,0.9579675700399201,95796.75700399201,-0.0010629439476148583,-0.0010629439476148583,-0.04203242996007994,1.325627396025289,-0.2773477879891032,Daily
2021-10-13,1.15340256690979,0.9563323411530086,95633.23411530086,-0.0017069772903098857,-0.0017069772903098857,-0.04366765884699142,1.325627396025289,-0.278581338903798,Daily
2021-10-14,1.1599582433700562,0.9617679155109581,96176.79155109581,0.005683771346053357,0.005683771346053357,-0.03823208448904192,1.325627396025289,-0.2744809601893513,Daily
2021-10-15,1.159151554107666,0.9610990570802443,96109.90570802444,-0.0006954468119872992,-0.0006954468119872992,-0.038900942919755654,1.325627396025289,-0.2749855200926238,Daily
2021-10-18,1.1597026586532593,0.9615559999685537,96155.59999685537,0.0004754378697420236,0.0004754378697420236,-0.038444000031446324,1.325627396025289,-0.2746408207527644,Daily
2021-10-19,1.161386251449585,0.9629519342994198,96295.19342994198,0.0014517452243154594,0.0014517452243154594,-0.03704806570058017,1.325627396025289,-0.2735877840283789,Daily
2021-10-20,1.1631964445114136,0.9644528379894434,96445.28379894434,0.0015586486059819826,0.0015586486059819826,-0.03554716201055663,1.325627396025289,-0.27245556264058635,Daily
2021-10-21,1.1655012369155884,0.966363833836853,96636.3833836853,0.0019814300628668846,0.0019814300628668846,-0.03363616616314702,1.325627396025289,-0.27101398422033085,Daily
2021-10-22,1.1625338792800903,0.9639034785749454,96390.34785749455,-0.00254599269525535,-0.00254599269525535,-0.036096521425054595,1.325627396025289,-0.27286997729144913,Daily
2021-10-25,1.164008855819702,0.965126440797972,96512.6440797972,0.0012687600472556237,0.0012687600472556237,-0.03487355920202795,1.325627396025289,-0.27194742376947645,Daily
2021-10-26,1.161170482635498,0.9627730317193116,96277.30317193115,-0.0024384463829574266,-0.0024384463829574266,-0.03722696828068839,1.325627396025289,-0.2737227409405887,Daily
2021-10-27,1.159823656082153,0.9616563237911004,96165.63237911004,-0.0011598870049537302,-0.0011598870049537302,-0.03834367620889956,1.325627396025289,-0.27456514049536507,Daily
2021-10-28,1.1600120067596436,0.9618124928941785,96181.24928941784,0.0001623959612331305,0.0001623959612331305,-0.03818750710582153,1.325627396025289,-0.27444733280404376,Daily
2021-10-29,1.1683608293533323,0.9687348366499107,96873.48366499107,0.0071971863610362785,0.0071971863610362785,-0.03126516335008933,1.325627396025289,-0.26922539504348764,Daily
2021-11-01,1.1556684970855713,0.9582111147677579,95821.11147677578,-0.010863366820322073,-0.010863366820322073,-0.04178888523224211,1.325627396025289,-0.27716406764010615,Daily
2021-11-02,1.1599582433700562,0.9617679155109581,96176.79155109581,0.0037119176436002377,0.0037119176436002377,-0.03823208448904192,1.325627396025289,-0.2744809601893513,Daily
2021-11-03,1.1579434871673584,0.9600974003140474,96009.74003140474,-0.0017369213195504996,-0.0017369213195504996,-0.039902599685952556,1.325627396025289,-0.2757411296773383,Daily
2021-11-04,1.1615750789642334,0.9631084987673156,96310.84987673156,0.0031362426898389195,0.0031362426898389195,-0.036891501232684365,1.325627396025289,-0.2734696780897379,Daily
2021-11-05,1.1555349826812744,0.9581004126187407,95810.04126187407,-0.0051999189655005384,-0.0051999189655005384,-0.04189958738125932,1.325627396025289,-0.2772475768896503,Daily
2021-11-08,1.1568851470947266,0.9592198881006772,95921.98881006772,0.0011684323137661767,0.0011684323137661767,-0.040780111899322846,1.325627396025289,-0.27640308960363535,Daily
2021-11-09,1.159151554107666,0.9610990570802443,96109.90570802444,0.001959059651367445,0.001959059651367445,-0.038900942919755654,1.325627396025289,-0.2749855200926238,Daily
2021-11-10,1.1595547199249268,0.9614333380337945,96143.33380337944,0.0003478111346457702,0.0003478111346457702,-0.03856666196620551,1.325627396025289,-0.2747333519837325,Daily
2021-11-11,1.148593544960022,0.952344988123095,95234.4988123095,-0.009452917379883963,-0.009452917379883963,-0.04765501187690502,1.325627396025289,-0.2815892376858157,Daily
2021-11-12,1.145081877708435,0.9494333239215335,94943.33239215334,-0.0030573628652154072,-0.0030573628652154072,-0.050566676078466544,1.325627396025289,-0.28378568007248606,Daily
2021-11-15,1.144164800643921,0.9486729385354714,94867.29385354715,-0.0008008833973947027,-0.0008008833973947027,-0.05132706146452859,1.325627396025289,-0.28435928423029233,Daily
2021-11-16,1.1366478204727173,0.9424403087045982,94244.03087045981,-0.006569840434676011,-0.006569840434676011,-0.05755969129540184,1.325627396025289,-0.2890609295414567,Daily
2021-11-17,1.1321182250976562,0.9386846394579849,93868.46394579849,-0.003985047341380721,-0.003985047341380721,-0.06131536054201514,1.325627396025289,-0.2918940553940712,Daily
2021-11-18,1.1321182250976562,0.9386846394579849,93868.46394579849,0.0,0.0,-0.06131536054201514,1.325627396025289,-0.2918940553940712,Daily
2021-11-19,1.1368415355682373,0.9426009256618776,94260.09256618776,0.0041721000208909675,0.0041721000208909675,-0.05739907433812241,1.325627396025289,-0.28893976656778775,Daily
2021-11-22,1.1275737285614014,0.9349166150608115,93491.66150608115,-0.008152241730157828,-0.008152241730157828,-0.06508338493918853,1.325627396025289,-0.2947365014754296,Daily
2021-11-23,1.12421452999115,0.9321313687597794,93213.13687597794,-0.0029791387340473152,-0.0029791387340473152,-0.06786863124022058,1.325627396025289,-0.2968375792815938,Daily
2021-11-24,1.124492645263672,0.9323619652898306,93236.19652898306,0.0002473862995922005,0.0002473862995922005,-0.06763803471016938,1.325627396025289,-0.29666362653232003,Daily
2021-11-25,1.1202975511550903,0.928883644462987,92888.3644462987,-0.0037306549991691362,-0.0037306549991691362,-0.07111635553701301,1.325627396025289,-0.2992875318900947,Daily
2021-11-26,1.1209630966186523,0.9294354749075968,92943.54749075968,0.0005940791916181354,0.0005940791916181354,-0.07056452509240319,1.325627396025289,-0.2988712531934833,Daily
2021-11-29,1.1293182373046875,0.9363630572471667,93636.30572471667,0.007453537686689549,0.007453537686689549,-0.06363694275283327,1.325627396025289,-0.2936453636559395,Daily
2021-11-30,1.1293437480926514,0.9363842092649254,93638.42092649254,2.2589547499674012e-05,2.2589547499674012e-05,-0.06361579073507462,1.325627396025289,-0.2936294074243302,Daily
2021-12-01,1.1330289840698242,0.9394397862602093,93943.97862602094,0.003263165872567031,0.003263165872567031,-0.0605602137397907,1.325627396025289,-0.29132440301325235,Daily
2021-12-02,1.1319515705108645,0.9385464594541224,93854.64594541224,-0.0009509143844579349,-0.0009509143844579349,-0.061453540545877594,1.325627396025289,-0.29199829283234136,Daily
2021-12-03,1.1306205987930298,0.9374428974061069,93744.2897406107,-0.001175820372981251,-0.001175820372981251,-0.06255710259389313,1.325627396025289,-0.2928307756637346,Daily
2021-12-06,1.13047993183136,0.9373262647848212,93732.62647848211,-0.00012441570746168917,-0.00012441570746168917,-0.06267373521517883,1.325627396025289,-0.2929187586230755,Daily
2021-12-07,1.128668189048767,0.9358240761591391,93582.40761591391,-0.0016026315298302007,-0.0016026315298302007,-0.0641759238408609,1.325627396025289,-0.2940519493146576,Daily
2021-12-08,1.127650022506714,0.9349798734316787,93497.98734316787,-0.0009020955422789356,-0.0009020955422789356,-0.06502012656832135,1.325627396025289,-0.2946887819042614,Daily
2021-12-09,1.1345586776733398,0.9407081165960921,94070.81165960921,0.006126595156951353,0.006126595156951353,-0.0592918834039079,1.325627396025289,-0.29036762561133256,Daily
2021-12-10,1.1293309926986694,0.9363736332560461,93637.3633256046,-0.004607681451426315,-0.004607681451426315,-0.06362636674395394,1.325627396025289,-0.29363738554013485,Daily
2021-12-13,1.131183385848999,0.9379095267324553,93790.95267324553,0.001640257074591478,0.001640257074591478,-0.06209047326754469,1.325627396025289,-0.2924787692645401,Daily
2021-12-14,1.1285407543182373,0.9357184149115504,93571.84149115504,-0.0023361654386201414,-0.0023361654386201414,-0.06428158508844961,1.325627396025289,-0.2941316559108742,Daily
2021-12-15,1.1261261701583862,0.9337163863148151,93371.63863148152,-0.0021395631044885954,-0.0021395631044885954,-0.06628361368518487,1.325627396025289,-0.2956419057765137,Daily
2021-12-16,1.1290758848190308,0.9361621130784596,93616.21130784597,0.0026193465162343,0.0026193465162343,-0.06383788692154035,1.325627396025289,-0.2937969478562281,Daily
2021-12-17,1.1334141492843628,0.9397591421918831,93975.9142191883,0.003842314341898634,0.003842314341898634,-0.06024085780811694,1.325627396025289,-0.29108349374068354,Daily
2021-12-20,1.124353528022766,0.9322466176042025,93224.66176042025,-0.007994095774539023,-0.007994095774539023,-0.06775338239579753,1.325627396025289,-0.2967506401878721,Daily
2021-12-21,1.127751708030701,0.9350641849790998,93506.41849790998,0.003022341214965474,0.003022341214965474,-0.06493581502090018,1.325627396025289,-0.2946251806633139,Daily
2021-12-22,1.128757357597351,0.9358980093800899,93589.800938009,0.0008917295886043952,0.0008917295886043952,-0.06410199061991007,1.325627396025289,-0.2939961770658549,Daily
2021-12-23,1.1328877210617063,0.9393226594329007,93932.26594329007,0.003659212882693552,0.003659212882693552,-0.06067734056709928,1.325627396025289,-0.29141275878174344,Daily
2021-12-24,1.132733702659607,0.9391949565967133,93919.49565967133,-0.00013595204470484568,-0.00013595204470484568,-0.06080504340328674,1.325627396025289,-0.29150909266603875,Daily
2021-12-27,1.1324259042739868,0.9389397486067467,93893.97486067467,-0.00027173057965657055,-0.00027173057965657055,-0.06106025139325333,1.325627396025289,-0.29170161131097005,Daily
2021-12-28,1.1330032348632812,0.9394184365600418,93941.84365600417,0.0005098175404816274,0.0005098175404816274,-0.06058156343995824,1.325627396025289,-0.29134050836852154,Daily
2021-12-29,1.1314777135849,0.9381535656663156,93815.35656663156,-0.0013464403555436544,-0.0013464403555436544,-0.06184643433368442,1.325627396025289,-0.29229467610639326,Daily
2021-12-30,1.1360150575637815,0.9419156595912199,94191.56595912199,0.004010104595437269,0.004010104595437269,-0.05808434040878008,1.325627396025289,-0.2894567037348321,Daily
2021-12-31,1.132502794265747,0.9390035011836361,93900.35011836361,-0.0030917400915149162,-0.0030917400915149162,-0.06099649881636393,1.325627396025289,-0.2916535189306523,Daily
2022-01-03,1.1373459100723269,0.9430191227980311,94301.91227980312,0.0042764713968939105,0.0042764713968939105,-0.05698087720196887,1.325627396025289,-0.2886242954652687,Daily
2022-01-04,1.1302244663238523,0.9371144480836208,93711.44480836208,-0.006261458088878014,-0.006261458088878014,-0.06288555191637923,1.325627396025289,-0.293078544624659,Daily
2022-01-05,1.1283625364303589,0.9355706473108534,93557.06473108534,-0.0016473983257054847,-0.0016473983257054847,-0.06442935268914662,1.325627396025289,-0.2942431258466496,Daily
2022-01-06,1.1313496828079224,0.9380474102127045,93804.74102127046,0.002647328567832119,0.002647328567832119,-0.06195258978729545,1.325627396025289,-0.2923747555117596,Daily
2022-01-07,1.1296881437301636,0.9366697615046671,93666.97615046671,-0.0014686344133982843,-0.0014686344133982843,-0.06333023849533292,1.325627396025289,-0.2934139982976044,Daily
2022-01-10,1.1353960037231443,0.9414023772163571,94140.23772163571,0.005052597944538606,0.005052597944538606,-0.05859762278364289,1.325627396025289,-0.289843903317763,Daily
2022-01-11,1.1330417394638062,0.9394503622690886,93945.03622690887,-0.002073518183627776,-0.002073518183627776,-0.060549637730911376,1.325627396025289,-0.2913164248974477,Daily
2022-01-12,1.1366478204727173,0.9424403087045982,94244.03087045981,0.0031826550455393843,0.0031826550455393843,-0.05755969129540184,1.325627396025289,-0.2890609295414567,Daily
2022-01-13,1.144164800643921,0.9486729385354714,94867.29385354715,0.0066132886860921225,0.0066132886860921225,-0.05132706146452859,1.325627396025289,-0.28435928423029233,Daily
2022-01-14,1.1457115411758425,0.9499554031635952,94995.54031635952,0.0013518511765535646,0.0013518511765535646,-0.05004459683640483,1.325627396025289,-0.2833918444866894,Daily
2022-01-17,1.1410704851150513,0.9461073173907932,94610.73173907932,-0.00405080676417735,-0.00405080676417735,-0.053892682609206766,1.325627396025289,-0.28629468565030747,Daily
2022-01-18,1.1410574913024902,0.9460965436995049,94609.6543699505,-1.1387388185513103e-05,-1.1387388185513103e-05,-0.05390345630049509,1.325627396025289,-0.286302812889772,Daily
2022-01-19,1.1329647302627563,0.9393865108509948,93938.65108509948,-0.0070923341737112455,-0.0070923341737112455,-0.06061348914900522,1.325627396025289,-0.2913645918395955,Daily
2022-01-20,1.1343399286270142,0.940526742985872,94052.6742985872,0.0012138050969503489,0.0012138050969503489,-0.05947325701412798,1.325627396025289,-0.290504446569291,Daily
2022-01-21,1.1313753128051758,0.9380686610716675,93806.86610716676,-0.002613516237083169,-0.002613516237083169,-0.06193133892833247,1.325627396025289,-0.2923587247183205,Daily
2022-01-24,1.1341469287872314,0.9403667190758195,94036.67190758194,0.0024497759060904123,0.0024497759060904123,-0.05963328092418052,1.325627396025289,-0.2906251621719802,Daily
2022-01-25,1.132413029670715,0.9389290737566628,93892.90737566628,-0.0015288134830734323,-0.0015288134830734323,-0.06107092624333721,1.325627396025289,-0.29170966398860476,Daily
2022-01-26,1.130454421043396,0.9373051127670623,93730.51127670622,-0.0017295885653034748,-0.0017295885653034748,-0.0626948872329377,1.325627396025289,-0.29293471485468503,Daily
2022-01-27,1.124353528022766,0.9322466176042025,93224.66176042025,-0.005396850069372183,-0.005396850069372183,-0.06775338239579753,1.325627396025289,-0.2967506401878721,Daily
2022-01-28,1.1147029399871826,0.9242449278955526,92424.49278955525,-0.008583232760032478,-0.008583232760032478,-0.07575507210444743,1.325627396025289,-0.3027867931314835,Daily
2022-01-31,1.1152374744415283,0.9246881318564393,92468.81318564393,0.0004795308554150779,0.0004795308554150779,-0.07531186814356072,1.325627396025289,-0.3024524578859873,Daily
2022-02-01,1.12296462059021,0.9310950187308102,93109.50187308103,0.006928700232702534,0.006928700232702534,-0.06890498126918976,1.325627396025289,-0.2976193600686208,Daily
2022-02-02,1.1273956298828125,0.9347689463013189,93476.8946301319,0.0039458137962296025,0.0039458137962296025,-0.0652310536986811,1.325627396025289,-0.29484789684937507,Daily
2022-02-03,1.1299946308135986,0.9369238822413842,93692.38822413843,0.002305314001488812,0.002305314001488812,-0.06307611775861577,1.325627396025289,-0.2932222998328027,Daily
2022-02-04,1.14357590675354,0.948184662985342,94818.4662985342,0.012018885373077381,0.012018885373077381,-0.051815337014658014,1.325627396025289,-0.28472761967024596,Daily
2022-02-07,1.145514726638794,0.9497922163349991,94979.22163349991,0.0016954011306149486,0.0016954011306149486,-0.050207783665000894,1.325627396025289,-0.28351494606793715,Daily
2022-02-08,1.1442956924438477,0.9487814661779901,94878.14661779901,-0.0010641802908316622,-0.0010641802908316622,-0.051218533822009915,1.325627396025289,-0.28427741534100714,Daily
2022-02-09,1.142126202583313,0.9469826550976649,94698.26550976648,-0.00189591717845361,-0.00189591717845361,-0.05301734490233512,1.325627396025289,-0.2856343660842693,Daily
2022-02-10,1.142152190208435,0.9470042024802415,94700.42024802415,2.275372464399794e-05,2.275372464399794e-05,-0.05299579751975847,1.325627396025289,-0.2856181116053401,Daily
2022-02-11,1.1415525674819946,0.946507031221709,94650.7031221709,-0.0005249937193841925,-0.0005249937193841925,-0.05349296877829102,1.325627396025289,-0.2859931576099891,Daily
2022-02-14,1.1365057229995728,0.9423224899888583,94232.24899888583,-0.004421035549466046,-0.004421035549466046,-0.05767751001114174,1.325627396025289,-0.2891498072427573,Daily
2022-02-15,1.1306334733963013,0.9374535722561907,93745.35722561908,-0.005166933596931433,-0.005166933596931433,-0.06254642774380925,1.325627396025289,-0.2928227229860999,Daily
2022-02-16,1.1356796026229858,0.9416375204418144,94163.75204418144,0.00446309909039444,0.00446309909039444,-0.05836247955818563,1.325627396025289,-0.28966652072431154,Daily
2022-02-17,1.1375269889831543,0.9431692625876354,94316.92625876355,0.0016266791759766974,0.0016266791759766974,-0.05683073741236455,1.325627396025289,-0.2885110360455747,Daily
2022-02-18,1.1366478204727173,0.9424403087045982,94244.03087045981,-0.0007728770560624376,-0.0007728770560624376,-0.05755969129540184,1.325627396025289,-0.2890609295414567,Daily
2022-02-21,1.131721019744873,0.9383553005646585,93835.53005646585,-0.004334500659839757,-0.004334500659839757,-0.061644699435341455,1.325627396025289,-0.2921424954114651,Daily
2022-02-22,1.1309658288955688,0.93772914153428,93772.914153428,-0.0006672941795093923,-0.0006672941795093923,-0.06227085846572,1.325627396025289,-0.29261484460419906,Daily
2022-02-23,1.13291335105896,0.939343910291864,93934.3910291864,0.0017219991211343544,0.0017219991211343544,-0.06065608970813596,1.325627396025289,-0.29139672798830396,Daily
2022-02-24,1.1305694580078125,0.9374004945293851,93740.04945293852,-0.0020689076079442037,-0.0020689076079442037,-0.06259950547061488,1.325627396025289,-0.2928627626887832,Daily
2022-02-25,1.11906898021698,0.9278649870096197,92786.49870096197,-0.010172287699242832,-0.010172287699242832,-0.07213501299038028,1.325627396025289,-0.30005596610956065,Daily
2022-02-28,1.118105411529541,0.9270660535538107,92706.60535538106,-0.0008610449440321633,-0.0008610449440321633,-0.07293394644618933,1.325627396025289,-0.30065864938104747,Daily
2022-03-01,1.1215918064117432,0.9299567634200226,92995.67634200226,0.0031181271875189154,0.0031181271875189154,-0.07004323657997735,1.325627396025289,-0.29847801410232633,Daily
2022-03-02,1.1132758855819702,0.9230616998367266,92306.16998367266,-0.007414391565838674,-0.007414391565838674,-0.07693830016327341,1.325627396025289,-0.3036793727978164,Daily
2022-03-03,1.1112345457077026,0.9213691430512171,92136.91430512171,-0.0018336334242975427,-0.0018336334242975427,-0.07863085694878291,1.325627396025289,-0.30495616957388216,Daily
2022-03-04,1.1066844463348389,0.9175964731174332,91759.64731174332,-0.004094634557969101,-0.004094634557969101,-0.0824035268825668,1.325627396025289,-0.3078021200612482,Daily
2022-03-07,1.087453007698059,0.9016509158047534,90165.09158047535,-0.017377526810348876,-0.017377526810348876,-0.09834908419524657,1.325627396025289,-0.31983080727795044,Daily
2022-03-08,1.0865312814712524,0.9008866756117168,90088.66756117168,-0.0008476009724390776,-0.0008476009724390776,-0.09911332438828324,1.325627396025289,-0.32040731934712474,Daily
2022-03-09,1.0898232460021973,0.9036161754734223,90361.61754734223,0.003029792687134769,0.003029792687134769,-0.09638382452657768,1.325627396025289,-0.31834829441305235,Daily
2022-03-10,1.107382893562317,0.9181755837344794,91817.55837344794,0.016112381181566438,0.016112381181566438,-0.08182441626552062,1.325627396025289,-0.3073652622995705,Daily
2022-03-11,1.1013944149017334,0.9132102958274442,91321.02958274442,-0.005407776023448552,-0.005407776023448552,-0.08678970417255583,1.325627396025289,-0.3111108758271145,Daily
2022-03-14,1.093206763267517,0.9064215853801683,90642.15853801683,-0.00743389608975531,-0.00743389608975531,-0.09357841461983174,1.325627396025289,-0.31623200599357826,Daily
2022-03-15,1.0943193435668943,0.9073440703415767,90734.40703415767,0.0010177217492250978,0.0010177217492250978,-0.09265592965842329,1.325627396025289,-0.31553612043465384,Daily
2022-03-16,1.0969363451004028,0.9095139313035187,90951.39313035186,0.002391442268559807,0.002391442268559807,-0.09048606869648135,1.325627396025289,-0.3138992645817589,Daily
2022-03-17,1.1021955013275146,0.9138745087215474,91387.45087215475,0.004794404206408531,0.004794404206408531,-0.08612549127845259,1.325627396025289,-0.31060982032984974,Daily
2022-03-18,1.1099518537521362,0.920305611691016,92030.5611691016,0.007037183889137433,0.007037183889137433,-0.07969438830898401,1.325627396025289,-0.30575845486414543,Daily
2022-03-21,1.1043134927749634,0.9156306204015374,91563.06204015375,-0.005079824821331402,-0.005079824821331402,-0.08436937959846258,1.325627396025289,-0.309285080297126,Daily
2022-03-22,1.101722002029419,0.9134819114573542,91348.19114573543,-0.002346698435271688,-0.002346698435271688,-0.08651808854264575,1.325627396025289,-0.3109059799184115,Daily
2022-03-23,1.1029735803604126,0.9145196452631861,91451.96452631861,0.0011360200928076658,0.0011360200928076658,-0.08548035473681392,1.325627396025289,-0.3101231552657653,Daily
2022-03-24,1.1006306409835815,0.912577020230343,91257.7020230343,-0.0021242026269254755,-0.0021242026269254755,-0.08742297976965696,1.325627396025289,-0.31158859347160484,Daily
2022-03-25,1.1009578704833984,0.9128483393366397,91284.83393366396,0.00029731091215534633,0.00029731091215534633,-0.08715166066336033,1.325627396025289,-0.31138392124839176,Daily
2022-03-28,1.098189115524292,0.9105526535213954,91055.26535213954,-0.0025148600444544478,-0.0025148600444544478,-0.08944734647860464,1.325627396025289,-0.3131156943108131,Daily
2022-03-29,1.099384307861328,0.9115436354375082,91154.36354375082,0.0010883301611173124,0.0010883301611173124,-0.08845636456249184,1.325627396025289,-0.31236813740373337,Daily
2022-03-30,1.1091516017913818,0.9196420906853441,91964.2090685344,0.008884330857018119,0.008884330857018119,-0.08035790931465592,1.325627396025289,-0.30625898842860055,Daily
2022-03-31,1.116183519363403,0.9254725356551896,92547.25356551896,0.006339906610299373,0.006339906610299373,-0.07452746434481039,1.325627396025289,-0.3018607352035033,Daily
2022-04-01,1.1072357892990112,0.9180536136881515,91805.36136881515,-0.008016361027705532,-0.008016361027705532,-0.08194638631184847,1.325627396025289,-0.30745727159772884,Daily
2022-04-04,1.1047282218933103,0.915974488951922,91597.4488951922,-0.0022647094954257874,-0.0022647094954257874,-0.08402551104807798,1.325627396025289,-0.3090256796907296,Daily
2022-04-05,1.0975863933563232,0.9100529123915462,91005.29123915461,-0.006464783279228059,-0.006464783279228059,-0.08994708760845382,1.325627396025289,-0.3134926789230409,Daily
2022-04-06,1.090643286705017,0.9042961041190378,90429.61041190378,-0.006325795120395661,-0.006325795120395661,-0.09570389588096218,1.325627396025289,-0.31783538358482555,Daily
2022-04-07,1.0898232460021973,0.9036161754734223,90361.61754734223,-0.0007518871777932867,-0.0007518871777932867,-0.09638382452657768,1.325627396025289,-0.31834829441305235,Daily
2022-04-08,1.0864840745925903,0.9008475344947428,90084.75344947427,-0.0030639568589274635,-0.0030639568589274635,-0.09915246550525725,1.325627396025289,-0.320436845831785,Daily
2022-04-11,1.0884946584701538,0.9025145902494967,90251.45902494967,0.0018505415077689769,0.0018505415077689769,-0.09748540975050335,1.325627396025289,-0.3191792860078463,Daily
2022-04-12,1.087795972824097,0.9019352819500416,90193.52819500415,-0.000641882475600708,-0.000641882475600708,-0.09806471804995842,1.325627396025289,-0.31961629289318383,Daily
2022-04-13,1.0826143026351929,0.8976389513149244,89763.89513149245,-0.004763457779174751,-0.004763457779174751,-0.10236104868507556,1.325627396025289,-0.3228572719556255,Daily
2022-04-14,1.089656949043274,0.9034782919931732,90347.82919931732,0.006505222026846003,0.006505222026846003,-0.0965217080068268,1.325627396025289,-0.3184523081658327,Daily
2022-04-15,1.0820988416671753,0.8972115619467543,89721.15619467544,-0.006936226472684548,-0.006936226472684548,-0.10278843805324567,1.325627396025289,-0.32317967730832997,Daily
2022-04-18,1.081525444984436,0.8967361357532072,89673.61357532072,-0.000529893075068677,-0.000529893075068677,-0.10326386424679279,1.325627396025289,-0.32353831971039004,Daily
2022-04-19,1.0781787633895874,0.8939612677786455,89396.12677786454,-0.0030944085600286275,-0.0030944085600286275,-0.10603873222135451,1.325627396025289,-0.32563156852440955,Daily
2022-04-20,1.0794472694396973,0.8950130370355135,89501.30370355136,0.0011765266514078832,0.0011765266514078832,-0.10498696296448651,1.325627396025289,-0.32483815609191036,Daily
2022-04-21,1.0849870443344116,0.8996062866488873,89960.62866488873,0.005132047716966959,0.005132047716966959,-0.10039371335111269,1.325627396025289,-0.3213731932922985,Daily
2022-04-22,1.0835175514221191,0.8983878711212666,89838.78711212667,-0.00135438752007766,-0.00135438752007766,-0.10161212887873339,1.325627396025289,-0.32229231697009364,Daily
2022-04-25,1.0811045169830322,0.8963871274601896,89638.71274601895,-0.002227037703191548,-0.002227037703191548,-0.10361287253981044,1.325627396025289,-0.3238015975319438,Daily
2022-04-26,1.0714209079742432,0.8883580587378985,88835.80587378985,-0.00895714415828397,-0.00895714415828397,-0.11164194126210147,1.325627396025289,-0.3298584041024516,Daily
2022-04-27,1.0643619298934937,0.8825051768146359,88250.51768146359,-0.006588426666132685,-0.006588426666132685,-0.11749482318536408,1.325627396025289,-0.3342735828629477,Daily
2022-04-28,1.0555092096328735,0.8751650312875681,87516.50312875681,-0.008317396565946211,-0.008317396565946211,-0.12483496871243194,1.325627396025289,-0.3398106934787031,Daily
2022-04-29,1.050420165061951,0.870945500268332,87094.5500268332,-0.004821411811927856,-0.004821411811927856,-0.12905449973166805,1.325627396025289,-0.34299373799927335,Daily
2022-05-02,1.0535964965820312,0.8735791241616921,87357.91241616922,0.0030238676157678945,0.0030238676157678945,-0.12642087583830786,1.325627396025289,-0.3410070380402527,Daily
2022-05-03,1.0509058237075806,0.8713481793353818,87134.81793353817,-0.002553798236022642,-0.002553798236022642,-0.12865182066461822,1.325627396025289,-0.3426899731040568,Daily
2022-05-04,1.052853226661682,0.8729628492517613,87296.28492517612,0.0018530708557984443,0.0018530708557984443,-0.12703715074823874,1.325627396025289,-0.34147193104999185,Daily
2022-05-05,1.0622477531433103,0.8807522280531891,88075.2228053189,0.0089229212996913,0.0089229212996913,-0.11924777194681091,1.325627396025289,-0.3355959369171131,Daily
2022-05-06,1.0539740324020386,0.8738921542562791,87389.2154256279,-0.007788880434709156,-0.007788880434709156,-0.12610784574372091,1.325627396025289,-0.34077090072480076,Daily
2022-05-09,1.053219199180603,0.873266291749514,87326.62917495139,-0.0007161781962646829,-0.0007161781962646829,-0.12673370825048602,1.325627396025289,-0.34124302623204483,Daily
2022-05-10,1.056579828262329,0.8760527241449998,87605.27241449998,0.0031908163887826024,0.0031908163887826024,-0.1239472758550002,1.325627396025289,-0.3391410536839211,Daily
2022-05-11,1.0532968044281006,0.8733306373736303,87333.06373736303,-0.003107217974838483,-0.003107217974838483,-0.12666936262636974,1.325627396025289,-0.34119448648074724,Daily
2022-05-12,1.05124831199646,0.8716321501158519,87163.2150115852,-0.0019448387415861301,-0.0019448387415861301,-0.12836784988414807,1.325627396025289,-0.34247575696661003,Daily
2022-05-13,1.0379581451416016,0.8606127395932335,86061.27395932334,-0.012642271766999169,-0.012642271766999169,-0.13938726040676652,1.325627396025289,-0.35078835714042855,Daily
2022-05-16,1.0400632619857788,0.8623581764231396,86235.81764231397,0.0020281326891944396,0.0020281326891944396,-0.1376418235768604,1.325627396025289,-0.3494716697853395,Daily
2022-05-17,1.0438958406448364,0.8655359211471604,86553.59211471604,0.0036849476364928524,0.0036849476364928524,-0.13446407885283962,1.325627396025289,-0.34707450695244335,Daily
2022-05-18,1.0547856092453003,0.8745650651763767,87456.50651763767,0.010431853616484466,0.010431853616484466,-0.12543493482362333,1.325627396025289,-0.3402632837865003,Daily
2022-05-19,1.0472739934921265,0.8683368831997048,86833.68831997048,-0.007121462112616883,-0.007121462112616883,-0.1316631168002952,1.325627396025289,-0.3449615738153169,Daily
2022-05-20,1.057898759841919,0.8771463032313627,87714.63032313627,0.010145163935909585,0.010145163935909585,-0.12285369676863733,1.325627396025289,-0.33831610159735304,Daily
2022-05-23,1.056981921195984,0.8763861155277098,87638.61155277098,-0.0008666601008888719,-0.0008666601008888719,-0.12361388447229016,1.325627396025289,-0.3388895566314992,Daily
2022-05-24,1.0682048797607422,0.8856915207234465,88569.15207234464,0.010617928594331305,0.010617928594331305,-0.11430847927655352,1.325627396025289,-0.3318699331508458,Daily
2022-05-25,1.0736525058746338,0.8902083660857576,89020.83660857576,0.005099795195760315,0.005099795195760315,-0.1097916339142424,1.325627396025289,-0.3284626066457854,Daily
2022-05-26,1.0686614513397217,0.8860700825366035,88607.00825366034,-0.004648668454274474,-0.004648668454274474,-0.11392991746339654,1.325627396025289,-0.33158436134213687,Daily
2022-05-27,1.0732953548431396,0.8899122378371366,88991.22378371366,0.004336175406728593,0.004336175406728593,-0.11008776216286342,1.325627396025289,-0.328685993888316,Daily
2022-05-30,1.073145627975464,0.8897880932843103,88978.80932843103,-0.00013950201778101246,-0.00013950201778101246,-0.1102119067156897,1.325627396025289,-0.32877964354673317,Daily
2022-05-31,1.0773539543151855,0.8932773854848508,89327.73854848508,0.00392148673024062,0.00392148673024062,-0.1067226145151492,1.325627396025289,-0.3261474618258343,Daily
2022-06-01,1.0734105110168457,0.890007718440664,89000.77184406639,-0.0036603042876901526,-0.0036603042876901526,-0.10999228155933605,1.325627396025289,-0.3286139671605841,Daily
2022-06-02,1.0654165744781494,0.8833796249506675,88337.96249506675,-0.0074472314707666465,-0.0074472314707666465,-0.11662037504933254,1.325627396025289,-0.33361393435337894,Daily
2022-06-03,1.0751069784164429,0.8914143276216139,89141.43276216139,0.0090954131655403,0.0090954131655403,-0.10858567237838612,1.325627396025289,-0.327552877758564,Daily
2022-06-06,1.0726046562194824,0.8893395518983815,88933.95518983815,-0.0023275099568660362,-0.0023275099568660362,-0.11066044810161846,1.325627396025289,-0.32911800513104683,Daily
2022-06-07,1.0691413879394531,0.8864680172258386,88646.80172258386,-0.0032288394982696866,-0.0032288394982696866,-0.11353198277416143,1.325627396025289,-0.33128417541475774,Daily
2022-06-08,1.0698620080947876,0.8870655123069181,88706.55123069181,0.000674017640195812,0.000674017640195812,-0.1129344876930819,1.325627396025289,-0.3308334491527093,Daily
2022-06-09,1.071765422821045,0.8886437098188447,88864.37098188447,0.001779121710889564,0.001779121710889564,-0.11135629018115534,1.325627396025289,-0.32964292041389576,Daily
2022-06-10,1.0619205236434937,0.8804809089468927,88048.09089468927,-0.009185684635764746,-0.009185684635764746,-0.11951909105310732,1.325627396025289,-0.33580060914032606,Daily
2022-06-13,1.0489987134933472,0.8697669177461165,86976.69177461165,-0.012168340155825463,-0.012168340155825463,-0.13023308225388353,1.325627396025289,-0.3438828132595987,Daily
2022-06-14,1.0415147542953491,0.8635616669288839,86356.1666928884,-0.007134383580962855,-0.007134383580962855,-0.13643833307111608,1.325627396025289,-0.34856380494386685,Daily
2022-06-15,1.0440592765808103,0.8656714324385019,86567.14324385018,0.002443097685334905,0.002443097685334905,-0.13432856756149814,1.325627396025289,-0.3469722826835818,Daily
2022-06-16,1.0456204414367676,0.8669658568523675,86696.58568523674,0.0014952837362547378,0.0014952837362547378,-0.1330341431476325,1.325627396025289,-0.3459958209585551,Daily
2022-06-17,1.0546854734420776,0.8744820385646136,87448.20385646136,0.008669524471857093,0.008669524471857093,-0.1255179614353864,1.325627396025289,-0.34032591572365845,Daily
2022-06-20,1.049141764640808,0.869885527191492,86988.5527191492,-0.005256267333593634,-0.005256267333593634,-0.13011447280850796,1.325627396025289,-0.3437933390636585,Daily
2022-06-21,1.0520778894424438,0.8723199860578258,87231.99860578257,0.0027985968155990193,0.0027985968155990193,-0.1276800139421742,1.325627396025289,-0.3419568811919872,Daily
2022-06-22,1.053263545036316,0.8733030606775805,87330.30606775805,0.0011269656037544706,0.0011269656037544706,-0.12669693932241954,1.325627396025289,-0.3412152892313033,Daily
2022-06-23,1.0564124584197998,0.8759139510939105,87591.39510939104,0.0029896728110676563,0.0029896728110676563,-0.12408604890608954,1.325627396025289,-0.3392457384931711,Daily
2022-06-24,1.052011489868164,0.8722649315069306,87226.49315069306,-0.00416595669291786,-0.00416595669291786,-0.12773506849306937,1.325627396025289,-0.34199841213126947,Daily
2022-06-27,1.0566133260726929,0.8760804985234586,87608.04985234587,0.004374321239690504,0.004374321239690504,-0.1239195014765414,1.325627396025289,-0.3391201018097052,Daily
2022-06-28,1.0580891370773315,0.8773041526349167,87730.41526349167,0.0013967370732717033,0.0013967370732717033,-0.12269584736508332,1.325627396025289,-0.33819702635492277,Daily
2022-06-29,1.0523545742034912,0.8725493964934231,87254.93964934231,-0.005419735136569237,-0.005419735136569237,-0.1274506035065769,1.325627396025289,-0.34178382318467293,Daily
2022-06-30,1.04465913772583,0.8661688013794436,86616.88013794436,-0.00731258899452758,-0.00731258899452758,-0.13383119862055637,1.325627396025289,-0.34659708755527274,Daily
2022-07-01,1.0477677583694458,0.8687462834686595,86874.62834686594,0.0029757272313559735,0.0029757272313559735,-0.13125371653134055,1.325627396025289,-0.3446527387156636,Daily
2022-07-04,1.0433948040008545,0.8651204915647325,86512.04915647325,-0.004173591269306165,-0.004173591269306165,-0.13487950843526753,1.325627396025289,-0.34738789032372364,Daily
2022-07-05,1.0433186292648315,0.86505733203507,86505.733203507,-7.300662772224964e-05,-7.300662772224964e-05,-0.13494266796493004,1.325627396025289,-0.3474355353330618,Daily
2022-07-06,1.0257673263549805,0.8505048426583264,85050.48426583264,-0.01682257214386995,-0.01682257214386995,-0.14949515734167362,1.325627396025289,-0.35841334811844716,Daily
2022-07-07,1.0186411142349243,0.8445962142957373,84459.62142957373,-0.0069472013164806334,-0.0069472013164806334,-0.15540378570426272,1.325627396025289,-0.3628705797510351,Daily
2022-07-08,1.0169836282730105,0.8432219261886524,84322.19261886524,-0.0016271539983526706,-0.0016271539983526706,-0.15677807381134756,1.325627396025289,-0.3639072874346614,Daily
2022-07-11,1.0166114568710327,0.8429133439482668,84291.33439482668,-0.0003659561389496302,-0.0003659561389496302,-0.15708665605173322,1.325627396025289,-0.3641400694677658,Daily
2022-07-12,1.004752516746521,0.8330806209266309,83308.0620926631,-0.011665164743482004,-0.011665164743482004,-0.16691937907336907,1.325627396025289,-0.3715574803112033,Daily
2022-07-13,1.0033109188079834,0.8318853342408585,83188.53342408585,-0.001434779126710306,-0.001434779126710306,-0.16811466575914147,1.325627396025289,-0.37245915652079,Daily
2022-07-14,1.0032706260681152,0.8318519259137445,83185.19259137445,-4.015977411664373e-05,-4.015977411664373e-05,-0.16814807408625554,1.325627396025289,-0.37248435841931316,Daily
2022-07-15,1.0025665760040283,0.8312681697600877,83126.81697600876,-0.0007017548862624512,-0.0007017548862624512,-0.16873183023991234,1.325627396025289,-0.37292472058699844,Daily
2022-07-18,1.009631872177124,0.8371262902671875,83712.62902671876,0.00704720897564326,0.00704720897564326,-0.16287370973281246,1.325627396025289,-0.3685055900495151,Daily
2022-07-19,1.0145177841186523,0.8411773958739907,84117.73958739906,0.004839300418471026,0.004839300418471026,-0.15882260412600935,1.325627396025289,-0.36544959888717965,Daily
2022-07-20,1.0231330394744873,0.8483206497217349,84832.0649721735,0.008491970757633638,0.008491970757633638,-0.15167935027826507,1.325627396025289,-0.3600610154366849,Daily
2022-07-21,1.0182781219482422,0.8442952428280968,84429.52428280968,-0.004745147834086749,-0.004745147834086749,-0.15570475717190324,1.325627396025289,-0.36309762052323324,Daily
2022-07-22,1.0221081972122192,0.8474709118868234,84747.09118868235,0.0037613253014303627,0.0037613253014303627,-0.15252908811317656,1.325627396025289,-0.360702023488766,Daily
2022-07-25,1.0200231075286863,0.8457420803792697,84574.20803792696,-0.002039989199988823,-0.002039989199988823,-0.15425791962073032,1.325627396025289,-0.36200618445642363,Daily
2022-07-26,1.022494912147522,0.8477915527541554,84779.15527541554,0.0024232829634853736,0.0024232829634853736,-0.1522084472458446,1.325627396025289,-0.36046014491240785,Daily
2022-07-27,1.0129557847976685,0.8398822795716937,83988.22795716937,-0.009329266323505392,-0.009329266323505392,-0.1601177204283063,1.325627396025289,-0.36642658254501603,Daily
2022-07-28,1.0209290981292725,0.8464932735333153,84649.32735333152,0.007871334021945176,0.007871334021945176,-0.15350672646668473,1.325627396025289,-0.3614395145488025,Daily
2022-07-29,1.0192328691482544,0.8450868620347743,84508.68620347744,-0.0016614562011467715,-0.0016614562011467715,-0.15491313796522566,1.325627396025289,-0.36250045482716264,Daily
2022-08-01,1.0208247900009155,0.8464067874793956,84640.67874793956,0.0015618813922193553,0.0015618813922193553,-0.15359321252060443,1.325627396025289,-0.3615047561500089,Daily
2022-08-02,1.0261356830596924,0.8508102619801685,85081.02619801686,0.005202551026187496,0.005202551026187496,-0.14918973801983149,1.325627396025289,-0.35818295206390127,Daily
2022-08-03,1.015568733215332,0.8420487799326832,84204.87799326832,-0.010297809557554993,-0.010297809557554993,-0.15795122006731677,1.325627396025289,-0.36479226179433943,Daily
2022-08-04,1.015764594078064,0.8422111760316433,84221.11760316433,0.0001928583032602127,0.0001928583032602127,-0.1577888239683567,1.325627396025289,-0.3646697567077314,Daily
2022-08-05,1.024779200553894,0.8496855479143945,84968.55479143946,0.008874700426048987,0.008874700426048987,-0.15031445208560545,1.325627396025289,-0.35903139112690374,Daily
2022-08-08,1.0170871019363403,0.8433077203541406,84330.77203541406,-0.00750610337660651,-0.00750610337660651,-0.1566922796458594,1.325627396025289,-0.3638425677662648,Daily
2022-08-09,1.0197629928588867,0.8455264088710953,84552.64088710953,0.0026309358534308824,0.0026309358534308824,-0.15447359112890469,1.325627396025289,-0.3621688783693746,Daily
2022-08-10,1.0208144187927246,0.8463981882946058,84639.81882946058,0.0010310493136156396,0.0010310493136156396,-0.15360181170539422,1.325627396025289,-0.36151124302921456,Daily
2022-08-11,1.0300782918930054,0.8540792371359239,85407.92371359239,0.009074982611664728,0.009074982611664728,-0.14592076286407607,1.325627396025289,-0.35571696866196123,Daily
2022-08-12,1.0316723585128784,0.8554009417222259,85540.0941722226,0.0015475198656440536,0.0015475198656440536,-0.14459905827777408,1.325627396025289,-0.35471992787186823,Daily
2022-08-15,1.0256409645080566,0.8504000709815779,85040.00709815779,-0.005846230108865091,-0.005846230108865091,-0.14959992901842212,1.325627396025289,-0.35849238365819436,Daily
2022-08-16,1.0161981582641602,0.8425706614923357,84257.06614923358,-0.00920673663656335,-0.00920673663656335,-0.15742933850766427,1.325627396025289,-0.3643985753322029,Daily
2022-08-17,1.0170663595199585,0.8432905219845611,84329.0521984561,0.0008543621622789654,0.0008543621622789654,-0.15670947801543889,1.325627396025289,-0.36385554152467614,Daily
2022-08-18,1.0180189609527588,0.8440803620495579,84408.03620495579,0.0009366167938638092,0.0009366167938638092,-0.15591963795044206,1.325627396025289,-0.36325971794154477,Daily
2022-08-19,1.0089900493621826,0.8365941292222692,83659.41292222691,-0.008869099630645416,-0.008869099630645416,-0.16340587077773083,1.325627396025289,-0.36890703094196653,Daily
2022-08-22,1.0035223960876465,0.8320606785376055,83206.06785376054,-0.005418936765523519,-0.005418936765523519,-0.16793932146239454,1.325627396025289,-0.37232688383445844,Daily
2022-08-23,0.9939467906951904,0.824121159946573,82412.1159946573,-0.009541994707629509,-0.009541994707629509,-0.17587884005342702,1.325627396025289,-0.3783161373870314,Daily
2022-08-24,0.9966909885406494,0.8263964844736946,82639.64844736946,0.002760910212849188,0.002760910212849188,-0.17360351552630537,1.325627396025289,-0.3765997240615797,Daily
2022-08-25,0.9969095587730408,0.826577709822108,82657.7709822108,0.00021929588498759145,0.00021929588498759145,-0.173422290177892,1.325627396025289,-0.37646301494636625,Daily
2022-08-26,0.9971283078193665,0.8267590834323282,82675.90834323282,0.00021942717310774462,0.00021942717310774462,-0.17324091656767182,1.325627396025289,-0.3763261939884077,Daily
2022-08-29,0.993867814540863,0.8240556776486052,82405.56776486052,-0.003269883377028826,-0.003269883377028826,-0.1759443223513948,1.325627396025289,-0.3783655345993734,Daily
2022-08-30,1.0014019012451172,0.8303024911923214,83030.24911923213,0.00758057217874053,0.00758057217874053,-0.16969750880767864,1.325627396025289,-0.37365318966561123,Daily
2022-08-31,1.0025062561035156,0.8312181561106209,83121.81561106209,0.0011028088293274507,0.0011028088293274507,-0.1687818438893791,1.325627396025289,-0.37296244887295327,Daily
2022-09-01,1.003905177116394,0.8323780576451896,83237.80576451895,0.0013954237236539768,0.0013954237236539768,-0.16762194235481043,1.325627396025289,-0.3720874657984887,Daily
2022-09-02,0.995232880115509,0.8251875082811018,82518.75082811018,-0.008638561886686436,-0.008638561886686436,-0.17481249171889823,1.325627396025289,-0.37751172708461456,Daily
2022-09-05,0.9909427762031556,0.8216304110142881,82163.04110142881,-0.00431065331347924,-0.00431065331347924,-0.17836958898571187,1.325627396025289,-0.3801950582208593,Daily
2022-09-06,0.9952229857444764,0.82517930446113,82517.930446113,0.004319330685996325,0.004319330685996325,-0.17482069553887003,1.325627396025289,-0.3775179157165004,Daily
2022-09-07,0.98979514837265,0.8206788667387623,82067.88667387623,-0.005453890685378493,-0.005453890685378493,-0.17932113326123766,1.325627396025289,-0.3809128649577892,Daily
2022-09-08,0.9995701909065248,0.8287837466648894,82878.37466648895,0.009875823850971743,0.009875823850971743,-0.1712162533351106,1.325627396025289,-0.37479886946370955,Daily
2022-09-09,1.0012015104293823,0.8301363391275911,83013.6339127591,0.0016320209803155628,0.0016320209803155628,-0.1698636608724089,1.325627396025289,-0.37377852810175727,Daily
2022-09-12,1.0071406364440918,0.8350607067759718,83506.07067759718,0.00593199865645655,0.00593199865645655,-0.16493929322402823,1.325627396025289,-0.37006378317181265,Daily
2022-09-13,1.0129557847976685,0.8398822795716937,83988.22795716937,0.005773918897869379,0.005773918897869379,-0.1601177204283063,1.325627396025289,-0.36642658254501603,Daily
2022-09-14,0.9982032775878906,0.8276503839937234,82765.03839937234,-0.014563821472942773,-0.014563821472942773,-0.17234961600627663,1.325627396025289,-0.3756538326868326,Daily
2022-09-15,0.9984025359153748,0.8278155970670111,82781.55970670111,0.00019961698379278303,0.00019961698379278303,-0.17218440293298887,1.325627396025289,-0.375529202588071,Daily
2022-09-16,0.9988313317298888,0.8281711288795244,82817.11288795243,0.00042948189641855983,0.00042948189641855983,-0.17182887112047562,1.325627396025289,-0.37526100368574045,Daily
2022-09-19,1.002234935760498,0.8309931935292252,83099.31935292252,0.0034075863686759966,0.0034075863686759966,-0.16900680647077482,1.325627396025289,-0.3731321515979198,Daily
2022-09-20,1.0029587745666504,0.8315933573228257,83159.33573228258,0.0007222246803870735,0.0007222246803870735,-0.1684066426771743,1.325627396025289,-0.3726794121664626,Daily
2022-09-21,0.997078537940979,0.8267178172294579,82671.78172294579,-0.005862889656867543,-0.005862889656867543,-0.17328218277054208,1.325627396025289,-0.3763573235524119,Daily
2022-09-22,0.983071506023407,0.8151040251237011,81510.4025123701,-0.014048072829345393,-0.014048072829345393,-0.18489597487629894,1.325627396025289,-0.3851183012906355,Daily
2022-09-23,0.9841550588607788,0.8160024422518188,81600.24422518189,0.0011022116201444554,0.0011022116201444554,-0.18399755774818116,1.325627396025289,-0.38444057153730393,Daily
2022-09-26,0.968992292881012,0.8034303846686318,80343.03846686319,-0.015406887200598907,-0.015406887200598907,-0.19656961533136819,1.325627396025289,-0.39392442621689383,Daily
2022-09-27,0.9623712301254272,0.7979405959100253,79794.05959100253,-0.0068329364477180965,-0.0068329364477180965,-0.2020594040899747,1.325627396025289,-0.3980657020950682,Daily
2022-09-28,0.959619164466858,0.7956587478634081,79565.8747863408,-0.0028596715824626973,-0.0028596715824626973,-0.20434125213659193,1.325627396025289,-0.39978703650129654,Daily
2022-09-29,0.9708172082901,0.8049434952474085,80494.34952474084,0.011669258220226686,0.011669258220226686,-0.1950565047525915,1.325627396025289,-0.39278299644310255,Daily
2022-09-30,0.9829555749893188,0.8150079020523446,81500.79020523446,0.012503246332641993,0.012503246332641993,-0.18499209794765537,1.325627396025289,-0.385190812670262,Daily
2022-10-03,0.9792688488960266,0.8119510895420047,81195.10895420046,-0.0037506538312601645,-0.0037506538312601645,-0.18804891045799532,1.325627396025289,-0.3874967491042143,Daily
2022-10-04,0.983206868171692,0.8152162593113879,81521.62593113878,0.004021387262655107,0.004021387262655107,-0.18478374068861214,1.325627396025289,-0.385033636332727,Daily
2022-10-05,0.998432457447052,0.8278404062093356,82784.04062093356,0.015485641697837726,0.015485641697837726,-0.17215959379066437,1.325627396025289,-0.3755104875687535,Daily
2022-10-06,0.9910998940467834,0.8217606837217921,82176.06837217922,-0.0073440755512073075,-0.0073440755512073075,-0.17823931627820788,1.325627396025289,-0.3800967857289852,Daily
2022-10-07,0.9789045453071594,0.8116490308211148,81164.90308211149,-0.012304863326973892,-0.012304863326973892,-0.18835096917888516,1.325627396025289,-0.3877246100565418,Daily
2022-10-10,0.9735012650489808,0.8071689543868703,80716.89543868703,-0.005519721288537949,-0.005519721288537949,-0.1928310456131297,1.325627396025289,-0.3911041995608606,Daily
2022-10-11,0.9710057377815248,0.8050998126122932,80509.98126122932,-0.0025634555979036078,-0.0025634555979036078,-0.19490018738770676,1.325627396025289,-0.3926650769090364,Daily
2022-10-12,0.9700167775154114,0.80427982597993,80427.982597993,-0.0010184906511190306,-0.0010184906511190306,-0.19572017402007003,1.325627396025289,-0.3932836418503025,Daily
2022-10-13,0.9707984328269958,0.804927927757703,80492.7927757703,0.000805816280401439,0.000805816280401439,-0.19507207224229695,1.325627396025289,-0.39279473993131964,Daily
2022-10-14,0.975134015083313,0.8085227329440258,80852.27329440258,0.0044659963486877174,0.0044659963486877174,-0.19147726705597423,1.325627396025289,-0.39008296345694893,Daily
2022-10-17,0.973937451839447,0.8075306143540613,80753.06143540613,-0.0012270756894514623,-0.0012270756894514623,-0.19246938564593874,1.325627396025289,-0.39083137782507316,Daily
2022-10-18,0.9846396446228028,0.8164042317480288,81640.42317480288,0.010988583263887186,0.010988583263887186,-0.18359576825197121,1.325627396025289,-0.38413747769855666,Daily
2022-10-19,0.9863878488540648,0.8178537380117227,81785.37380117227,0.001775476176293589,0.001775476176293589,-0.18214626198827732,1.325627396025289,-0.3830440284623383,Daily
2022-10-20,0.9766482710838318,0.8097782633439286,80977.82633439286,-0.009873983931926955,-0.009873983931926955,-0.19022173665607145,1.325627396025289,-0.38913584181200755,Daily
2022-10-21,0.9778899550437928,0.8108077933297887,81080.77933297887,0.0012713727108564221,0.0012713727108564221,-0.1891922066702113,1.325627396025289,-0.38835920579124716,Daily
2022-10-24,0.9860085844993592,0.8175392747196708,81753.92747196708,0.00830219127795706,0.00830219127795706,-0.1824607252803292,1.325627396025289,-0.3832812469243245,Daily
2022-10-25,0.9886503219604492,0.8197296452315421,81972.96452315421,0.0026792235915789053,0.0026792235915789053,-0.18027035476845787,1.325627396025289,-0.38162891949171496,Daily
2022-10-26,0.9963731169700624,0.8261329244019497,82613.29244019497,0.007811452480285697,0.007811452480285697,-0.17386707559805026,1.325627396025289,-0.3767985431811416,Daily
2022-10-27,1.009193778038025,0.8367630488407249,83676.3048840725,0.012867329366482494,0.012867329366482494,-0.16323695115927506,1.325627396025289,-0.3687796047745817,Daily
2022-10-28,0.9967803955078124,0.8264706153770542,82647.06153770542,-0.012300296335898353,-0.012300296335898353,-0.17352938462294576,1.325627396025289,-0.37654380268911725,Daily
2022-10-31,0.9955002665519714,0.8254092091027496,82540.92091027496,-0.0012842637772673138,-0.0012842637772673138,-0.17459079089725038,1.325627396025289,-0.37734448490003647,Daily
2022-11-01,0.9886307716369628,0.8197134352740073,81971.34352740074,-0.006900545530542201,-0.006900545530542201,-0.1802865647259927,1.325627396025289,-0.3816411476318269,Daily
2022-11-02,0.9877909421920776,0.8190170989884482,81901.70989884483,-0.0008494874618303339,-0.0008494874618303339,-0.1809829010115518,1.325627396025289,-0.38216643572382547,Daily
2022-11-03,0.9814409017562866,0.8137520257082261,81375.20257082261,-0.006428526689766123,-0.006428526689766123,-0.18624797429177387,1.325627396025289,-0.3861381952816082,Daily
2022-11-04,0.9749630093574524,0.8083809452361996,80838.09452361996,-0.0066003896793398464,-0.0066003896793398464,-0.19161905476380037,1.325627396025289,-0.39018992240201245,Daily
2022-11-07,0.9928810596466064,0.8232375195785249,82323.75195785248,0.018378184728221614,0.018378184728221614,-0.17676248042147513,1.325627396025289,-0.37898272014678547,Daily
2022-11-08,1.0018634796142578,0.8306852043360666,83068.52043360667,0.009046823766432288,0.009046823766432288,-0.16931479566393337,1.325627396025289,-0.37336448626004426,Daily
2022-11-09,1.008084774017334,0.8358435291154507,83584.35291154507,0.006209722711393306,0.006209722711393306,-0.16415647088454932,1.325627396025289,-0.3694732534786077,Daily
2022-11-10,1.0019538402557373,0.8307601259690622,83076.01259690622,-0.006081764073436191,-0.006081764073436191,-0.16923987403093776,1.325627396025289,-0.3733079683929421,Daily
2022-11-11,1.0192224979400637,0.8450782628499848,84507.82628499847,0.017234983280186578,0.017234983280186578,-0.15492173715001523,1.325627396025289,-0.3625069417063682,Daily
2022-11-14,1.0328551530838013,0.856381644153073,85638.1644153073,0.013375543780960841,0.013375543780960841,-0.14361835584692695,1.325627396025289,-0.35398012539510315,Daily
2022-11-15,1.0319278240203855,0.8556127584234257,85561.27584234257,-0.0008978306983772333,-0.0008978306983772333,-0.14438724157657434,1.325627396025289,-0.3545601418702853,Daily
2022-11-16,1.0357863903045654,0.8588120505300232,85881.20505300231,0.003739182328805546,0.003739182328805546,-0.14118794946997681,1.325627396025289,-0.35214672455845974,Daily
2022-11-17,1.039501070976257,0.8618920413028134,86189.20413028134,0.0035863385602115105,0.0035863385602115105,-0.13810795869718662,1.325627396025289,-0.3498233033753845,Daily
2022-11-18,1.036172866821289,0.8591324937149462,85913.24937149462,-0.003201732300133542,-0.003201732300133542,-0.14086750628505385,1.325627396025289,-0.35190499510576156,Daily
2022-11-21,1.0330898761749268,0.8565762624846935,85657.62624846936,-0.0029753632285508536,-0.0029753632285508536,-0.14342373751530646,1.325627396025289,-0.35383331315193134,Daily
2022-11-22,1.0245691537857056,0.8495113897121014,84951.13897121014,-0.008247803589722325,-0.008247803589722325,-0.15048861028789862,1.325627396025289,-0.35916276907127576,Daily
2022-11-23,1.0311086177825928,0.8549335216662417,85493.35216662417,0.00638264774293118,0.00638264774293118,-0.1450664783337583,1.325627396025289,-0.35507253076570233,Daily
2022-11-24,1.04162335395813,0.863651711266165,86365.17112661651,0.01019750586330015,0.01019750586330015,-0.13634828873383498,1.325627396025289,-0.34849587911678226,Daily
2022-11-25,1.040810227394104,0.8629775154104091,86297.75154104091,-0.0007806339603814161,-0.0007806339603814161,-0.13702248458959088,1.325627396025289,-0.3490044653588721,Daily
2022-11-28,1.0367528200149536,0.8596133561747397,85961.33561747396,-0.003898316208238106,-0.003898316208238106,-0.14038664382526034,1.325627396025289,-0.3515422518030542,Daily
2022-11-29,1.034554123878479,0.8577903289993171,85779.03289993171,-0.002120752501490908,-0.002120752501490908,-0.14220967100068294,1.325627396025289,-0.35291747019465414,Daily
2022-11-30,1.0324499607086182,0.8560456828990467,85604.56828990467,-0.002033884087158766,-0.002033884087158766,-0.1439543171009533,1.325627396025289,-0.3542335610551036,Daily
2022-12-01,1.042535424232483,0.8644079453216387,86440.79453216387,0.009768476834405293,0.009768476834405293,-0.13559205467836133,1.325627396025289,-0.34792540655583404,Daily
2022-12-02,1.052842140197754,0.8729536570197448,87295.36570197449,0.009886202162251445,0.009886202162251445,-0.1270463429802552,1.325627396025289,-0.341478865300177,Daily
2022-12-05,1.0544185638427734,0.8742607331077837,87426.07331077837,0.001497302952485846,0.001497302952485846,-0.12573926689221626,1.325627396025289,-0.3404928596609167,Daily
2022-12-06,1.0496923923492432,0.8703420747149835,87034.20747149835,-0.0044822536852026085,-0.0044822536852026085,-0.12965792528501652,1.325627396025289,-0.343448937971119,Daily
2022-12-07,1.0469011068344116,0.8680277079120924,86802.77079120924,-0.0026591461795627547,-0.0026591461795627547,-0.13197229208790762,1.325627396025289,-0.345194803219401,Daily
2022-12-08,1.051325798034668,0.8716963968987637,87169.63968987636,0.004226465299703053,0.004226465299703053,-0.12830360310123634,1.325627396025289,-0.3424272917771425,Daily
2022-12-09,1.0559661388397217,0.8755438896243385,87554.38896243385,0.004413799046621092,0.004413799046621092,-0.12445611037566151,1.325627396025289,-0.33952489798450436,Daily
2022-12-12,1.0522217750549316,0.8724392873916327,87243.92873916327,-0.003545912740065882,-0.003545912740065882,-0.12756071260836732,1.325627396025289,-0.3418668850632375,Daily
2022-12-13,1.0541739463806152,0.8740579109561916,87405.79109561916,0.0018552850472817184,0.0018552850472817184,-0.12594208904380844,1.325627396025289,-0.34064586053597434,Daily
2022-12-14,1.062665343284607,0.8810984687924815,88109.84687924816,0.008055024441787628,0.008055024441787628,-0.11890153120751845,1.325627396025289,-0.33533474682679776,Daily
2022-12-15,1.0676347017288208,0.8852187632424202,88521.87632424202,0.00467631552644221,0.00467631552644221,-0.11478123675757979,1.325627396025289,-0.33222656238349724,Daily
2022-12-16,1.064056158065796,0.8822516491251458,88225.16491251458,-0.0033518427765881764,-0.0033518427765881764,-0.11774835087485425,1.325627396025289,-0.3344648339567696,Daily
2022-12-19,1.05850350856781,0.877647724661688,87764.7724661688,-0.005218380116402299,-0.005218380116402299,-0.12235227533831206,1.325627396025289,-0.33793784943401617,Daily
2022-12-20,1.0614584684371948,0.8800978004383295,88009.78004383296,0.0027916391825502096,0.0027916391825502096,-0.11990219956167047,1.325627396025289,-0.33608961079321265,Daily
2022-12-21,1.062699317932129,0.8811266385357583,88112.66385357584,0.0011690042821563829,0.0011690042821563829,-0.11887336146424166,1.325627396025289,-0.3353134967052619,Daily
2022-12-22,1.0610079765319824,0.8797242795266009,87972.42795266009,-0.0015915521649507713,-0.0015915521649507713,-0.12027572047339907,1.325627396025289,-0.3363713799485941,Daily
2022-12-23,1.060333013534546,0.8791646406268372,87916.46406268372,-0.0006361526137085294,-0.0006361526137085294,-0.12083535937316281,1.325627396025289,-0.33679354902977165,Daily
2022-12-26,1.0667804479599,0.8845104671711191,88451.04671711191,0.006080575010922296,0.006080575010922296,-0.11548953282888086,1.325627396025289,-0.33276087245691977,Daily
2022-12-27,1.064022183418274,0.882223479381869,88222.3479381869,-0.0025855972022179596,-0.0025855972022179596,-0.11777652061813104,1.325627396025289,-0.3344860840783055,Daily
2022-12-28,1.0637166500091553,0.8819701493747876,88197.01493747876,-0.0002871494728964308,-0.0002871494728964308,-0.11802985062521243,1.325627396025289,-0.33467718604846763,Daily
2022-12-29,1.062925100326538,0.8813138437770427,88131.38437770426,-0.0007441358397561881,-0.0007441358397561881,-0.1186861562229573,1.325627396025289,-0.33517227659933646,Daily
2022-12-30,1.066075325012207,0.883925821446622,88392.5821446622,0.002963731578736084,0.002963731578736084,-0.11607417855337798,1.325627396025289,-0.33320190568107466,Daily
2023-01-02,1.0709733963012695,0.8879870088562819,88798.70088562819,0.004594488939143604,0.004594488939143604,-0.1120129911437181,1.325627396025289,-0.3301383092120843,Daily
2023-01-03,1.0677714347839355,0.8853321341039585,88533.21341039585,-0.0029897675594858786,-0.0029897675594858786,-0.1146678658960415,1.325627396025289,-0.33214103996454436,Daily
2023-01-04,1.0546854734420776,0.8744820385646136,87448.20385646136,-0.012255395598315455,-0.012255395598315455,-0.1255179614353864,1.325627396025289,-0.34032591572365845,Daily
2023-01-05,1.0606365203857422,0.8794162903334424,87941.62903334423,0.005642484981084328,0.005642484981084328,-0.12058370966655763,1.325627396025289,-0.3366037146107187,Daily
2023-01-06,1.0522217750549316,0.8724392873916327,87243.92873916327,-0.007933674891517306,-0.007933674891517306,-0.12756071260836732,1.325627396025289,-0.3418668850632375,Daily
2023-01-09,1.0656323432922363,0.8835585275307756,88355.85275307756,0.012745001629152375,0.012745001629152375,-0.11644147246922443,1.325627396025289,-0.3334789774411693,Daily
2023-01-10,1.073318362236023,0.8899313141896011,88993.13141896011,0.007212636696105612,0.007212636696105612,-0.11006868581039886,1.325627396025289,-0.3286716034551356,Daily
2023-01-11,1.0738946199417114,0.8904091125720558,89040.91125720557,0.0005368935499137084,0.0005368935499137084,-0.1095908874279442,1.325627396025289,-0.3283111715691567,Daily
2023-01-12,1.0766000747680664,0.8926523137077215,89265.23137077215,0.0025192926532231485,0.0025192926532231485,-0.10734768629227853,1.325627396025289,-0.3266189908384389,Daily
2023-01-13,1.0860239267349243,0.9004660074454514,90046.60074454514,0.008753345079312025,0.008753345079312025,-0.09953399255454864,1.325627396025289,-0.32072465449539245,Daily
2023-01-16,1.082461953163147,0.8975126322555994,89751.26322555995,-0.0032798297386377184,-0.0032798297386377184,-0.10248736774440059,1.325627396025289,-0.3229525619743019,Daily
2023-01-17,1.083012938499451,0.8979694763027045,89796.94763027046,0.0005090112725845142,0.0005090112725845142,-0.10203052369729548,1.325627396025289,-0.32260793719627234,Daily
2023-01-18,1.0793308019638062,0.8949164691787368,89491.64691787367,-0.003399900781191567,-0.003399900781191567,-0.1050835308212632,1.325627396025289,-0.3249110029997716,Daily
2023-01-19,1.0797853469848633,0.8952933506914177,89529.33506914177,0.00042113596705495304,0.00042113596705495304,-0.10470664930858231,1.325627396025289,-0.32462669874217187,Daily
2023-01-20,1.083388328552246,0.8982807272556108,89828.07272556108,0.0033367572336888696,0.0033367572336888696,-0.10171927274438919,1.325627396025289,-0.32237314199375944,Daily
2023-01-23,1.086507797241211,0.9008672038944343,90086.72038944344,0.0028793633886876613,0.0028793633886876613,-0.09913279610556569,1.325627396025289,-0.3204220080276249,Daily
2023-01-24,1.0874292850494385,0.901631246405062,90163.1246405062,0.0008481189095626007,0.0008481189095626007,-0.09836875359493802,1.325627396025289,-0.31984564508211055,Daily
2023-01-25,1.088814616203308,0.90277988004232,90277.988004232,0.0012739505666399253,0.0012739505666399253,-0.09722011995767998,1.325627396025289,-0.3189791620562602,Daily
2023-01-26,1.0922038555145264,0.9055900343268809,90559.00343268809,0.00311277903582563,0.00311277903582563,-0.0944099656731191,1.325627396025289,-0.3168592946689486,Daily
2023-01-27,1.0894432067871094,0.9033010697135412,90330.10697135412,-0.0025275947466019133,-0.0025275947466019133,-0.09669893028645882,1.325627396025289,-0.3185859975269333,Daily
2023-01-30,1.0871455669403076,0.9013960043384004,90139.60043384004,-0.0021090037851332344,-0.0021090037851332344,-0.09860399566159961,1.325627396025289,-0.32002310223739183,Daily
2023-01-31,1.0850694179534912,0.8996745859211829,89967.45859211829,-0.0019097249254849125,-0.0019097249254849125,-0.10032541407881712,1.325627396025289,-0.32132167106780296,Daily
2023-02-01,1.0860947370529177,0.9005247191209125,90052.47191209125,0.0009449341051011029,0.0009449341051011029,-0.09947528087908752,1.325627396025289,-0.3206803647684019,Daily
2023-02-02,1.1012852191925049,0.9131197572841407,91311.97572841408,0.013986332519026812,0.013986332519026812,-0.08688024271585926,1.325627396025289,-0.31117917446334875,Daily
2023-02-03,1.09051251411438,0.9041876753177239,90418.76753177239,-0.009781939220090075,-0.009781939220090075,-0.09581232468227607,1.325627396025289,-0.3179171779122806,Daily
2023-02-06,1.079086184501648,0.8947136470271445,89471.36470271445,-0.010477944512183646,-0.010477944512183646,-0.10528635297285549,1.325627396025289,-0.32506400387482925,Daily
2023-02-07,1.0730764865875244,0.8897307653857119,88973.0765385712,-0.005569247387685605,-0.005569247387685605,-0.11026923461428806,1.325627396025289,-0.32882288940810434,Daily
2023-02-08,1.0729728937149048,0.8896448723790191,88964.4872379019,-9.653820013244552e-05,-9.653820013244552e-05,-0.11035512762098088,1.325627396025289,-0.328887683638331,Daily
2023-02-09,1.0715816020965576,0.888491296681537,88849.1296681537,-0.0012966698660301645,-0.0012966698660301645,-0.11150870331846297,1.325627396025289,-0.32975789475567885,Daily
2023-02-10,1.0742292404174805,0.8906865598330301,89068.65598330302,0.002470776201964231,0.002470776201964231,-0.10931344016696987,1.325627396025289,-0.3281018765124868,Daily
2023-02-13,1.0677714347839355,0.8853321341039585,88533.21341039585,-0.006011571264840199,-0.006011571264840199,-0.1146678658960415,1.325627396025289,-0.33214103996454436,Daily
2023-02-14,1.073041915893555,0.889702101436413,88970.2101436413,0.004935963763336604,0.004935963763336604,-0.11029789856358696,1.325627396025289,-0.32884451233878975,Daily
2023-02-15,1.0735719203948977,0.8901415494315296,89014.15494315296,0.000493927118309756,0.000493927118309756,-0.10985845056847043,1.325627396025289,-0.32851301044283154,Daily
2023-02-16,1.0691757202148438,0.8864964834927288,88649.64834927289,-0.004094928431470968,-0.004094928431470968,-0.1135035165072712,1.325627396025289,-0.3312627016077321,Daily
2023-02-17,1.0665756464004517,0.884340657981823,88434.0657981823,-0.0024318489142923783,-0.0024318489142923783,-0.11565934201817696,1.325627396025289,-0.3328889696807741,Daily
2023-02-20,1.0684444904327393,0.8858901915444506,88589.01915444506,0.0017521907973379047,0.0017521907973379047,-0.11410980845554941,1.325627396025289,-0.3317200638726461,Daily
2023-02-21,1.068261981010437,0.8857388656603923,88573.88656603923,-0.00017081787957773376,-0.00017081787957773376,-0.11426113433960772,1.325627396025289,-0.3318342180342997,Daily
2023-02-22,1.065200924873352,0.8832008212117638,88320.08212117638,-0.002865454534092482,-0.002865454534092482,-0.1167991787882362,1.325627396025289,-0.33374881670375867,Daily
2023-02-23,1.0605803728103638,0.8793697361261325,87936.97361261325,-0.004337728174182431,-0.004337728174182431,-0.12063026387386755,1.325627396025289,-0.3366388332326252,Daily
2023-02-24,1.0598047971725464,0.8787266752497879,87872.66752497878,-0.0007312747413590337,-0.0007312747413590337,-0.12127332475021213,1.325627396025289,-0.33712393249828065,Daily
2023-02-27,1.055475831031799,0.8751373557503136,87513.73557503136,-0.004084682530496764,-0.004084682530496764,-0.1248626442496864,1.325627396025289,-0.3398315707910893,Daily
2023-02-28,1.0611205101013184,0.8798175856236298,87981.75856236297,0.0053479946234309406,0.0053479946234309406,-0.12018241437637023,1.325627396025289,-0.3363009935811212,Daily
2023-03-01,1.0577309131622314,0.8770071348154553,87700.71348154554,-0.0031943562553166105,-0.0031943562553166105,-0.12299286518454466,1.325627396025289,-0.33842108465392284,Daily
2023-03-02,1.066894292831421,0.8846048605213972,88460.48605213972,0.008663242754052058,0.008663242754052058,-0.1153951394786028,1.325627396025289,-0.33268966590931737,Daily
2023-03-03,1.0599732398986816,0.8788663378717175,87886.63378717176,-0.006487102779762388,-0.006487102779762388,-0.12113366212828247,1.325627396025289,-0.3370185766325612,Daily
2023-03-06,1.0626201629638672,0.8810610079759837,88106.10079759838,0.002497160273063681,0.002497160273063681,-0.11893899202401625,1.325627396025289,-0.33536300576034883,Daily
2023-03-07,1.0688328742980957,0.8862122161886453,88621.22161886453,0.005846596508106927,0.005846596508106927,-0.11378778381135468,1.325627396025289,-0.33147714143066853,Daily
2023-03-08,1.05507493019104,0.8748049527796488,87480.49527796487,-0.012871932027811672,-0.012871932027811672,-0.12519504722035124,1.325627396025289,-0.3400823222252113,Daily
2023-03-09,1.0549525022506714,0.8747034428626481,87470.34428626481,-0.00011603719969588422,-0.00011603719969588422,-0.12529655713735188,1.325627396025289,-0.34015889722457016,Daily
2023-03-10,1.0584698915481567,0.8776198514420247,87761.98514420247,0.0033341684009291495,0.0033341684009291495,-0.1223801485579753,1.325627396025289,-0.337958875870062,Daily
2023-03-13,1.0683646202087402,0.8858239679374492,88582.39679374492,0.009348143711590318,0.009348143711590318,-0.11417603206255078,1.325627396025289,-0.3317700202987126,Daily
2023-03-14,1.0725010633468628,0.8892536588916887,88925.36588916887,0.003871752264984707,0.003871752264984707,-0.11074634110831127,1.325627396025289,-0.3291827993612735,Daily
2023-03-15,1.0727657079696655,0.8894730863656335,88947.30863656335,0.000246754648407288,0.000246754648407288,-0.11052691363436651,1.325627396025289,-0.3290172720987843,Daily
2023-03-16,1.0583354234695437,0.8775083585633718,87750.83585633719,-0.013451478167989639,-0.013451478167989639,-0.12249164143662816,1.325627396025289,-0.3380429816142456,Daily
2023-03-17,1.0614134073257446,0.8800604384630362,88006.04384630361,0.0029083254589648,0.0029083254589648,-0.11993956153696383,1.325627396025289,-0.3361177951649339,Daily
2023-03-20,1.0678855180740356,0.8854267251366454,88542.67251366454,0.006097634252235196,0.006097634252235196,-0.11457327486335456,1.325627396025289,-0.3320696842932822,Daily
2023-03-21,1.071914792060852,0.8887675578480577,88876.75578480578,0.003773132904811183,0.003773132904811183,-0.11123244215194228,1.325627396025289,-0.32954949444096826,Daily
2023-03-22,1.0774236917495728,0.8933352075894714,89333.52075894714,0.005139307461304199,0.005139307461304199,-0.10666479241052862,1.325627396025289,-0.3261038431553135,Daily
2023-03-23,1.0870392322540283,0.9013078379840045,90130.78379840044,0.008924567538366679,0.008924567538366679,-0.09869216201599551,1.325627396025289,-0.3200896113897074,Daily
2023-03-24,1.0835057497024536,0.8983780858420232,89837.80858420231,-0.003250556600655319,-0.003250556600655319,-0.10162191415797683,1.325627396025289,-0.32229969859125873,Daily
2023-03-27,1.077818512916565,0.8936625696587079,89366.2569658708,-0.005248921648501104,-0.005248921648501104,-0.10633743034129206,1.325627396025289,-0.3258568943745188,Daily
2023-03-28,1.0807071924209597,0.8960576897256591,89605.76897256591,0.0026801168005345932,0.0026801168005345932,-0.10394231027434087,1.325627396025289,-0.3240501121111674,Daily
2023-03-29,1.0839520692825315,0.8987481473115949,89874.8147311595,0.003002549519729669,0.003002549519729669,-0.10125185268840509,1.325627396025289,-0.32202053909992556,Daily
2023-03-30,1.0843634605407717,0.8990892483082544,89908.92483082545,0.0003795290123043138,0.0003795290123043138,-0.10091075169174557,1.325627396025289,-0.3217632262247675,Daily
2023-03-31,1.0904649496078491,0.9041482376771363,90414.82376771362,0.005626793311566125,0.005626793311566125,-0.09585176232286374,1.325627396025289,-0.31794692808243086,Daily
2023-04-03,1.080333590507507,0.8957479213908195,89574.79213908195,-0.009290861759459035,-0.009290861759459035,-0.10425207860918051,1.325627396025289,-0.32428378888623133,Daily
2023-04-04,1.091226577758789,0.9047797341325569,90477.97341325569,0.010082984873371226,0.010082984873371226,-0.09522026586744314,1.325627396025289,-0.3174705525508795,Daily
2023-04-05,1.0960105657577517,0.9087463305095299,90874.633050953,0.004384046445045531,0.004384046445045531,-0.09125366949047009,1.325627396025289,-0.31447831175315133,Daily
2023-04-06,1.090334177017212,0.9040398088758221,90403.98088758222,-0.005179136878680768,-0.005179136878680768,-0.09596019112417786,1.325627396025289,-0.3180287224098861,Daily
2023-04-07,1.0920130014419556,0.905431789558509,90543.1789558509,0.0015397338358560386,0.0015397338358560386,-0.094568210441491,1.325627396025289,-0.3169786681586987,Daily
2023-04-10,1.0913575887680054,0.90488836061628,90488.836061628,-0.0006001876104814174,-0.0006001876104814174,-0.09511163938372003,1.325627396025289,-0.3173886090997643,Daily
2023-04-11,1.086932897567749,0.9012196716296087,90121.96716296086,-0.004054300117389831,-0.004054300117389831,-0.0987803283703913,1.325627396025289,-0.3201561205420228,Daily
2023-04-12,1.0917507410049438,0.9052143389086538,90521.43389086537,0.0044325122994950394,0.0044325122994950394,-0.09478566109134623,1.325627396025289,-0.3171427041845889,Daily
2023-04-13,1.0999890565872192,0.9120450568678337,91204.50568678336,0.00754596747485814,0.00754596747485814,-0.08795494313216634,1.325627396025289,-0.3119898852403963,Daily
2023-04-14,1.1054610013961792,0.9165820658358586,91658.20658358585,0.004974544770415257,0.004974544770415257,-0.08341793416414145,1.325627396025289,-0.30856734812202613,Daily
2023-04-17,1.098659634590149,0.9109427797554766,91094.27797554765,-0.006152516278222553,-0.006152516278222553,-0.08905722024452345,1.325627396025289,-0.31282139876799997,Daily
2023-04-18,1.0925379991531372,0.9058670862230375,90586.70862230375,-0.0055719125780892,-0.0055719125780892,-0.09413291377696253,1.325627396025289,-0.3166502978595983,Daily
2023-04-19,1.0975382328033447,0.9100129805449364,91001.29805449364,0.00457671371987356,0.00457671371987356,-0.0899870194550636,1.325627396025289,-0.31352280190234083,Daily
2023-04-20,1.095218300819397,0.9080894318645579,90808.9431864558,-0.0021137596072823284,-0.0021137596072823284,-0.09191056813544207,1.325627396025289,-0.314973849675,Daily
2023-04-21,1.0970927476882937,0.9096436109637962,90964.36109637962,0.0017114824208968038,0.0017114824208968038,-0.0903563890362038,1.325627396025289,-0.31380143946086414,Daily
2023-04-24,1.0992271900177002,0.9114133627300042,91141.33627300042,0.0019455441063702672,0.0019455441063702672,-0.08858663726999583,1.325627396025289,-0.3124664098956075,Daily
2023-04-25,1.1059499979019165,0.916987512456634,91698.7512456634,0.006115940312673596,0.006115940312673596,-0.08301248754336599,1.325627396025289,-0.3082614954955708,Daily
2023-04-26,1.0978394746780396,0.9102627522686565,91026.27522686565,-0.007333535186277218,-0.007333535186277218,-0.0897372477313435,1.325627396025289,-0.3133343841580568,Daily
2023-04-27,1.1047282218933103,0.915974488951922,91597.4488951922,0.006274821933590191,0.006274821933590191,-0.08402551104807798,1.325627396025289,-0.3090256796907296,Daily
2023-04-28,1.1032048463821411,0.9147113971998766,91471.13971998767,-0.0013789595313846714,-0.0013789595313846714,-0.0852886028001234,1.325627396025289,-0.30997850531566207,Daily
2023-05-01,1.1010911464691162,0.912958843803248,91295.8843803248,-0.0019159632229286405,-0.0019159632229286405,-0.08704115619675201,1.325627396025289,-0.3113005611225075,Daily
2023-05-02,1.0969241857528689,0.909503849500662,90950.3849500662,-0.0037843921728092367,-0.0037843921728092367,-0.09049615049933801,1.325627396025289,-0.31390686988841365,Daily
2023-05-03,1.1010911464691162,0.912958843803248,91295.8843803248,0.003798768201457081,0.003798768201457081,-0.08704115619675201,1.325627396025289,-0.3113005611225075,Daily
2023-05-04,1.1068925857543943,0.9177690498604545,91776.90498604545,0.005268809311455902,0.005268809311455902,-0.08223095013954551,1.325627396025289,-0.3076719351061553,Daily
2023-05-05,1.102292776107788,0.9139551631444028,91395.51631444029,-0.0041556061589040905,-0.0041556061589040905,-0.08604483685559716,1.325627396025289,-0.3105489778766104,Daily
2023-05-08,1.10186767578125,0.9136026954092284,91360.26954092285,-0.00038565101373433386,-0.00038565101373433386,-0.08639730459077155,1.325627396025289,-0.3108148653622125,Daily
2023-05-09,1.0996140241622925,0.9117341024385406,91173.41024385406,-0.002045301508059705,-0.002045301508059705,-0.08826589756145942,1.325627396025289,-0.3122244567574194,Daily
2023-05-10,1.096467137336731,0.9091248923226868,90912.48923226868,-0.0028618103774720183,-0.0028618103774720183,-0.09087510767731322,1.325627396025289,-0.3141927399444425,Daily
2023-05-11,1.098406195640564,0.9107326433547528,91073.26433547528,0.0017684600274869844,0.0017684600274869844,-0.08926735664524721,1.325627396025289,-0.31297991721847396,Daily
2023-05-12,1.0912145376205444,0.9047697511709044,90476.97511709043,-0.006547357479011251,-0.006547357479011251,-0.09523024882909559,1.325627396025289,-0.3174780832957045,Daily
2023-05-15,1.0852696895599363,0.8998406391447084,89984.06391447084,-0.005447918677450314,-0.005447918677450314,-0.10015936085529165,1.325627396025289,-0.32119640719348697,Daily
2023-05-16,1.0873701572418213,0.90158222116764,90158.222116764,0.001935433839248546,0.001935433839248546,-0.09841777883236003,1.325627396025289,-0.31988262774976584,Daily
2023-05-17,1.0865668058395386,0.9009161302906517,90091.61302906516,-0.0007388021428879066,-0.0007388021428879066,-0.09908386970934835,1.325627396025289,-0.32038509992179964,Daily
2023-05-18,1.0838346481323242,0.8986507887251826,89865.07887251825,-0.0025144866312231118,-0.0025144866312231118,-0.10134921127481744,1.325627396025289,-0.32209398250242627,Daily
2023-05-19,1.0775396823883057,0.8934313800814301,89343.13800814301,-0.005808049922436109,-0.005808049922436109,-0.10656861991856992,1.325627396025289,-0.3260312944947721,Daily
2023-05-22,1.0822745561599731,0.8973572538821574,89735.72538821574,0.00439415257651854,0.00439415257651854,-0.10264274611784263,1.325627396025289,-0.3230697731709834,Daily
2023-05-23,1.0811045169830322,0.8963871274601896,89638.71274601895,-0.0010810927507086676,-0.0010810927507086676,-0.10361287253981044,1.325627396025289,-0.3238015975319438,Daily
2023-05-24,1.076971173286438,0.8929600063772667,89296.00063772667,-0.003823260037918219,-0.003823260037918219,-0.10703999362273331,1.325627396025289,-0.32638687986180415,Daily
2023-05-25,1.0757315158843994,0.8919321566918826,89193.21566918827,-0.0011510590374075313,-0.0011510590374075313,-0.10806784330811736,1.325627396025289,-0.32716224833145546,Daily
2023-05-26,1.072443604469299,0.8892060174311293,88920.60174311293,-0.0030564423990098177,-0.0030564423990098177,-0.11079398256887074,1.325627396025289,-0.3292187381633097,Daily
2023-05-29,1.0723055601119995,0.889091559316342,88909.1559316342,-0.00012871945594561396,-0.00012871945594561396,-0.11090844068365802,1.325627396025289,-0.32930508076239184,Daily
2023-05-30,1.0707669258117676,0.8878158158901232,88781.58158901232,-0.001434884194828956,-0.001434884194828956,-0.11218418410987685,1.325627396025289,-0.3302674503015579,Daily
2023-05-31,1.073306918144226,0.8899218254339711,88992.18254339711,0.002372124382281404,0.002372124382281404,-0.11007817456602886,1.325627396025289,-0.32867876139081076,Daily
2023-06-01,1.0695186853408811,0.8867808496380165,88678.08496380165,-0.0035294963065131135,-0.0035294963065131135,-0.11321915036198349,1.325627396025289,-0.3310481872229657,Daily
2023-06-02,1.0760787725448608,0.892220081120532,89222.0081120532,0.006133681714863171,0.006133681714863171,-0.10777991887946803,1.325627396025289,-0.32694504972081073,Daily
2023-06-05,1.0698620080947876,0.8870655123069181,88706.55123069181,-0.005777239184238336,-0.005777239184238336,-0.1129344876930819,1.325627396025289,-0.3308334491527093,Daily
2023-06-06,1.0711798667907717,0.8881582018224409,88815.82018224409,0.0012318024997737265,0.0012318024997737265,-0.11184179817755913,1.325627396025289,-0.3300091681226106,Daily
2023-06-07,1.0698047876358032,0.887018068528768,88701.80685287679,-0.0012837051905093544,-0.0012837051905093544,-0.11298193147123203,1.325627396025289,-0.3308692388310852,Daily
2023-06-08,1.0707440376281738,0.887796838378863,88779.6838378863,0.0008779639082061585,0.0008779639082061585,-0.11220316162113697,1.325627396025289,-0.3302817661729084,Daily
2023-06-09,1.078271746635437,0.8940383639181396,89403.83639181397,0.007030353420354407,0.007030353420354407,-0.10596163608186038,1.325627396025289,-0.32557341029704845,Daily
2023-06-12,1.0750954151153564,0.8914047400247793,89140.47400247793,-0.002945761613426079,-0.002945761613426079,-0.10859525997522068,1.325627396025289,-0.32756011025606924,Daily
2023-06-13,1.0762988328933716,0.8924025419840014,89240.25419840014,0.0011193590458071778,0.0011193590458071778,-0.10759745801599863,1.325627396025289,-0.32680740858272284,Daily
2023-06-14,1.078934907913208,0.8945882175386599,89458.821753866,0.0024492036405445727,0.0024492036405445727,-0.10541178246134009,1.325627396025289,-0.3251586228370359,Daily
2023-06-15,1.084304690361023,0.8990405195944459,89904.05195944458,0.0049769290143748535,0.0049769290143748535,-0.10095948040555414,1.325627396025289,-0.321799985206933,Daily
2023-06-16,1.0945948362350464,0.9075724923651293,90757.24923651293,0.009490087025812999,0.009490087025812999,-0.09242750763487073,1.325627396025289,-0.3153638080456391,Daily
2023-06-19,1.0942115783691406,0.9072547178927273,90725.47178927272,-0.0003501367384701748,-0.0003501367384701748,-0.09274528210727273,1.325627396025289,-0.3156035243289287,Daily
2023-06-20,1.0924304723739624,0.9057779314565968,90577.79314565969,-0.0016277528317081291,-0.0016277528317081291,-0.0942220685434032,1.325627396025289,-0.3167175526302134,Daily
2023-06-21,1.0920368432998655,0.9054515577994048,90545.15577994048,-0.00036032414332198837,-0.00036032414332198837,-0.09454844220059522,1.325627396025289,-0.31696375579270875,Daily
2023-06-22,1.0992635488510132,0.9114435092973704,91144.35092973703,0.00661763895191525,0.00661763895191525,-0.08855649070262961,1.325627396025289,-0.31244366853747274,Daily
2023-06-23,1.0958904027938845,0.9086466985754144,90864.66985754143,-0.0030685508135464,-0.0030685508135464,-0.09135330142458564,1.325627396025289,-0.31455347007774104,Daily
2023-06-26,1.0906671285629272,0.9043158723599338,90431.58723599339,-0.004766237771259618,-0.004766237771259618,-0.09568412764006617,1.325627396025289,-0.3178204712188354,Daily
2023-06-27,1.091048002243042,0.9046316700082463,90463.16700082463,0.0003492116615053664,0.0003492116615053664,-0.09536832999175371,1.325627396025289,-0.3175822461721448,Daily
2023-06-28,1.0957223176956177,0.9085073324770978,90850.73324770978,0.004284243629030016,0.004284243629030016,-0.0914926675229022,1.325627396025289,-0.31465860225797093,Daily
2023-06-29,1.0915838479995728,0.9050759612223823,90507.59612223823,-0.00377693292288539,-0.00377693292288539,-0.09492403877761768,1.325627396025289,-0.317247090746519,Daily
2023-06-30,1.086802959442139,0.9011119347167261,90111.19347167261,-0.004379772168849216,-0.004379772168849216,-0.09888806528327387,1.325627396025289,-0.3202373929366682,Daily
2023-07-03,1.0907504558563232,0.904384962361865,90438.4962361865,0.0036322098498982047,0.0036322098498982047,-0.09561503763813495,1.325627396025289,-0.31776835249970037,Daily
2023-07-04,1.091309905052185,0.9048488241344881,90484.88241344881,0.0005129030135702095,0.0005129030135702095,-0.09515117586551192,1.325627396025289,-0.3174184338317444,Daily
2023-07-05,1.0884946584701538,0.9025145902494967,90251.45902494967,-0.002579694886849393,-0.002579694886849393,-0.09748540975050335,1.325627396025289,-0.3191792860078463,Daily
2023-07-06,1.0856584310531616,0.9001629603125167,90016.29603125168,-0.0026056420166347127,-0.0026056420166347127,-0.09983703968748325,1.325627396025289,-0.3209532610660195,Daily
2023-07-07,1.0890636444091797,0.902986359318478,90298.6359318478,0.0031365420823148416,0.0031365420823148416,-0.09701364068152196,1.325627396025289,-0.3188234023934944,Daily
2023-07-10,1.0969723463058472,0.9095437813472715,90954.37813472716,0.007261928113446503,0.007261928113446503,-0.09045621865272846,1.325627396025289,-0.31387674690911394,Daily
2023-07-11,1.100594401359558,0.9125469725041813,91254.69725041813,0.0033018654170349215,0.0033018654170349215,-0.08745302749581874,1.325627396025289,-0.31161126026790964,Daily
2023-07-12,1.101406455039978,0.9132202787890966,91322.02787890966,0.0007378319201121197,0.0007378319201121197,-0.08677972121090338,1.325627396025289,-0.31110334508228954,Daily
2023-07-13,1.1144545078277588,0.9240389428254169,92403.89428254169,0.011846719009202866,0.011846719009202866,-0.07596105717458312,1.325627396025289,-0.30294217998509965,Daily
2023-07-14,1.1223469972610474,0.9305829224504012,93058.29224504012,0.007081930556925409,0.007081930556925409,-0.0694170775495988,1.325627396025289,-0.29800566490959235,Daily
2023-07-17,1.1227755546569824,0.9309382565805056,93093.82565805055,0.00038184037288013783,0.00038184037288013783,-0.06906174341949445,1.325627396025289,-0.2977376151309217,Daily
2023-07-18,1.123759627342224,0.9317541907234849,93175.4190723485,0.0008764642952545643,0.0008764642952545643,-0.06824580927651513,1.325627396025289,-0.2971221072246836,Daily
2023-07-19,1.1228890419006348,0.9310323534071702,93103.23534071702,-0.0007747078827240461,-0.0007747078827240461,-0.06896764659282983,1.325627396025289,-0.2976666322688092,Daily
2023-07-20,1.120523452758789,0.9290709485454759,92907.09485454758,-0.0021066989289001414,-0.0021066989289001414,-0.0709290514545241,1.325627396025289,-0.29914623722233935,Daily
2023-07-21,1.113709807395935,0.9234214818210325,92342.14818210325,-0.0060807699705690554,-0.0060807699705690554,-0.07657851817896755,1.325627396025289,-0.303407967736798,Daily
2023-07-24,1.112532615661621,0.9224454249267959,92244.5424926796,-0.0010570004201241323,-0.0010570004201241323,-0.07755457507320407,1.325627396025289,-0.3041442658075554,Daily
2023-07-25,1.1063170433044434,0.9172918445252269,91729.18445252269,-0.005586867539592366,-0.005586867539592366,-0.08270815547477306,1.325627396025289,-0.3080319196211544,Daily
2023-07-26,1.1050456762313845,0.9162377030794516,91623.77030794516,-0.001149188725558692,-0.001149188725558692,-0.08376229692054837,1.325627396025289,-0.3088271215375722,Daily
2023-07-27,1.1078368425369265,0.9185519710411382,91855.19710411382,0.002525837950030141,0.002525837950030141,-0.08144802895886183,1.325627396025289,-0.3070813308511202,Daily
2023-07-28,1.0978755950927734,0.9102927011536138,91029.27011536139,-0.008991619579415633,-0.008991619579415633,-0.08970729884638617,1.325627396025289,-0.31331179192358194,Daily
2023-07-31,1.1024264097213743,0.9140659641346243,91406.59641346242,0.004145109563362004,0.004145109563362004,-0.08593403586537574,1.325627396025289,-0.31046539406523654,Daily
2023-08-01,1.0997591018676758,0.9118543921843923,91185.43921843923,-0.0024194883487710372,-0.0024194883487710372,-0.08814560781560765,1.325627396025289,-0.3121337150103701,Daily
2023-08-02,1.100788116455078,0.9127075894614605,91270.75894614604,0.000935672717465641,0.000935672717465641,-0.08729241053853953,1.325627396025289,-0.31149009729424093,Daily
2023-08-03,1.0944151878356934,0.9074235386699785,90742.35386699784,-0.0057894235267614835,-0.0057894235267614835,-0.09257646133002151,1.325627396025289,-0.3154761727233739,Daily
2023-08-04,1.095158338546753,0.9080397147387046,90803.97147387046,0.0006790391062911905,0.0006790391062911905,-0.0919602852612954,1.325627396025289,-0.3150113542754649,Daily
2023-08-07,1.1002674102783203,0.9122758510802935,91227.58510802935,0.0046651443464760245,0.0046651443464760245,-0.08772414891970648,1.325627396025289,-0.31181578336746285,Daily
2023-08-08,1.100315809249878,0.9123159806093123,91231.59806093122,4.398837146823986e-05,4.398837146823986e-05,-0.0876840193906877,1.325627396025289,-0.31178551126450305,Daily
2023-08-09,1.0958904027938845,0.9086466985754144,90864.66985754143,-0.004021942081346985,-0.004021942081346985,-0.09135330142458564,1.325627396025289,-0.31455347007774104,Daily
2023-08-10,1.0977671146392822,0.9102027556575374,91020.27556575373,0.0017124995716846225,0.0017124995716846225,-0.08979724434246261,1.325627396025289,-0.3133796431888365,Daily
2023-08-11,1.0981649160385132,0.9105325887568859,91053.2588756886,0.0003623732155262349,0.0003623732155262349,-0.08946741124311408,1.325627396025289,-0.31313083036229306,Daily
2023-08-14,1.094439148902893,0.9074434057520789,90744.3405752079,-0.003392720966774565,-0.003392720966774565,-0.09255659424792106,1.325627396025289,-0.31546118579555393,Daily
2023-08-15,1.0909883975982666,0.9045822494060064,90458.22494060064,-0.003152985991122237,-0.003152985991122237,-0.0954177505939936,1.325627396025289,-0.31761952708711993,Daily
2023-08-16,1.0904173851013184,0.9041088000365489,90410.8800036549,-0.0005233900728964791,-0.0005233900728964791,-0.09589119996345108,1.325627396025289,-0.3179766782525809,Daily
2023-08-17,1.0874884128570557,0.9016802716424839,90168.02716424839,-0.0026861019315007617,-0.0026861019315007617,-0.09831972835751612,1.325627396025289,-0.31980866241445527,Daily
2023-08-18,1.0874648094177246,0.901660701083997,90166.0701083997,-2.1704543286982236e-05,-2.1704543286982236e-05,-0.09833929891600302,1.325627396025289,-0.31982342565678534,Daily
2023-08-21,1.087559461593628,0.9017391810003538,90173.91810003537,8.703930010756089e-05,8.703930010756089e-05,-0.09826081899964623,1.325627396025289,-0.31976422356380496,Daily
2023-08-22,1.0898351669311523,0.9036260595938702,90362.60595938702,0.0020924881975552534,0.0020924881975552534,-0.09637394040612979,1.325627396025289,-0.3183408382300573,Daily
2023-08-23,1.0846692323684692,0.8993427759977446,89934.27759977446,-0.004740106320141657,-0.004740106320141657,-0.10065722400225541,1.325627396025289,-0.3215719751309456,Daily
2023-08-24,1.086578607559204,0.9009259155698952,90092.59155698952,0.001760329447684006,0.001760329447684006,-0.09907408443010479,1.325627396025289,-0.32037771830063455,Daily
2023-08-25,1.07991361618042,0.8953997038274378,89539.97038274378,-0.006133924717840578,-0.006133924717840578,-0.10460029617256217,1.325627396025289,-0.32454647021314553,Daily
2023-08-28,1.0797386169433594,0.8952546049392617,89525.46049392616,-0.00016204929212726427,-0.00016204929212726427,-0.10474539506073832,1.325627396025289,-0.3246559269795123,Daily
2023-08-29,1.082555651664734,0.8975903214423205,89759.03214423206,0.0026089969157068182,0.0026089969157068182,-0.10240967855767946,1.325627396025289,-0.32289395637596097,Daily
2023-08-30,1.0869210958480835,0.9012098863503651,90120.98863503651,0.004032535580629215,0.004032535580629215,-0.09879011364963486,1.325627396025289,-0.3201635021631879,Daily
2023-08-31,1.0932546854019165,0.906461319544369,90646.1319544369,0.005827092305068504,0.005827092305068504,-0.09353868045563096,1.325627396025289,-0.3162020321379383,Daily
2023-09-01,1.0844104290008545,0.8991281917428193,89912.81917428193,-0.00808984083869757,-0.00808984083869757,-0.10087180825718067,1.325627396025289,-0.3217338488637672,Daily
2023-09-04,1.07758629322052,0.8934700269923815,89347.00269923816,-0.006292945547030748,-0.006292945547030748,-0.10652997300761846,1.325627396025289,-0.3260021408192616,Daily
2023-09-05,1.0794472694396973,0.8950130370355135,89501.30370355136,0.0017269857930501953,0.0017269857930501953,-0.10498696296448651,1.325627396025289,-0.32483815609191036,Daily
2023-09-06,1.0726161003112793,0.8893490406540115,88934.90406540115,-0.006328395394398223,-0.006328395394398223,-0.11065095934598845,1.325627396025289,-0.32911084719537176,Daily
2023-09-07,1.0724204778671265,0.8891868422374604,88918.68422374604,-0.00018237880644911275,-0.00018237880644911275,-0.11081315776253964,1.325627396025289,-0.32923320315831994,Daily
2023-09-08,1.0697818994522097,0.8869990910175081,88699.9091017508,-0.0024603954040157694,-0.0024603954040157694,-0.11300090898249193,1.325627396025289,-0.33088355470243547,Daily
2023-09-11,1.071811318397522,0.8886817636825695,88868.17636825694,0.0018970398979001324,0.0018970398979001324,-0.11131823631743054,1.325627396025289,-0.32961421410936487,Daily
2023-09-12,1.0750375986099243,0.8913568020406067,89135.68020406067,0.0030101195583809304,0.0030101195583809304,-0.10864319795939326,1.325627396025289,-0.32759627274359504,Daily
2023-09-13,1.075326681137085,0.8915964919614698,89159.64919614699,0.0002689045736952167,0.0002689045736952167,-0.10840350803853016,1.325627396025289,-0.327415460305966,Daily
2023-09-14,1.073422074317932,0.8900173060374983,89001.73060374983,-0.001771189028006881,-0.001771189028006881,-0.10998269396250171,1.325627396025289,-0.3286067346630791,Daily
2023-09-15,1.0637166500091553,0.8819701493747876,88197.01493747876,-0.009041573245960777,-0.009041573245960777,-0.11802985062521243,1.325627396025289,-0.33467718604846763,Daily
2023-09-18,1.0668259859085083,0.8845482245112303,88454.82245112302,0.002923086612704795,0.002923086612704795,-0.11545177548876973,1.325627396025289,-0.3327323898378788,Daily
2023-09-19,1.0692671537399292,0.8865722946965646,88657.22946965646,0.0022882530643852927,0.0022882530643852927,-0.11342770530343538,1.325627396025289,-0.3312055126841603,Daily
2023-09-20,1.0682048797607422,0.8856915207234465,88569.15207234464,-0.0009934598434745423,-0.0009934598434745423,-0.11430847927655352,1.325627396025289,-0.3318699331508458,Daily
2023-09-21,1.065303087234497,0.8832855281240028,88328.55281240029,-0.0027165130783666225,-0.0027165130783666225,-0.11671447187599715,1.325627396025289,-0.33368491721549143,Daily
2023-09-22,1.0661548376083374,0.88399174853001,88399.174853001,0.0007995380695380305,0.0007995380695380305,-0.11600825146999005,1.325627396025289,-0.3331521729404979,Daily
2023-09-25,1.0648492574691772,0.8829092396585487,88290.92396585488,-0.0012245689773251467,-0.0012245689773251467,-0.11709076034145127,1.325627396025289,-0.3339687741021117,Daily
2023-09-26,1.0591648817062378,0.8781960956641411,87819.60956641412,-0.005338197611603146,-0.005338197611603146,-0.12180390433585886,1.325627396025289,-0.3375241804014528,Daily
2023-09-27,1.0569483041763306,0.8763582423080465,87635.82423080465,-0.0020927596526203462,-0.0020927596526203462,-0.12364175769195351,1.325627396025289,-0.3389105830675453,Daily
2023-09-28,1.0505305528640747,0.8710370272236799,87103.70272236799,-0.006071963299337679,-0.006071963299337679,-0.12896297277632007,1.325627396025289,-0.34292469374473966,Daily
2023-09-29,1.0562450885772705,0.875775178042821,87577.5178042821,0.005439666364406293,0.005439666364406293,-0.12422482195717899,1.325627396025289,-0.33935042330242104,Daily
2023-10-02,1.0565240383148191,0.8760064664613032,87600.64664613032,0.0002640956540913564,0.0002640956540913564,-0.1239935335386968,1.325627396025289,-0.33917594862033784,Daily
2023-10-03,1.0480751991271973,0.8690011949350125,86900.11949350125,-0.007996826272971491,-0.007996826272971491,-0.1309988050649875,1.325627396025289,-0.3444604437562223,Daily
2023-10-04,1.0472300052642822,0.8683004107952518,86830.04107952518,-0.0008064248286944187,-0.0008064248286944187,-0.13169958920474822,1.325627396025289,-0.34498908713056853,Daily
2023-10-05,1.0507071018218994,0.8711834110475143,87118.34110475142,0.0033202797285585284,0.0033202797285585284,-0.1288165889524857,1.325627396025289,-0.34281426767458356,Daily
2023-10-06,1.0546631813049316,0.874463555259376,87446.3555259376,0.00376515917344844,0.00376515917344844,-0.12553644474062398,1.325627396025289,-0.34033985878585904,Daily
2023-10-09,1.056747317314148,0.8761915960372938,87619.15960372938,0.001976115262350975,0.001976115262350975,-0.1238084039627062,1.325627396025289,-0.3390362943128412,Daily
2023-10-10,1.0578875541687012,0.8771370121581417,87713.70121581416,0.0010790061501657622,0.0010790061501657622,-0.12286298784185834,1.325627396025289,-0.33832311040936836,Daily
2023-10-11,1.0604791641235352,0.8792858199435292,87928.58199435292,0.0024497971874433144,0.0024497971874433144,-0.12071418005647083,1.325627396025289,-0.3367021362262529,Daily
2023-10-12,1.0624282360076904,0.8809018736367715,88090.18736367715,0.0018379162458757037,0.0018379162458757037,-0.11909812636322847,1.325627396025289,-0.33548305030656844,Daily
2023-10-13,1.0536741018295288,0.8736434697858083,87364.34697858083,-0.008239741642275256,-0.008239741642275256,-0.1263565302141917,1.325627396025289,-0.3409584982889552,Daily
2023-10-16,1.052155375480652,0.8723842328407377,87238.42328407377,-0.0014413625107039252,-0.0014413625107039252,-0.12761576715926226,1.325627396025289,-0.34190841600251953,Daily
2023-10-17,1.055431246757507,0.8751003891398382,87510.03891398382,0.0031134862333033198,0.0031134862333033198,-0.12489961086016177,1.325627396025289,-0.3398594569154906,Daily
2023-10-18,1.057305932044983,0.8766547659214854,87665.47659214854,0.001776226820302318,0.001776226820302318,-0.12334523407851461,1.325627396025289,-0.338686897577695,Daily
2023-10-19,1.053851842880249,0.8737908420216876,87379.08420216876,-0.003266877693623771,-0.003266877693623771,-0.12620915797831245,1.325627396025289,-0.34084732660049955,Daily
2023-10-20,1.0586491823196411,0.877768508613562,87776.8508613562,0.004552195331632536,0.004552195331632536,-0.12223149138643796,1.325627396025289,-0.33784673487781713,Daily
2023-10-23,1.0589966773986816,0.8780566307246203,87805.66307246202,0.00032824384587826216,0.00032824384587826216,-0.12194336927537974,1.325627396025289,-0.33762938714351254,Daily
2023-10-24,1.0669853687286377,0.8846803752016197,88468.03752016198,0.007543641543408475,0.007543641543408475,-0.11531962479838032,1.325627396025289,-0.3326327006712354,Daily
2023-10-25,1.059535264968872,0.8785031952864593,87850.31952864592,-0.006982386055249257,-0.006982386055249257,-0.12149680471354074,1.325627396025289,-0.33729251679579797,Daily
2023-10-26,1.056725025177002,0.876173112732056,87617.3112732056,-0.0026523324751749344,-0.0026523324751749344,-0.123826887267944,1.325627396025289,-0.3390502373750419,Daily
2023-10-27,1.0564459562301636,0.8759417254723691,87594.17254723691,-0.0002640885189518771,-0.0002640885189518771,-0.12405827452763085,1.325627396025289,-0.33922478661895517,Daily
2023-10-30,1.0562450885772705,0.875775178042821,87577.5178042821,-0.00019013528492239917,-0.00019013528492239917,-0.12422482195717899,1.325627396025289,-0.33935042330242104,Daily
2023-10-31,1.061503529548645,0.8801351624136229,88013.51624136229,0.0049784288024075085,0.0049784288024075085,-0.11986483758637712,1.325627396025289,-0.3360614264214915,Daily
2023-11-01,1.0579099655151367,0.8771555943045838,87715.55943045838,-0.003385352882468773,-0.003385352882468773,-0.12284440569541621,1.325627396025289,-0.3383090927853377,Daily
2023-11-02,1.05870521068573,0.8778149639796675,87781.49639796675,0.0007517134694974281,0.0007517134694974281,-0.12218503602033248,1.325627396025289,-0.33781169081774054,Daily
2023-11-03,1.061909317970276,0.8804716178736718,88047.16178736718,0.0030264395151797796,0.0030264395151797796,-0.11952838212632821,1.325627396025289,-0.33580761795234115,Daily
2023-11-06,1.073214769363403,0.8898454211829081,88984.5421182908,0.010646343526522717,0.010646343526522717,-0.1101545788170919,1.325627396025289,-0.32873639768536245,Daily
2023-11-07,1.0721560716629028,0.8889676124459246,88896.76124459246,-0.0009864732863563708,-0.0009864732863563708,-0.1110323875540754,1.325627396025289,-0.32939858129714916,Daily
2023-11-08,1.0696102380752563,0.8868567596830571,88685.67596830572,-0.0023744990630869545,-0.0023744990630869545,-0.1131432403169429,1.325627396025289,-0.3309909237375639,Daily
2023-11-09,1.07104229927063,0.8880441390724714,88804.41390724714,0.0013388626477162102,0.0013388626477162102,-0.11195586092752863,1.325627396025289,-0.330095212474373,Daily
2023-11-10,1.0667576789855957,0.8844915885010636,88449.15885010635,-0.004000421167261292,-0.004000421167261292,-0.11550841149893643,1.325627396025289,-0.3327751137664402,Daily
2023-11-13,1.069015622138977,0.8863637397551125,88636.37397551125,0.0021166411059054813,0.0021166411059054813,-0.11363626024488749,1.325627396025289,-0.33136283814535517,Daily
2023-11-14,1.0701825618743896,0.8873312963057639,88733.1296305764,0.0010916021349414162,0.0010916021349414162,-0.1126687036942361,1.325627396025289,-0.33063295239197343,Daily
2023-11-15,1.0878314971923828,0.9019647366289762,90196.47366289762,0.01649151831354967,0.01649151831354967,-0.09803526337102375,1.325627396025289,-0.31959407346785884,Daily
2023-11-16,1.0854581594467163,0.8999969070889909,89999.6907088991,-0.002181714495114173,-0.002181714495114173,-0.10000309291100906,1.325627396025289,-0.32107852494033573,Daily
2023-11-17,1.0853756666183472,0.8999285089754909,89992.8508975491,-7.59981650617636e-05,-7.59981650617636e-05,-0.10007149102450907,1.325627396025289,-0.3211301217266612,Daily
2023-11-20,1.090702772140503,0.9043454258800732,90434.54258800732,0.00490807531990578,0.00490807531990578,-0.09565457411992684,1.325627396025289,-0.31779817723168036,Daily
2023-11-21,1.0945948362350464,0.9075724923651293,90757.24923651293,0.0035684002956233307,0.0035684002956233307,-0.09242750763487073,1.325627396025289,-0.3153638080456391,Daily
2023-11-22,1.0918222665786743,0.9052736436313416,90527.36436313415,-0.002532964312081498,-0.002532964312081498,-0.09472635636865845,1.325627396025289,-0.31709796708661886,Daily
2023-11-23,1.0890873670578003,0.9030060287181694,90300.60287181694,-0.002504894436201721,-0.002504894436201721,-0.09699397128183063,1.325627396025289,-0.3188085645893344,Daily
2023-11-24,1.0906314849853516,0.9042863188397944,90428.63188397944,0.0014178090521084208,0.0014178090521084208,-0.09571368116020562,1.325627396025289,-0.31784276520599053,Daily
2023-11-27,1.0940439701080322,0.9071157471592288,90711.57471592288,0.003128907582130136,0.003128907582130136,-0.09288425284077118,1.325627396025289,-0.31570835826183863,Daily
2023-11-28,1.095842361450195,0.9086068655700087,90860.68655700087,0.0016438017038613584,0.0016438017038613584,-0.09139313442999131,1.325627396025289,-0.31458351849521127,Daily
2023-11-29,1.100594401359558,0.9125469725041813,91254.69725041813,0.004336426548682049,0.004336426548682049,-0.08745302749581874,1.325627396025289,-0.31161126026790964,Daily
2023-11-30,1.0973695516586304,0.9098731202405977,90987.31202405978,-0.002930098224145139,-0.002930098224145139,-0.09012687975940226,1.325627396025289,-0.31362830689172017,Daily
2023-12-01,1.089205980300903,0.9031043757166265,90310.43757166265,-0.007439218033148842,-0.007439218033148842,-0.0968956242833735,1.325627396025289,-0.3187343755685341,Daily
2023-12-04,1.088814616203308,0.90277988004232,90277.988004232,-0.00035931137422406945,-0.00035931137422406945,-0.09722011995767998,1.325627396025289,-0.3189791620562602,Daily
2023-12-05,1.0837758779525757,0.8986020600113741,89860.20600113741,-0.004627728334785308,-0.004627728334785308,-0.1013979399886259,1.325627396025289,-0.32213074148459164,Daily
2023-12-06,1.0793657302856443,0.8949454296516492,89494.54296516493,-0.004069243241751064,-0.004069243241751064,-0.10505457034835075,1.325627396025289,-0.3248891563835963,Daily
2023-12-07,1.076669692993164,0.8927100369711376,89271.00369711376,-0.0024977977499497372,-0.0024977977499497372,-0.1072899630288624,1.325627396025289,-0.32657544672974803,Daily
2023-12-08,1.079214334487915,0.8948199013219602,89481.99013219602,0.00236343746955181,0.00236343746955181,-0.10518009867803979,1.325627396025289,-0.32498384990763285,Daily
2023-12-11,1.0765769481658936,0.8926331385140525,89263.31385140524,-0.002443802160275066,-0.002443802160275066,-0.10736686148594754,1.325627396025289,-0.32663345583344916,Daily
2023-12-12,1.076658010482788,0.8927003505330985,89270.03505330985,7.529635204650553e-05,7.529635204650553e-05,-0.10729964946690151,1.325627396025289,-0.3265827537890832,Daily
2023-12-13,1.0798670053482056,0.8953610569164863,89536.10569164863,0.0029805145498138508,0.0029805145498138508,-0.10463894308351374,1.325627396025289,-0.324575623888656,Daily
2023-12-14,1.0886130332946775,0.9026127395655447,90261.27395655446,0.008099171382360826,0.008099171382360826,-0.09738726043445534,1.325627396025289,-0.3191052461107061,Daily
2023-12-15,1.0993602275848389,0.9115236695142034,91152.36695142034,0.00987237334246771,0.00987237334246771,-0.08847633048579662,1.325627396025289,-0.3123831988933832,Daily
2023-12-18,1.0895264148712158,0.903370060874268,90337.0060874268,-0.008945032271384545,-0.008945032271384545,-0.09662993912573203,1.325627396025289,-0.3185339533696281,Daily
2023-12-19,1.092382788658142,0.9057383949748049,90573.8394974805,0.0026216654758792757,0.0026216654758792757,-0.0942616050251951,1.325627396025289,-0.3167473773621934,Daily
2023-12-20,1.0981045961380005,0.9104825751074193,91048.25751074193,0.0052379143458374244,0.0052379143458374244,-0.08951742489258074,1.325627396025289,-0.3131685586482478,Daily
2023-12-21,1.094570875167847,0.9075526252830292,90755.26252830292,-0.0032180185590530153,-0.0032180185590530153,-0.09244737471697084,1.325627396025289,-0.3153787949734589,Daily
2023-12-22,1.100618600845337,0.9125670372686906,91256.70372686906,0.005525202446632349,0.005525202446632349,-0.0874329627313094,1.325627396025289,-0.3115961242164298,Daily
2023-12-25,1.102657437324524,0.914257518388906,91425.7518388906,0.0018524459586826136,0.0018524459586826136,-0.08574248161109399,1.325627396025289,-0.3103208932387931,Daily
2023-12-26,1.1020255088806152,0.9137335611639594,91373.35611639594,-0.0005730958886396298,-0.0005730958886396298,-0.08626643883604057,1.325627396025289,-0.31071614549935855,Daily
2023-12-27,1.1043012142181396,0.915620439757476,91562.0439757476,0.002065020563667419,0.002065020563667419,-0.08437956024252402,1.325627396025289,-0.3092927601656108,Daily
2023-12-28,1.110864281654358,0.9210621422701033,92106.21422701034,0.005943185927641315,0.005943185927641315,-0.0789378577298967,1.325627396025289,-0.3051877586177072,Daily
2023-12-29,1.1068191528320312,0.9177081636784953,91770.81636784953,-0.003641424869924248,-0.003641424869924248,-0.08229183632150472,1.325627396025289,-0.3077178651934045,Daily
2024-01-01,1.1055831909179688,0.9166833780704502,91668.33780704501,-0.0011166791890979688,-0.0011166791890979688,-0.0833166219295498,1.325627396025289,-0.30849092224632724,Daily
2024-01-02,1.1038745641708374,0.9152666870866433,91526.66870866432,-0.0015454528986758032,-0.0015454528986758032,-0.08473331291335673,1.325627396025289,-0.30955961695500234,Daily
2024-01-03,1.0941756963729858,0.9072249666901788,90722.49666901788,-0.008786204622023064,-0.008786204622023064,-0.09277503330982118,1.325627396025289,-0.3156259674397437,Daily
2024-01-04,1.0927767753601074,0.9060650651556101,90606.50651556102,-0.0012785158887330672,-0.0012785158887330672,-0.09393493484438986,1.325627396025289,-0.31650095051420835,Daily
2024-01-05,1.0947387218475342,0.9076917936989363,90769.17936989362,0.001795377181932123,0.001795377181932123,-0.09230820630106373,1.325627396025289,-0.3152738119168893,Daily
2024-01-08,1.0942236185073853,0.9072647008543797,90726.47008543798,-0.00047052628163146704,-0.00047052628163146704,-0.09273529914562029,1.325627396025289,-0.31559599358410373,Daily
2024-01-09,1.095170259475708,0.9080495988591526,90804.95988591526,0.0008651256948868369,0.0008651256948868369,-0.0919504011408474,1.325627396025289,-0.31500389809246987,Daily
2024-01-10,1.093242645263672,0.9064513365827168,90645.13365827168,-0.0017601046005017995,-0.0017601046005017995,-0.09354866341728318,1.325627396025289,-0.31620956288276314,Daily
2024-01-11,1.0975141525268557,0.9099930146216317,90999.30146216317,0.003907190486658552,0.003907190486658552,-0.09000698537836826,1.325627396025289,-0.3135378633919905,Daily
2024-01-12,1.0981649160385132,0.9105325887568859,91053.2588756886,0.0005929431617435199,0.0005929431617435199,-0.08946741124311408,1.325627396025289,-0.31313083036229306,Daily
2024-01-15,1.094570875167847,0.9075526252830292,90755.26252830292,-0.0032727697071504025,-0.0032727697071504025,-0.09244737471697084,1.325627396025289,-0.3153787949734589,Daily
2024-01-16,1.094570875167847,0.9075526252830292,90755.26252830292,0.0,0.0,-0.09244737471697084,1.325627396025289,-0.3153787949734589,Daily
2024-01-17,1.087878942489624,0.9020040754283591,90200.40754283592,-0.006113749991015327,-0.006113749991015327,-0.09799592457164086,1.325627396025289,-0.3195643978595387,Daily
2024-01-18,1.0885775089263916,0.90258328488661,90258.328488661,0.0006421361876616238,0.0006421361876616238,-0.09741671511339,1.325627396025289,-0.319127465536031,Daily
2024-01-19,1.0879143476486206,0.9020334312660897,90203.34312660898,-0.0006091998707791202,-0.0006091998707791202,-0.0979665687339103,1.325627396025289,-0.31954225299604344,Daily
2024-01-22,1.089229702949524,0.9031240451163182,90312.40451163182,0.0012090614520767762,0.0012090614520767762,-0.09687595488368184,1.325627396025289,-0.3187195377643739,Daily
2024-01-23,1.088020920753479,0.9021217953028945,90212.17953028945,-0.0011097587522371777,-0.0011097587522371777,-0.09787820469710551,1.325627396025289,-0.31947559472006815,Daily
2024-01-24,1.0857881307601929,0.9002704995429905,90027.04995429906,-0.002052157224826101,-0.002052157224826101,-0.09972950045700946,1.325627396025289,-0.32087213779503376,Daily
2024-01-25,1.088174819946289,0.9022493992978776,90224.93992978777,0.002198116850315124,0.002198116850315124,-0.09775060070212238,1.325627396025289,-0.31937933539760255,Daily
2024-01-26,1.0847046375274658,0.899372131835475,89937.2131835475,-0.003188993491867853,-0.003188993491867853,-0.10062786816452496,1.325627396025289,-0.3215498302674503,Daily
2024-01-29,1.0843517780303955,0.8990795618702152,89907.95618702153,-0.0003253046819037264,-0.0003253046819037264,-0.1009204381297848,1.325627396025289,-0.32177053328410277,Daily
2024-01-30,1.0834470987319946,0.8983294559694193,89832.94559694192,-0.000834304251378648,-0.000834304251378648,-0.10167054403058073,1.325627396025289,-0.32233638301159406,Daily
2024-01-31,1.08433997631073,0.8990697765909718,89906.97765909717,0.0008241081449940069,0.0008241081449940069,-0.10093022340902824,1.325627396025289,-0.32177791490526775,Daily
2024-02-01,1.0803920030593872,0.8957963535810147,89579.63535810147,-0.003640899844691625,-0.003640899844691625,-0.10420364641898527,1.325627396025289,-0.32424725358955564,Daily
2024-02-02,1.0874648094177246,0.901660701083997,90166.0701083997,0.006546518613900432,0.006546518613900432,-0.09833929891600302,1.325627396025289,-0.31982342565678534,Daily
2024-02-05,1.0780043601989746,0.8938166630964918,89381.66630964918,-0.00869954515936533,-0.00869954515936533,-0.10618333690350823,1.325627396025289,-0.32574065248162654,Daily
2024-02-06,1.0741831064224243,0.8906483082868966,89064.83082868965,-0.0035447479784265212,-0.0035447479784265212,-0.10935169171310344,1.325627396025289,-0.32813073194067743,Daily
2024-02-07,1.075719952583313,0.8919225690950482,89192.25690950482,0.001430711534839757,0.001430711534839757,-0.10807743090495181,1.325627396025289,-0.3271694808289606,Daily
2024-02-08,1.077574610710144,0.8934603405543426,89346.03405543427,0.0017241086979722375,0.0017241086979722375,-0.10653965944565735,1.325627396025289,-0.32600944787859665,Daily
2024-02-09,1.077725529670715,0.8935854735192136,89358.54735192136,0.0001400543025706913,0.0001400543025706913,-0.10641452648078642,1.325627396025289,-0.32591505260188003,Daily
2024-02-12,1.0798202753067017,0.8953223111643303,89532.23111643303,0.0019436726497763512,0.0019436726497763512,-0.10467768883566975,1.325627396025289,-0.32460485212599643,Daily
2024-02-13,1.0772264003753662,0.8931716253960575,89317.16253960575,-0.0024021357911608865,-0.0024021357911608865,-0.10682837460394246,1.325627396025289,-0.32622724298388095,Daily
2024-02-14,1.070893168449402,0.8879204887256673,88792.04887256674,-0.005879202295596575,-0.005879202295596575,-0.11207951127433269,1.325627396025289,-0.33018848932364064,Daily
2024-02-15,1.073214769363403,0.8898454211829081,88984.5421182908,0.0021679108452643536,0.0021679108452643536,-0.1101545788170919,1.325627396025289,-0.32873639768536245,Daily
2024-02-16,1.0773887634277344,0.8933062471165588,89330.62471165588,0.0038892439644742094,0.0038892439644742094,-0.10669375288344118,1.325627396025289,-0.3261256897714889,Daily
2024-02-19,1.0784927606582642,0.8942216155112449,89422.16155112449,0.0010246971826748386,0.0010246971826748386,-0.1057783844887551,1.325627396025289,-0.32543517266432087,Daily
2024-02-20,1.0775396823883057,0.8934313800814301,89343.13800814301,-0.0008837131826242572,-0.0008837131826242572,-0.10656861991856992,1.325627396025289,-0.3260312944947721,Daily
2024-02-21,1.0813149213790894,0.8965615821860962,89656.15821860962,0.003503573049315589,0.003503573049315589,-0.10343841781390384,1.325627396025289,-0.3236699959020819,Daily
2024-02-22,1.082040309906006,0.897163030915355,89716.3030915355,0.0006708392833343346,0.0006708392833343346,-0.10283696908464501,1.325627396025289,-0.32321628716683537,Daily
2024-02-23,1.0825674533843994,0.8976001067215639,89760.0106721564,0.00048717545323162526,0.00048717545323162526,-0.10239989327843613,1.325627396025289,-0.322886574754796,Daily
2024-02-26,1.0820051431655884,0.8971338727600333,89713.38727600333,-0.0005194228009101076,-0.0005194228009101076,-0.10286612723996669,1.325627396025289,-0.3232382829066708,Daily
2024-02-27,1.0850930213928225,0.89969415647967,89969.415647967,0.00285384801240407,0.00285384801240407,-0.10030584352033001,1.325627396025289,-0.32130690782547267,Daily
2024-02-28,1.084481120109558,0.8991868045770758,89918.68045770758,-0.0005639159695994822,-0.0005639159695994822,-0.10081319542292422,1.325627396025289,-0.3216896336986068,Daily
2024-02-29,1.0838816165924072,0.8986897321597476,89868.97321597475,-0.0005528021705812902,-0.0005528021705812902,-0.10131026784025243,1.325627396025289,-0.322064605141426,Daily
2024-03-01,1.0804970264434814,0.8958834326821613,89588.34326821614,-0.0031226566602047257,-0.0031226566602047257,-0.10411656731783869,1.325627396025289,-0.3241815646173696,Daily
2024-03-04,1.084269404411316,0.8990112625979199,89901.12625979198,0.003491335816306229,0.003491335816306229,-0.10098873740208014,1.325627396025289,-0.3218220555085982,Daily
2024-03-05,1.0855170488357544,0.9000457346440038,90004.57346440038,0.0011506775155347704,0.0011506775155347704,-0.09995426535599616,1.325627396025289,-0.3210416913963403,Daily
2024-03-06,1.0855995416641235,0.9001141327575037,90011.41327575037,7.599404215485883e-05,7.599404215485883e-05,-0.09988586724249626,1.325627396025289,-0.32099009461001493,Daily
2024-03-07,1.089953899383545,0.9037245054335321,90372.45054335322,0.004011016541833445,0.004011016541833445,-0.09627549456646789,1.325627396025289,-0.3182665746474269,Daily
2024-03-08,1.0950144529342651,0.9079204134048977,90792.04134048977,0.004642906047294559,0.004642906047294559,-0.09207958659510229,1.325627396025289,-0.3151013504042146,Daily
2024-03-11,1.0942955017089844,0.9073243021006809,90732.4302100681,-0.0006565677953876969,-0.0006565677953876969,-0.09267569789931906,1.325627396025289,-0.3155510328006438,Daily
2024-03-12,1.093135118484497,0.906362181816276,90636.2181816276,-0.0010603929401840073,-0.0010603929401840073,-0.09363781818372396,1.325627396025289,-0.31627681765337823,Daily
2024-03-13,1.0927767753601074,0.9060650651556101,90606.50651556102,-0.0003278122880970846,-0.0003278122880970846,-0.09393493484438986,1.325627396025289,-0.31650095051420835,Daily
2024-03-14,1.0955302715301514,0.9083480992966813,90834.80992966813,0.0025197242768422168,0.0025197242768422168,-0.09165190070331874,1.325627396025289,-0.3147787213660205,Daily
2024-03-15,1.0883406400680542,0.9023868874133089,90238.68874133089,-0.006562695389562778,-0.006562695389562778,-0.09761311258669114,1.325627396025289,-0.3192756198921419,Daily
2024-03-18,1.0882576704025269,0.9023180939349911,90231.8093934991,-7.623501546549782e-05,-7.623501546549782e-05,-0.09768190606500893,1.325627396025289,-0.31932751492578715,Daily
2024-03-19,1.087393879890442,0.9016018905673315,90160.18905673316,-0.0007937371227215717,-0.0007937371227215717,-0.09839810943266847,1.325627396025289,-0.3198677899456057,Daily
2024-03-20,1.0863306522369385,0.9007203258645775,90072.03258645775,-0.0009777760139780822,-0.0009777760139780822,-0.09927967413542249,1.325627396025289,-0.32053280690693076,Daily
2024-03-21,1.0937210321426392,0.9068479863362936,90684.79863362935,0.006803066718666928,0.006803066718666928,-0.0931520136637064,1.325627396025289,-0.31591034625917336,Daily
2024-03-22,1.0862362384796145,0.9006420436306298,90064.20436306298,-0.006843421167792463,-0.006843421167792463,-0.09935795636937017,1.325627396025289,-0.32059185987625116,Daily
2024-03-25,1.0807539224624634,0.8960964354778149,89609.6435477815,-0.005047075233675313,-0.005047075233675313,-0.10390356452218508,1.325627396025289,-0.3240208838738271,Daily
2024-03-26,1.0838228464126587,0.8986410034459391,89864.10034459391,0.002839613982804634,0.002839613982804634,-0.10135899655406089,1.325627396025289,-0.32210136412359136,Daily
2024-03-27,1.0832358598709106,0.8981543093550812,89815.43093550812,-0.0005415890093948272,-0.0005415890093948272,-0.10184569064491877,1.325627396025289,-0.32246850657426573,Daily
2024-03-28,1.0813382863998413,0.8965809550621742,89658.09550621742,-0.0017517638968261862,-0.0017517638968261862,-0.10341904493782583,1.325627396025289,-0.3236553817834117,Daily
2024-03-29,1.0794472694396973,0.8950130370355135,89501.30370355136,-0.0017487746285576034,-0.0017487746285576034,-0.10498696296448651,1.325627396025289,-0.32483815609191036,Daily
2024-04-01,1.0792726278305054,0.8948682346709507,89486.82346709506,-0.00016178799477872818,-0.00016178799477872818,-0.10513176532904933,1.325627396025289,-0.3249473891727873,Daily
2024-04-02,1.0737217664718628,0.8902657928255603,89026.57928255603,-0.005143150317636125,-0.005143150317636125,-0.10973420717443971,1.325627396025289,-0.32841928622258443,Daily
2024-04-03,1.076855182647705,0.8928638338853079,89286.38338853078,0.0029182757337018472,0.0029182757337018472,-0.10713616611469212,1.325627396025289,-0.32645942852234566,Daily
2024-04-04,1.0838346481323242,0.8986507887251826,89865.07887251825,0.00648134084980545,0.00648134084980545,-0.10134921127481744,1.325627396025289,-0.32209398250242627,Daily
2024-04-05,1.0837054252624512,0.8985436448595265,89854.36448595265,-0.0001192274763459622,-0.0001192274763459622,-0.10145635514047346,1.325627396025289,-0.3221748075260923,Daily
2024-04-08,1.0830481052398682,0.8979986344580259,89799.86344580259,-0.0006065486129901432,-0.0006065486129901432,-0.10200136554197414,1.325627396025289,-0.32258594145643715,Daily
2024-04-09,1.0863661766052246,0.9007497805435124,90074.97805435125,0.0030636417249643166,0.0030636417249643166,-0.0992502194564876,1.325627396025289,-0.32051058748160566,Daily
2024-04-10,1.0859296321868896,0.900387824052708,90038.7824052708,-0.0004018391107305508,-0.0004018391107305508,-0.09961217594729199,1.325627396025289,-0.3207836329028829,Daily
2024-04-11,1.074171543121338,0.890638720690062,89063.8720690062,-0.010827671256997462,-0.010827671256997462,-0.109361279309938,1.325627396025289,-0.32813796443818266,Daily
2024-04-12,1.0726851224899292,0.8894062697114052,88940.62697114052,-0.0013837832894822988,-0.0013837832894822988,-0.11059373028859476,1.325627396025289,-0.32906767589583064,Daily
2024-04-15,1.0649627447128296,0.8830033364852133,88300.33364852134,-0.007199109613056254,-0.007199109613056254,-0.11699666351478666,1.325627396025289,-0.3338977912399991,Daily
2024-04-16,1.0625749826431274,0.881023547159486,88102.3547159486,-0.002242108544694532,-0.002242108544694532,-0.11897645284051395,1.325627396025289,-0.3353912646938998,Daily
2024-04-17,1.0621461868286133,0.8806680153469727,88066.80153469727,-0.00040354405243725466,-0.00040354405243725466,-0.1193319846530273,1.325627396025289,-0.33565946359623045,Daily
2024-04-18,1.0669398307800293,0.8846426178615084,88464.26178615085,0.00451316778317401,0.00451316778317401,-0.11535738213849156,1.325627396025289,-0.3326611832902764,Daily
2024-04-19,1.0644185543060305,0.882552126386764,88255.2126386764,-0.002363091527059713,-0.002363091527059713,-0.11744787361323605,1.325627396025289,-0.33423816599372125,Daily
2024-04-22,1.065825343132019,0.8837185514408282,88371.85514408282,0.0013216500410460075,0.0013216500410460075,-0.11628144855917177,1.325627396025289,-0.33335826183847994,Daily
2024-04-23,1.065405249595642,0.8833702350362419,88337.0235036242,-0.00039414857141839565,-0.00039414857141839565,-0.1166297649637581,1.325627396025289,-0.3336210177272242,Daily
2024-04-24,1.0704345703125,0.8875402466120338,88754.02466120338,0.004720570617393394,0.004720570617393394,-0.11245975338796621,1.325627396025289,-0.33047532868345897,Daily
2024-04-25,1.0699878931045532,0.8871698886188486,88716.98886188486,-0.0004172858578515015,-0.0004172858578515015,-0.1128301113811514,1.325627396025289,-0.33075471186028194,Daily
2024-04-26,1.072961449623108,0.8896353836233891,88963.5383623389,0.002779056228315868,0.002779056228315868,-0.11036461637661088,1.325627396025289,-0.32889484157400617,Daily
2024-04-29,1.0706866979599,0.8877492957595083,88774.92957595084,-0.002120068399481756,-0.002120068399481756,-0.11225070424049166,1.325627396025289,-0.33031763041311435,Daily
2024-04-30,1.0715701580047607,0.888481807925907,88848.1807925907,0.0008251340439218158,0.0008251340439218158,-0.11151819207409297,1.325627396025289,-0.32976505269135403,Daily
2024-05-01,1.0666552782058716,0.8844066839064155,88440.66839064156,-0.004586615036051844,-0.004586615036051844,-0.11559331609358448,1.325627396025289,-0.3328391623783673,Daily
2024-05-02,1.0721560716629028,0.8889676124459246,88896.76124459246,0.00515704892613833,0.00515704892613833,-0.1110323875540754,1.325627396025289,-0.32939858129714916,Daily
2024-05-03,1.073306918144226,0.8899218254339711,88992.18254339711,0.0010733945474359352,0.0010733945474359352,-0.11007817456602886,1.325627396025289,-0.32867876139081076,Daily
2024-05-06,1.0758124589920044,0.8919992698697243,89199.92698697244,0.00233441227800002,0.00233441227800002,-0.10800073013027567,1.325627396025289,-0.3271116208489193,Daily
2024-05-07,1.0767507553100586,0.8927772489901838,89277.72489901839,0.000872174615762944,0.000872174615762944,-0.10722275100981615,1.325627396025289,-0.32652474468538184,Daily
2024-05-08,1.0750491619110107,0.8913663896374412,89136.63896374412,-0.0015803038824504512,-0.0015803038824504512,-0.10863361036255881,1.325627396025289,-0.3275890402460899,Daily
2024-05-09,1.0746910572052002,0.8910694706591843,89106.94706591843,-0.00033310542298736756,-0.00033310542298736756,-0.10893052934081571,1.325627396025289,-0.32781302398326007,Daily
2024-05-10,1.078515887260437,0.894240790704914,89424.0790704914,0.00355900426414979,0.00355900426414979,-0.10575920929508598,1.325627396025289,-0.3254207076693105,Daily
2024-05-13,1.077040672302246,0.8930176307994783,89301.76307994782,-0.0013678194040684932,-0.0013678194040684932,-0.10698236920052173,1.325627396025289,-0.3263434103149433,Daily
2024-05-14,1.079354166984558,0.8949358420548148,89493.58420548149,0.002148010508615794,0.002148010508615794,-0.1050641579451852,1.325627396025289,-0.3248963888811014,Daily
2024-05-15,1.0814552307128906,0.8966779182837687,89667.79182837688,0.001946593428366894,0.001946593428366894,-0.10332208171623125,1.325627396025289,-0.3235822366282306,Daily
2024-05-16,1.0889805555343628,0.9029174669989557,90291.74669989556,0.006958517197712899,0.006958517197712899,-0.0970825330010443,1.325627396025289,-0.31887537198896965,Daily
2024-05-17,1.0867793560028076,0.9010923641582389,90109.23641582389,-0.002021339610122852,-0.002021339610122852,-0.0989076358417611,1.325627396025289,-0.3202521561789986,Daily
2024-05-20,1.0875475406646729,0.9017292968799058,90172.92968799057,0.0007068450993499287,0.0007068450993499287,-0.09827070312009423,1.325627396025289,-0.3197716797468,Daily
2024-05-21,1.086082935333252,0.9005149338416688,90051.49338416688,-0.001346704651206121,-0.001346704651206121,-0.09948506615833119,1.325627396025289,-0.3206877463895671,Daily
2024-05-22,1.0855170488357544,0.9000457346440038,90004.57346440038,-0.0005210343327270994,-0.0005210343327270994,-0.09995426535599616,1.325627396025289,-0.3210416913963403,Daily
2024-05-23,1.0825204849243164,0.8975611632869989,89756.11632869989,-0.0027604945630764766,-0.0027604945630764766,-0.10243883671300114,1.325627396025289,-0.3229159521157964,Daily
2024-05-24,1.0812681913375854,0.8965228364339402,89652.28364339401,-0.0011568313063549107,-0.0011568313063549107,-0.10347716356605985,1.325627396025289,-0.3236992241394223,Daily
2024-05-27,1.0847634077072144,0.8994208605492835,89942.08605492835,0.0032325156678336686,0.0032325156678336686,-0.1005791394507165,1.325627396025289,-0.32151307128528495,Daily
2024-05-28,1.0861891508102417,0.9006030013548602,90060.30013548602,0.0013143355434903636,0.0013143355434903636,-0.09939699864513984,1.325627396025289,-0.3206213117990816,Daily
2024-05-29,1.0851871967315674,0.8997722410312087,89977.22410312087,-0.0009224489840714556,-0.0009224489840714556,-0.10022775896879133,1.325627396025289,-0.32124800397981235,Daily
2024-05-30,1.0801819562911987,0.8956221953787216,89562.21953787215,-0.004612329057552156,-0.004612329057552156,-0.10437780462127844,1.325627396025289,-0.32437863153392776,Daily
2024-05-31,1.0835410356521606,0.8984073428385492,89840.73428385492,0.0031097347455193436,0.0031097347455193436,-0.10159265716145083,1.325627396025289,-0.3222776282895934,Daily
2024-06-03,1.0853049755096436,0.8998698961412346,89986.98961412346,0.0016279400589764847,0.0016279400589764847,-0.10013010385876542,1.325627396025289,-0.3211743368918216,Daily
2024-06-04,1.0907385349273682,0.9043750782414172,90437.50782414172,0.005006481625289938,0.005006481625289938,-0.09562492175858284,1.325627396025289,-0.3177758086826953,Daily
2024-06-05,1.0881866216659546,0.9022591845771212,90225.91845771212,-0.0023396196060714303,-0.0023396196060714303,-0.09774081542287882,1.325627396025289,-0.31937195377643746,Daily
2024-06-06,1.087453007698059,0.9016509158047534,90165.09158047535,-0.000674161906872528,-0.000674161906872528,-0.09834908419524657,1.325627396025289,-0.31983080727795044,Daily
2024-06-07,1.0894432067871094,0.9033010697135412,90330.10697135412,0.0018301472109247818,0.0018301472109247818,-0.09669893028645882,1.325627396025289,-0.3185859975269333,Daily
2024-06-10,1.077888250350952,0.8937203917633284,89372.03917633284,-0.010606295366450746,-0.010606295366450746,-0.1062796082366716,1.325627396025289,-0.3258132757039981,Daily
2024-06-11,1.0764262676239014,0.8925082032315901,89250.820323159,-0.0013563397936424693,-0.0013563397936424693,-0.10749179676840992,1.325627396025289,-0.32672770198650625,Daily
2024-06-12,1.07403302192688,0.8905238672104568,89052.38672104568,-0.0022233252467017683,-0.0022233252467017683,-0.10947613278954316,1.325627396025289,-0.3282246052845845,Daily
2024-06-13,1.0813149213790894,0.8965615821860962,89656.15821860962,0.006779958626546678,0.006779958626546678,-0.10343841781390384,1.325627396025289,-0.3236699959020819,Daily
2024-06-14,1.0738831758499146,0.8903996238164258,89039.96238164257,-0.006872877995335869,-0.006872877995335869,-0.10960037618357421,1.325627396025289,-0.32831832950483186,Daily
2024-06-17,1.0702168941497805,0.8873597625726543,88735.97625726543,-0.0034140414735824853,-0.0034140414735824853,-0.11264023742734575,1.325627396025289,-0.33061147858494755,Daily
2024-06-18,1.0740677118301392,0.8905526300009603,89055.26300009603,0.0035981656628751857,0.0035981656628751857,-0.1094473699990397,1.325627396025289,-0.3282029077920692,Daily
2024-06-19,1.0742292404174805,0.8906865598330301,89068.65598330302,0.0001503895755938789,0.0001503895755938789,-0.10931344016696987,1.325627396025289,-0.3281018765124868,Daily
2024-06-20,1.0751532316207886,0.891452678008952,89145.2678008952,0.0008601434112416317,0.0008601434112416317,-0.108547321991048,1.325627396025289,-0.32752394776854343,Daily
2024-06-21,1.0706409215927124,0.8877113407369882,88771.13407369882,-0.004196899470109816,-0.004196899470109816,-0.11228865926301179,1.325627396025289,-0.3303462621558152,Daily
2024-06-24,1.0687757730484009,0.8861648712516995,88616.48712516995,-0.0017420859848481518,-0.0017420859848481518,-0.11383512874830048,1.325627396025289,-0.33151285654721474,Daily
2024-06-25,1.0732723474502563,0.889893161484672,88989.3161484672,0.004207219620098845,0.004207219620098845,-0.11010683851532799,1.325627396025289,-0.3287003843214963,Daily
2024-06-26,1.0709619522094729,0.887977520100652,88797.7520100652,-0.0021526644623540703,-0.0021526644623540703,-0.112022479899348,1.325627396025289,-0.3301454671477594,Daily
2024-06-27,1.068010926246643,0.8855307060837582,88553.07060837581,-0.0027554909460055788,-0.0027554909460055788,-0.11446929391624183,1.325627396025289,-0.3319912452481746,Daily
2024-06-28,1.0708472728729248,0.8878824348619424,88788.24348619425,0.002655728098446941,0.002655728098446941,-0.1121175651380576,1.325627396025289,-0.33021719562817153,Daily
2024-07-01,1.0735257863998413,0.8901032978853958,89010.32978853957,0.002501303028704216,0.002501303028704216,-0.10989670211460423,1.325627396025289,-0.3285418658710224,Daily
2024-07-02,1.0737102031707764,0.8902562052287258,89025.62052287259,0.00017178606538514885,0.00017178606538514885,-0.10974379477127416,1.325627396025289,-0.32842651872008954,Daily
2024-07-03,1.0748412609100342,0.8911940105768287,89119.40105768287,0.0010534106278561328,0.0010534106278561328,-0.10880598942317132,1.325627396025289,-0.32771907607752293,Daily
2024-07-04,1.0793308019638062,0.8949164691787368,89491.64691787367,0.004176934043238045,0.004176934043238045,-0.1050835308212632,1.325627396025289,-0.3249110029997716,Daily
2024-07-05,1.0810693502426147,0.896357969304868,89635.7969304868,0.0016107649996139894,0.0016107649996139894,-0.103642030695132,1.325627396025289,-0.32382359327177923,Daily
2024-07-08,1.082602620124817,0.8976292648768853,89762.92648768853,0.0014182900309385182,0.0014182900309385182,-0.10237073512311468,1.325627396025289,-0.3228645790149608,Daily
2024-07-09,1.0830950736999512,0.8980375778925909,89803.75778925909,0.000454879349061299,0.000454879349061299,-0.10196242210740913,1.325627396025289,-0.32255656409543676,Daily
2024-07-10,1.0814785957336426,0.8966972911598468,89669.72911598468,-0.0014924617474130208,-0.0014924617474130208,-0.10330270884015325,1.325627396025289,-0.3235676225095604,Daily
2024-07-11,1.083329677581787,0.8982320973830068,89823.20973830068,0.00171162134456182,0.00171162134456182,-0.1017679026169932,1.325627396025289,-0.322409826414095,Daily
2024-07-12,1.0872756242752075,0.9015038400924877,90150.38400924878,0.0036424246238953017,0.0036424246238953017,-0.09849615990751226,1.325627396025289,-0.3199417552809162,Daily
2024-07-15,1.0885539054870603,0.9025637143281229,90256.37143281229,0.0011756735673209562,0.0011756735673209562,-0.09743628567187712,1.325627396025289,-0.3191422287783612,Daily
2024-07-16,1.0901559591293335,0.903892041275125,90389.20412751251,0.0014717265118406875,0.0014717265118406875,-0.09610795872487499,1.325627396025289,-0.3181401923456616,Daily
2024-07-17,1.0902509689331057,0.9039708177150955,90397.08177150955,8.71524876568941e-05,8.71524876568941e-05,-0.09602918228490454,1.325627396025289,-0.3180807665671912,Daily
2024-07-18,1.094020128250122,0.9070959789183329,90709.5978918333,0.0034571483304479678,0.0034571483304479678,-0.09290402108166707,1.325627396025289,-0.31572327062782857,Daily
2024-07-19,1.0901559591293335,0.903892041275125,90389.20412751251,-0.00353208229081603,-0.00353208229081603,-0.09610795872487499,1.325627396025289,-0.3181401923456616,Daily
2024-07-22,1.0899182558059692,0.9036949519133927,90369.49519133927,-0.0002180452451537862,-0.0002180452451537862,-0.09630504808660734,1.325627396025289,-0.31828886863458206,Daily
2024-07-23,1.0889805555343628,0.9029174669989557,90291.74669989556,-0.0008603399994553396,-0.0008603399994553396,-0.0970825330010443,1.325627396025289,-0.31887537198896965,Daily
2024-07-24,1.0850694179534912,0.8996745859211829,89967.45859211829,-0.003591558693123109,-0.003591558693123109,-0.10032541407881712,1.325627396025289,-0.32132167106780296,Daily
2024-07-25,1.0839520692825315,0.8987481473115949,89874.8147311595,-0.001029748560296806,-0.001029748560296806,-0.10125185268840509,1.325627396025289,-0.32202053909992556,Daily
2024-07-26,1.0851283073425293,0.8997234134761958,89972.34134761957,0.0010851384423078425,0.0010851384423078425,-0.10027658652380422,1.325627396025289,-0.32128483752380765,Daily
2024-07-29,1.0853756666183472,0.8999285089754909,89992.8508975491,0.00022795394253738444,0.00022795394253738444,-0.10007149102450907,1.325627396025289,-0.3211301217266612,Daily
2024-07-30,1.081946611404419,0.8970853417286339,89708.53417286338,-0.003159325678096181,-0.003159325678096181,-0.10291465827136614,1.325627396025289,-0.3232748927651762,Daily
2024-07-31,1.081607222557068,0.8968039408194804,89680.39408194805,-0.0003136835438768415,-0.0003136835438768415,-0.10319605918051955,1.325627396025289,-0.32348717029504404,Daily
2024-08-01,1.082391619682312,0.8974543159449564,89745.43159449563,0.0007252143928824228,0.0007252143928824228,-0.1025456840550436,1.325627396025289,-0.3229965534539724,Daily
2024-08-02,1.078760266304016,0.894443415174097,89444.3415174097,-0.0033549348611568997,-0.0033549348611568997,-0.10555658482590302,1.325627396025289,-0.3252678559179131,Daily
2024-08-05,1.0910836458206177,0.9046612235283856,90466.12235283856,0.011423649815007986,0.011423649815007986,-0.09533877647161437,1.325627396025289,-0.3175599521849898,Daily
2024-08-06,1.0950982570648191,0.9079898987716467,90798.98987716467,0.0036794715598380545,0.0036794715598380545,-0.09201010122835329,1.325627396025289,-0.31504893343775986,Daily
2024-08-07,1.0926215648651123,0.9059363739073776,90593.63739073776,-0.002261616420014323,-0.002261616420014323,-0.09406362609262242,1.325627396025289,-0.3165980300168034,Daily
2024-08-08,1.0928125381469729,0.9060947175169543,90609.47175169543,0.00017478447067276193,0.00017478447067276193,-0.09390528248304575,1.325627396025289,-0.31647858196522305,Daily
2024-08-09,1.0915720462799072,0.9050661759431389,90506.61759431388,-0.0011351369276646484,-0.0011351369276646484,-0.09493382405686113,1.325627396025289,-0.3172544723676841,Daily
2024-08-12,1.091381311416626,0.9049080300159714,90490.80300159715,-0.00017473410383794796,-0.00017473410383794796,-0.09509196998402858,1.325627396025289,-0.3173737712956043,Daily
2024-08-13,1.0936251878738403,0.9067685180078918,90676.85180078918,0.002055996775592206,0.002055996775592206,-0.09323148199210818,1.325627396025289,-0.3159702939704533,Daily
2024-08-14,1.0996986627578735,0.9118042796937211,91180.42796937212,0.005553525057191644,0.005553525057191644,-0.08819572030627887,1.325627396025289,-0.3121715178581549,Daily
2024-08-15,1.101321578025818,0.9131499038515073,91314.99038515073,0.001475781796328235,0.001475781796328235,-0.0868500961484927,1.325627396025289,-0.3111564331052138,Daily
2024-08-16,1.0972732305526731,0.909793256547378,90979.3256547378,-0.0036758995319077226,-0.0036758995319077226,-0.09020674345262203,1.325627396025289,-0.31368855285032005,Daily
2024-08-19,1.1024993658065796,0.9141264549517661,91412.64549517662,0.004762838560523619,0.004762838560523619,-0.08587354504823386,1.325627396025289,-0.31041976222530676,Daily
2024-08-20,1.1086474657058716,0.9192240912315995,91922.40912315996,0.005576511052950872,0.005576511052950872,-0.08077590876840046,1.325627396025289,-0.30657431040745964,Daily
2024-08-21,1.112792730331421,0.9226610964349705,92266.10964349705,0.0037390286396496997,0.0037390286396496997,-0.07733890356502948,1.325627396025289,-0.3039815718946043,Daily
2024-08-22,1.115536093711853,0.9249357290736607,92493.57290736608,0.0024652959222828397,0.0024652959222828397,-0.07506427092633927,1.325627396025289,-0.30226568050196223,Daily
2024-08-23,1.111716389656067,0.9217686591997238,92176.86591997238,-0.003424097236581769,-0.003424097236581769,-0.07823134080027616,1.325627396025289,-0.3046547906572238,Daily
2024-08-26,1.118793487548828,0.9276365649860671,92763.65649860671,0.006365920264025604,0.006365920264025604,-0.07236343501393294,1.325627396025289,-0.3002282784985755,Daily
2024-08-27,1.1164700984954834,0.9257101499107588,92571.01499107588,-0.0020766916139589586,-0.0020766916139589586,-0.07428985008924116,1.325627396025289,-0.3016814885643031,Daily
2024-08-28,1.117793083190918,0.926807089598074,92680.7089598074,0.0011849710056877072,0.0011849710056877072,-0.07319291040192599,1.325627396025289,-0.30085400137551666,Daily
2024-08-29,1.1124955415725708,0.9224146853122027,92241.46853122028,-0.00473928645472077,-0.00473928645472077,-0.07758531468779728,1.325627396025289,-0.30416745453666993,Daily
2024-08-30,1.10804545879364,0.9187249431489771,91872.49431489772,-0.004000090438691095,-0.004000090438691095,-0.08127505685102288,1.325627396025289,-0.30695084764870784,Daily
2024-09-02,1.1044842004776,0.9157721610063523,91577.21610063523,-0.0032140001908558258,-0.0032140001908558258,-0.08422783899364772,1.325627396025289,-0.30917830775663735,Daily
2024-09-03,1.1067456007003784,0.9176471786553313,91764.71786553312,0.0020474717717107183,0.0020474717717107183,-0.0823528213446687,1.325627396025289,-0.3077638698424837,Daily
2024-09-04,1.1048868894577026,0.9161060465950845,91610.60465950845,-0.0016794385642912024,-0.0016794385642912024,-0.08389395340491546,1.325627396025289,-0.3089264378950659,Daily
2024-09-05,1.10804545879364,0.9187249431489771,91872.49431489772,0.0028587264145087943,0.0028587264145087943,-0.08127505685102288,1.325627396025289,-0.30695084764870784,Daily
2024-09-06,1.1111111640930176,0.9212668424045806,92126.68424045805,0.0027667685247456664,0.0027667685247456664,-0.07873315759541943,1.325627396025289,-0.3050333410678806,Daily
2024-09-09,1.1087212562561035,0.9192852739371725,91928.52739371725,-0.002150916950658943,-0.002150916950658943,-0.08071472606282748,1.325627396025289,-0.30652815663472044,Daily
2024-09-10,1.1037527322769165,0.9151656713756652,91516.56713756651,-0.0044813102943155325,-0.0044813102943155325,-0.08483432862433482,1.325627396025289,-0.3096358191452113,Daily
2024-09-11,1.1020983457565308,0.9137939531398965,91379.39531398965,-0.0014988742242775244,-0.0014988742242775244,-0.08620604686010347,1.325627396025289,-0.31067058822125904,Daily
2024-09-12,1.1010911464691162,0.912958843803248,91295.8843803248,-0.0009138923865483761,-0.0009138923865483761,-0.08704115619675201,1.325627396025289,-0.3113005611225075,Daily
2024-09-13,1.1077877283096311,0.9185112484648922,91851.12484648921,0.006081768854457659,0.006081768854457659,-0.08148875153510782,1.325627396025289,-0.30711205032505995,Daily
2024-09-16,1.1088441610336304,0.919387179218991,91938.71792189911,0.0009536418367905863,0.0009536418367905863,-0.08061282078100895,1.325627396025289,-0.30645128338804184,Daily
2024-09-17,1.1129536628723145,0.9227945320610181,92279.45320610181,0.003706113070797379,0.003706113070797379,-0.07720546793898186,1.325627396025289,-0.30388091342417156,Daily
2024-09-18,1.1123099327087402,0.922260789556828,92226.0789556828,-0.0005783979918021487,-0.0005783979918021487,-0.077739210443172,1.325627396025289,-0.3042835473059021,Daily
2024-09-19,1.1114816665649414,0.9215740408681034,92157.40408681033,-0.0007446361121506984,-0.0007446361121506984,-0.07842595913189665,1.325627396025289,-0.3048016029003956,Daily
2024-09-20,1.1161960363388062,0.9254829139816602,92548.29139816601,0.004241518250529985,0.004241518250529985,-0.07451708601833984,1.325627396025289,-0.3018529062113584,Daily
2024-09-23,1.1160838603973389,0.9253899044082448,92538.99044082448,-0.00010049842305059897,-0.00010049842305059897,-0.07461009559175524,1.325627396025289,-0.3019230688933414,Daily
2024-09-24,1.111172795295715,0.9213179433072963,92131.79433072964,-0.004400265316869101,-0.004400265316869101,-0.07868205669270367,1.325627396025289,-0.3049947926017965,Daily
2024-09-25,1.1191190481185913,0.9279065003155011,92790.65003155012,0.007151230534546693,0.007151230534546693,-0.07209349968449885,1.325627396025289,-0.30002465014098156,Daily
2024-09-26,1.1131023168563845,0.9229177870430044,92291.77870430044,-0.005376310297212639,-0.005376310297212639,-0.07708221295699558,1.325627396025289,-0.30378793482222366,Daily
2024-09-27,1.117717981338501,0.9267448196392519,92674.4819639252,0.00414666685372822,0.00414666685372822,-0.07325518036074807,1.325627396025289,-0.3009009753283852,Daily
2024-09-30,1.1169815063476562,0.9261341786779765,92613.41786779766,-0.0006589094951866548,-0.0006589094951866548,-0.07386582132202346,1.325627396025289,-0.30136161831381714,Daily
2024-10-01,1.113660216331482,0.923380363879969,92338.03638799691,-0.0029734512140978664,-0.0029734512140978664,-0.07661963612003098,1.325627396025289,-0.30343898545805725,Daily
2024-10-02,1.1063904762268066,0.9173527307071864,91735.27307071864,-0.006527790072830886,-0.006527790072830886,-0.08264726929281363,1.325627396025289,-0.3079859895339051,Daily
2024-10-03,1.1048502922058103,0.9160757023453091,91607.57023453091,-0.001392079970038096,-0.001392079970038096,-0.0839242976546909,1.325627396025289,-0.30894932837686073,Daily
2024-10-04,1.103557825088501,0.9150040660063409,91500.40660063409,-0.0011698119884903102,-0.0011698119884903102,-0.08499593399365912,1.325627396025289,-0.3097577277371798,Daily
2024-10-07,1.0974539518356323,0.9099430998133694,90994.30998133693,-0.00553108601479857,-0.00553108601479857,-0.0900569001866306,1.325627396025289,-0.3135755171161154,Daily
2024-10-08,1.0975743532180786,0.9100429294298937,91004.29294298937,0.00010970973519630611,0.00010970973519630611,-0.08995707057010627,1.325627396025289,-0.31350020966786585,Daily
2024-10-09,1.0975743532180786,0.9100429294298937,91004.29294298937,0.0,0.0,-0.08995707057010627,1.325627396025289,-0.31350020966786585,Daily
2024-10-10,1.0943313837051392,0.9073540533032293,90735.40533032293,-0.002954669543280719,-0.002954669543280719,-0.09264594669677073,1.325627396025289,-0.3155285896898289,Daily
2024-10-11,1.0933860540390017,0.9065702425517058,90657.02425517059,-0.0008638422329960704,-0.0008638422329960704,-0.09342975744829418,1.325627396025289,-0.31611986500133316,Daily
2024-10-14,1.0925379991531372,0.9058670862230375,90586.70862230375,-0.0007756225559414354,-0.0007756225559414354,-0.09413291377696253,1.325627396025289,-0.3166502978595983,Daily
2024-10-15,1.0909169912338257,0.9045230435245232,90452.30435245232,-0.001483708503107417,-0.001483708503107417,-0.09547695647547683,1.325627396025289,-0.31766418962325993,Daily
2024-10-16,1.0884116888046265,0.9024457967711788,90244.57967711787,-0.002296510595518164,-0.002296510595518164,-0.09755420322882125,1.325627396025289,-0.3192311810414916,Daily
2024-10-17,1.0862481594085691,0.9006519277510774,90065.19277510775,-0.0019877858886589994,-0.0019877858886589994,-0.09934807224892261,1.325627396025289,-0.32058440369325647,Daily
2024-10-18,1.0829542875289917,0.8979208464301003,89792.08464301004,-0.0030323382838879365,-0.0030323382838879365,-0.10207915356989972,1.325627396025289,-0.3226446216166079,Daily
2024-10-21,1.0868619680404663,0.9011608611129434,90116.08611129434,0.003608352223611444,0.003608352223611444,-0.09883913888705664,1.325627396025289,-0.32020048483084307,Daily
2024-10-22,1.0817828178405762,0.8969495339136788,89694.95339136788,-0.004673224704925039,-0.004673224704925039,-0.10305046608632118,1.325627396025289,-0.3233773407195276,Daily
2024-10-23,1.079727053642273,0.8952450173424272,89524.50173424272,-0.0019003483549562272,-0.0019003483549562272,-0.10475498265757277,1.325627396025289,-0.3246631594770174,Daily
2024-10-24,1.0780508518218994,0.8938552111662388,89385.52111662387,-0.0015524310655357088,-0.0015524310655357088,-0.10614478883376122,1.325627396025289,-0.325711573367946,Daily
2024-10-25,1.0824151039123535,0.8974737876622388,89747.37876622389,0.004048280359946421,0.004048280359946421,-0.10252621233776116,1.325627396025289,-0.32298186477347224,Daily
2024-10-28,1.0796570777893066,0.8951869975553977,89518.69975553977,-0.002548029968427179,-0.002548029968427179,-0.10481300244460234,1.325627396025289,-0.3247069272711981,Daily
2024-10-29,1.0816774368286133,0.8968621582889188,89686.21582889187,0.0018712969894509879,0.0018712969894509879,-0.1031378417110812,1.325627396025289,-0.3234432533772036,Daily
2024-10-30,1.0820636749267578,0.8971824037914329,89718.24037914329,0.0003570732687898648,0.0003570732687898648,-0.10281759620856712,1.325627396025289,-0.32320167304816516,Daily
2024-10-31,1.085917830467224,0.9003780387734643,90037.80387734644,0.0035618565060202556,0.0035618565060202556,-0.09962196122653566,1.325627396025289,-0.3207910145240481,Daily
2024-11-01,1.0886130332946775,0.9026127395655447,90261.27395655446,0.0024819583506552334,0.0024819583506552334,-0.09738726043445534,1.325627396025289,-0.3191052461107061,Daily
2024-11-04,1.087453007698059,0.9016509158047534,90165.09158047535,-0.0010655995851046596,-0.0010655995851046596,-0.09834908419524657,1.325627396025289,-0.31983080727795044,Daily
2024-11-05,1.0874056816101074,0.901611675846575,90161.1675846575,-4.352012235619984e-05,-4.352012235619984e-05,-0.09838832415342502,1.325627396025289,-0.3198604083244406,Daily
2024-11-06,1.093445897102356,0.9066198608363545,90661.98608363545,0.005554702899202235,0.005554702899202235,-0.09338013916364551,1.325627396025289,-0.3160824349626983,Daily
2024-11-07,1.073306918144226,0.8899218254339711,88992.18254339711,-0.01841790161863366,-0.01841790161863366,-0.11007817456602886,1.325627396025289,-0.32867876139081076,Daily
2024-11-08,1.0795172452926636,0.895071056822543,89507.10568225429,0.005786161482286056,0.005786161482286056,-0.10492894317745705,1.325627396025289,-0.32479438829772966,Daily
2024-11-11,1.0714898109436035,0.8884151889540878,88841.51889540878,-0.007436133497694786,-0.007436133497694786,-0.11158481104591222,1.325627396025289,-0.3298153073647404,Daily
2024-11-12,1.066439151763916,0.8842274848026939,88422.74848026938,-0.004713679148511618,-0.004713679148511618,-0.11577251519730614,1.325627396025289,-0.3329743429760669,Daily
2024-11-13,1.061672568321228,0.8802753192415751,88027.5319241575,-0.004469625327243265,-0.004469625327243265,-0.1197246807584249,1.325627396025289,-0.33595569774662215,Daily
2024-11-14,1.0564124584197998,0.8759139510939105,87591.39510939104,-0.0049545500735181935,-0.0049545500735181935,-0.12408604890608954,1.325627396025289,-0.3392457384931711,Daily
2024-11-15,1.0530084371566772,0.873091540499994,87309.1540499994,-0.003222246420885977,-0.003222246420885977,-0.12690845950000595,1.325627396025289,-0.34137485154739655,Daily
2024-11-18,1.0533745288848877,0.873395081838951,87339.5081838951,0.0003476626732439314,0.0003476626732439314,-0.12660491816104902,1.325627396025289,-0.3411458721676198,Daily
2024-11-19,1.059490442276001,0.8784660309935749,87846.6030993575,0.005806019818599184,0.005806019818599184,-0.1215339690064251,1.325627396025289,-0.33732055204385913,Daily
2024-11-20,1.0607603788375854,0.8795189863448967,87951.89863448967,0.001198629558994746,0.001198629558994746,-0.12048101365510333,1.325627396025289,-0.3365262448694005,Daily
2024-11-21,1.0546187162399292,0.874426687490105,87442.6687490105,-0.005789868023150069,-0.005789868023150069,-0.125573312509895,1.325627396025289,-0.3403676703484305,Daily
2024-11-22,1.0469341278076172,0.8680550869257333,86805.50869257333,-0.00728660350321686,-0.00728660350321686,-0.1319449130742667,1.325627396025289,-0.3451741495925047,Daily
2024-11-25,1.0479873418807983,0.8689283489673111,86892.8348967311,0.0010059984149974888,0.0010059984149974888,-0.13107165103268892,1.325627396025289,-0.34451539582489543,Daily
2024-11-26,1.0444300174713137,0.865978828584434,86597.8828584434,-0.00339443451969601,-0.00339443451969601,-0.13402117141556602,1.325627396025289,-0.34674039539243673,Daily
2024-11-27,1.0491198301315308,0.8698673404098677,86986.73404098678,0.004490308188931147,0.004490308188931147,-0.13013265959013232,1.325627396025289,-0.3438070584403694,Daily
2024-11-28,1.0562450885772705,0.875775178042821,87577.5178042821,0.006791653575785039,0.006791653575785039,-0.12422482195717899,1.325627396025289,-0.33935042330242104,Daily
2024-11-29,1.0563008785247805,0.8758214357265176,87582.14357265177,5.281913081844891e-05,5.281913081844891e-05,-0.1241785642734824,1.325627396025289,-0.3393155283660043,Daily
2024-12-02,1.0545074939727783,0.8743344686463256,87433.44686463255,-0.0016977970845832857,-0.0016977970845832857,-0.12566553135367442,1.325627396025289,-0.34043723653577396,Daily
2024-12-03,1.0501223802566528,0.8706985949395415,87069.85949395415,-0.004158447181446756,-0.004158447181446756,-0.1293014050604585,1.325627396025289,-0.343179993450489,Daily
2024-12-04,1.0510826110839844,0.8714947608416251,87149.47608416251,0.0009143989742386172,0.0009143989742386172,-0.12850523915837486,1.325627396025289,-0.3425793979102407,Daily
2024-12-05,1.051414132118225,0.8717696382312831,87176.9638231283,0.0003154091131798431,0.0003154091131798431,-0.12823036176871694,1.325627396025289,-0.3423720414611495,Daily
2024-12-06,1.058559536933899,0.8776941800277933,87769.41800277933,0.006795994648919557,0.006795994648919557,-0.12230581997220669,1.325627396025289,-0.3379028053739396,Daily
2024-12-09,1.056546330451965,0.8760249497665409,87602.49497665408,-0.0019018358549438563,-0.0019018358549438563,-0.12397505023345912,1.325627396025289,-0.33916200555813725,Daily
2024-12-10,1.0555204153060913,0.8751743223607892,87517.43223607892,-0.0009710081955752736,-0.0009710081955752736,-0.12482567763921082,1.325627396025289,-0.33980368466668776,Daily
2024-12-11,1.0532968044281006,0.8733306373736303,87333.06373736303,-0.002106648858464677,-0.002106648858464677,-0.12666936262636974,1.325627396025289,-0.34119448648074724,Daily
2024-12-12,1.0506850481033323,0.8711651254246854,87116.51254246854,-0.002479601489141836,-0.002479601489141836,-0.12883487457531462,1.325627396025289,-0.3428280616131245,Daily
2024-12-13,1.0474056005477903,0.8684460038894501,86844.60038894501,-0.0031212470011465765,-0.0031212470011465765,-0.13155399611054985,1.325627396025289,-0.3448792575550522,Daily
2024-12-16,1.051005244255066,0.871430612899918,87143.06128999179,0.003436723753809545,0.003436723753809545,-0.12856938710008203,1.325627396025289,-0.34262778853787834,Daily
2024-12-17,1.0517348051071167,0.8720355210713333,87203.55210713334,0.0006941552918393601,0.0006941552918393601,-0.1279644789286667,1.325627396025289,-0.34217147013858373,Daily
2024-12-18,1.0495051145553589,0.870186795182746,87018.6795182746,-0.002120012137024063,-0.002120012137024063,-0.129813204817254,1.325627396025289,-0.34356607460597055,Daily
2024-12-19,1.0350252389907837,0.8581809494394206,85818.09494394205,-0.01379686040949879,-0.01379686040949879,-0.14181905056057942,1.325627396025289,-0.35262280184269135,Daily
2024-12-20,1.0364949703216553,0.8593995626494502,85939.95626494502,0.0014199956440721362,0.0014199956440721362,-0.14060043735054983,1.325627396025289,-0.35170352904123636,Daily
2024-12-23,1.0433076620101929,0.8650482386442578,86504.82386442578,0.006572816929756531,0.006572816929756531,-0.13495176135574216,1.325627396025289,-0.34744239502141716,Daily
2024-12-24,1.0405826568603516,0.8627888275510575,86278.88275510575,-0.002611890288039209,-0.002611890288039209,-0.13721117244894254,1.325627396025289,-0.34914680389224684,Daily
2024-12-25,1.0402579307556152,0.8625195841100549,86251.95841100549,-0.0003120618074839987,-0.0003120618074839987,-0.13748041588994508,1.325627396025289,-0.349349910317031,Daily
2024-12-26,1.0399551391601562,0.8622685274506766,86226.85274506766,-0.00029107357560742564,-0.00029107357560742564,-0.13773147254932339,1.325627396025289,-0.34953929736510425,Daily
2024-12-27,1.0423181056976318,0.8642277578058722,86422.77578058722,0.0022721812206090153,0.0022721812206090153,-0.13577224219412776,1.325627396025289,-0.34806133277183304,Daily
2024-12-30,1.0429377555847168,0.8647415343867575,86474.15343867576,0.000594492107253819,0.000594492107253819,-0.1352584656132425,1.325627396025289,-0.3476737603797524,Daily
2024-12-31,1.040615200996399,0.8628158111998805,86281.58111998806,-0.0022269349976842268,-0.0022269349976842268,-0.1371841888001195,1.325627396025289,-0.3491264485126704,Daily
2025-01-02,1.0351860523223877,0.8583142862242636,85831.42862242636,-0.005217249054994433,-0.005217249054994433,-0.14168571377573635,1.325627396025289,-0.35252221793408856,Daily
2025-01-03,1.0268205404281616,0.851378104699904,85137.8104699904,-0.00808116751134591,-0.00808116751134591,-0.14862189530009595,1.325627396025289,-0.357754594350838,Daily
2025-01-06,1.030534744262695,0.8544577001078765,85445.77001078764,0.003617188874099453,0.003617188874099453,-0.14554229989212353,1.325627396025289,-0.35543147141508225,Daily
2025-01-07,1.0386372804641724,0.8611758379351541,86117.58379351541,0.00786245805547714,0.00786245805547714,-0.13882416206484594,1.325627396025289,-0.3503635783952028,Daily
2025-01-08,1.034554123878479,0.8577903289993171,85779.03289993171,-0.003931263264369433,-0.003931263264369433,-0.14220967100068294,1.325627396025289,-0.35291747019465414,Daily
2025-01-09,1.0314701795578003,0.8552333070394285,85523.33070394285,-0.0029809405322528404,-0.0029809405322528404,-0.14476669296057154,1.325627396025289,-0.3548463847354636,Daily
2025-01-10,1.0297601222991943,0.8538154299611678,85381.54299611678,-0.0016578833712276309,-0.0016578833712276309,-0.14618457003883223,1.325627396025289,-0.3559159741860981,Daily
2025-01-13,1.0244431495666504,0.8494069145589663,84940.69145589664,-0.005163311937805948,-0.005163311937805948,-0.15059308544103367,1.325627396025289,-0.35924158092553315,Daily
2025-01-14,1.026525378227234,0.8511333738776127,85113.33738776126,0.002032546814788816,0.002032546814788816,-0.14886662612238732,1.325627396025289,-0.35793920944179425,Daily
2025-01-15,1.030683517456055,0.8545810539310674,85458.10539310674,0.004050693063236022,0.004050693063236022,-0.14541894606893258,1.325627396025289,-0.3553384182513043,Daily
2025-01-16,1.0295268297195437,0.8536219977240013,85362.19977240013,-0.0011222530650012441,-0.0011222530650012441,-0.14637800227599873,1.325627396025289,-0.3560618916873103,Daily
2025-01-17,1.0301949977874756,0.8541760026751096,85417.60026751096,0.0006490050075858012,0.0006490050075858012,-0.14582399732489038,1.325627396025289,-0.35564397263044,Daily
2025-01-20,1.0277386903762815,0.8521393796568062,85213.93796568061,-0.0023843130829304116,-0.0023843130829304116,-0.1478606203431938,1.325627396025289,-0.35718031913656223,Daily
2025-01-21,1.0420682430267334,0.8640205866412829,86402.05866412829,0.013942797702016563,0.013942797702016563,-0.1359794133587171,1.325627396025289,-0.3482176143674085,Daily
2025-01-22,1.040593504905701,0.8627978221006654,86279.78221006654,-0.0014152030165980323,-0.0014152030165980323,-0.13720217789933464,1.325627396025289,-0.3491400187657212,Daily
2025-01-23,1.0410159826278689,0.8631481153293412,86314.81153293412,0.0004059968856005014,0.0004059968856005014,-0.13685188467065879,1.325627396025289,-0.3488757716403781,Daily
2025-01-24,1.041601538658142,0.863633623325745,86363.3623325745,0.0005624851491665694,0.0005624851491665694,-0.136366376674255,1.325627396025289,-0.34850952393166323,Daily
2025-01-27,1.0467586517333984,0.8679095926727393,86790.95926727392,0.00495113811170067,0.00495113811170067,-0.13209040732726074,1.325627396025289,-0.3452839046061913,Daily
2025-01-28,1.0445064306259155,0.8660421857965053,86604.21857965052,-0.0021516145137689957,-0.0021516145137689957,-0.13395781420349473,1.325627396025289,-0.3466926012594388,Daily
2025-01-29,1.04290509223938,0.8647144518967302,86471.44518967302,-0.0015331053400752248,-0.0015331053400752248,-0.13528554810326976,1.325627396025289,-0.34769419032115856,Daily
2025-01-30,1.0425245761871338,0.864398950772031,86439.8950772031,-0.0003648616303418839,-0.0003648616303418839,-0.135601049227969,1.325627396025289,-0.34793219168235945,Daily
2025-01-31,1.0397279262542725,0.8620801361149384,86208.01361149384,-0.002682574585521569,-0.002682574585521569,-0.1379198638850616,1.325627396025289,-0.3496814122129892,Daily
2025-02-03,1.024779200553894,0.8496855479143945,84968.55479143946,-0.014377536010052872,-0.014377536010052872,-0.15031445208560545,1.325627396025289,-0.35903139112690374,Daily
2025-02-04,1.0327378511428833,0.856284384407865,85628.4384407865,0.007766210111102456,0.007766210111102456,-0.14371561559213497,1.325627396025289,-0.35405349423577415,Daily
2025-02-05,1.0372798442840576,0.8600503331397442,86005.03331397442,0.004398011689169534,0.004398011689169534,-0.13994966686025578,1.325627396025289,-0.35121261395284475,Daily
2025-02-06,1.0400848388671875,0.8623760666811504,86237.60666811504,0.0027041830597469563,0.0027041830597469563,-0.1376239333188496,1.325627396025289,-0.3494581740941186,Daily
2025-02-07,1.0385725498199463,0.8611221671611217,86112.21671611216,-0.0014540054721768891,-0.0014540054721768891,-0.13887783283887833,1.325627396025289,-0.3504040654688657,Daily
2025-02-10,1.0311616659164429,0.854977506002235,85497.7506002235,-0.00713564392279431,-0.00713564392279431,-0.145022493997765,1.325627396025289,-0.3550393507513746,Daily
2025-02-11,1.0301525592803955,0.8541408152063148,85414.08152063147,-0.0009786114722859507,-0.0009786114722859507,-0.1458591847936852,1.325627396025289,-0.3556705166419023,Daily
2025-02-12,1.0364949703216553,0.8593995626494502,85939.95626494502,0.006156768707821447,0.006156768707821447,-0.14060043735054983,1.325627396025289,-0.35170352904123636,Daily
2025-02-13,1.039198637008667,0.8616412811670487,86164.12811670487,0.0026084706288278525,0.0026084706288278525,-0.13835871883295126,1.325627396025289,-0.3500124667379677,Daily
2025-02-14,1.0461673736572266,0.8674193402985202,86741.93402985203,0.006705875470178757,0.006705875470178757,-0.1325806597014798,1.325627396025289,-0.3456537312827439,Daily
2025-02-17,1.0489217042922974,0.8697030663280225,86970.30663280225,0.0026327820045104477,0.0026327820045104477,-0.13029693367197748,1.325627396025289,-0.3439309802017465,Daily
2025-02-18,1.048536777496338,0.8693839080787578,86938.39080787578,-0.0003669738116622856,-0.0003669738116622856,-0.13061609192124224,1.325627396025289,-0.34417174035065534,Daily
2025-02-19,1.044833779335022,0.8663136037440063,86631.36037440064,-0.003531586340879578,-0.003531586340879578,-0.13368639625599366,1.325627396025289,-0.3464878544743958,Daily
2025-02-20,1.0421009063720703,0.8640476691313104,86404.76691313104,-0.00261560548386075,-0.00261560548386075,-0.13595233086868963,1.325627396025289,-0.3481971844260021,Daily
2025-02-21,1.050056219100952,0.8706437380710552,87064.37380710553,0.007633917867490236,0.007633917867490236,-0.12935626192894478,1.325627396025289,-0.3432213752661113,Daily
2025-02-24,1.0474823713302612,0.8685096576251352,86850.96576251352,-0.002451152351532593,-0.002451152351532593,-0.1314903423748648,1.325627396025289,-0.34483123973656415,Daily
2025-02-25,1.0461344718933103,0.8673920601260836,86739.20601260837,-0.001286799161344443,-0.001286799161344443,-0.1326079398739164,1.325627396025289,-0.34567431034781027,Daily
2025-02-26,1.0524100065231323,0.8725953576535062,87259.53576535062,0.005998783902479099,0.005998783902479099,-0.12740464234649385,1.325627396025289,-0.3417491519337461,Daily
2025-02-27,1.0488777160644531,0.8696665939235696,86966.65939235696,-0.0033563824334480463,-0.0033563824334480463,-0.1303334060764304,1.325627396025289,-0.34395849351699803,Daily
2025-02-28,1.039511799812317,0.8619009370112167,86190.09370112167,-0.00892946442534659,-0.00892946442534659,-0.13809906298878327,1.325627396025289,-0.3498165928106888,Daily
2025-03-03,1.0413846969604492,0.8634538311747966,86345.38311747965,0.0018017084062638133,0.0018017084062638133,-0.13654616882520343,1.325627396025289,-0.3486451519003425,Daily
2025-03-04,1.0485037565231323,0.8693565290651168,86935.65290651168,0.0068361476632621265,0.0068361476632621265,-0.13064347093488315,1.325627396025289,-0.34419239397755164,Daily
2025-03-05,1.062699317932129,0.8811266385357583,88112.66385357584,0.013538875107200088,0.013538875107200088,-0.11887336146424166,1.325627396025289,-0.3353134967052619,Daily
2025-03-06,1.0794938802719116,0.895051683946465,89505.16839464649,0.015803682242369943,0.015803682242369943,-0.10494831605353505,1.325627396025289,-0.3248090024163999,Daily
2025-03-07,1.0787951946258545,0.8944723756470098,89447.23756470098,-0.000647234466842117,-0.000647234466842117,-0.10552762435299023,1.325627396025289,-0.3252460093017374,Daily
2025-03-10,1.086059331893921,0.9004953632831819,90049.5363283182,0.006733564725031949,0.006733564725031949,-0.09950463671681808,1.325627396025289,-0.32070250963189717,Daily
2025-03-11,1.0839403867721558,0.898738460873556,89873.8460873556,-0.001951039928978937,-0.001951039928978937,-0.10126153912644398,1.325627396025289,-0.3220278461592605,Daily
2025-03-12,1.0914170742034912,0.9049376823773153,90493.76823773154,0.006897692458531113,0.006897692458531113,-0.09506231762268469,1.325627396025289,-0.3173514027466192,Daily
2025-03-13,1.0886249542236328,0.9026226236859929,90262.26236859929,-0.002558252061336086,-0.002558252061336086,-0.09737737631400711,1.325627396025289,-0.3190977899277109,Daily
2025-03-14,1.085564136505127,0.9000847769197733,90008.47769197733,-0.002811636557319974,-0.002811636557319974,-0.09991522308022671,1.325627396025289,-0.3210122394735101,Daily
2025-03-17,1.0881274938583374,0.9022101593396993,90221.01593396993,0.002361313594480885,0.002361313594480885,-0.09778984066030072,1.325627396025289,-0.31940893644409274,Daily
2025-03-18,1.091917634010315,0.9053527165949253,90535.27165949253,0.0034831765334208953,0.0034831765334208953,-0.09464728340507467,1.325627396025289,-0.31703831762265877,Daily
2025-03-19,1.093948245048523,0.9070363776720317,90703.63776720317,0.0018596741869165712,0.0018596741869165712,-0.09296362232796829,1.325627396025289,-0.3157682314112885,Daily
2025-03-20,1.0911908149719238,0.9047500817712129,90475.00817712129,-0.002520622057834987,-0.002520622057834987,-0.09524991822878714,1.325627396025289,-0.3174929210998646,Daily
2025-03-21,1.0856702327728271,0.9001727455917603,90017.27455917603,-0.005059227151979484,-0.005059227151979484,-0.0998272544082397,1.325627396025289,-0.3209458794448544,Daily
2025-03-24,1.083576202392578,0.8984365009938705,89843.65009938706,-0.001928790453157303,-0.001928790453157303,-0.10156349900612949,1.325627396025289,-0.3222556325497583,Daily
2025-03-25,1.0803569555282593,0.8957672942668977,89576.72942668977,-0.0029709464430931476,-0.0029709464430931476,-0.10423270573310228,1.325627396025289,-0.324269174767561,Daily
2025-03-26,1.0787487030029297,0.8944338275772626,89443.38275772627,-0.0014886306947904382,-0.0014886306947904382,-0.10556617242273736,1.325627396025289,-0.3252750884154181,Daily
2025-03-27,1.0742061138153076,0.8906673846393611,89066.73846393611,-0.004210979976130402,-0.004210979976130402,-0.10933261536063887,1.325627396025289,-0.32811634150749713,Daily
2025-03-28,1.080100178718567,0.8955543903124484,89555.43903124484,0.005486903144057642,0.005486903144057642,-0.10444560968755157,1.325627396025289,-0.32442978094927366,Daily
2025-03-31,1.082391619682312,0.8974543159449564,89745.43159449563,0.0021215078090848216,0.0021215078090848216,-0.1025456840550436,1.325627396025289,-0.3229965534539724,Daily
2025-04-01,1.0818880796432495,0.8970368106972343,89703.68106972343,-0.0004652105854352495,-0.0004652105854352495,-0.10296318930276571,1.325627396025289,-0.3233115026236818,Daily
2025-04-02,1.0795987844467163,0.8951386642064071,89513.86642064071,-0.002116018504694228,-0.002116018504694228,-0.10486133579359291,1.325627396025289,-0.32474338800604374,Daily
2025-04-03,1.090869426727295,0.9044836058839357,90448.36058839357,0.010439658179454803,0.010439658179454803,-0.09551639411606427,1.325627396025289,-0.3176939397934101,Daily
2025-04-04,1.1043744087219238,0.9156811282570265,91568.11282570266,0.012380016951382578,0.012380016951382578,-0.08431887174297348,1.325627396025289,-0.3092469792020215,Daily
2025-04-07,1.098454475402832,0.910772674042567,91077.2674042567,-0.005360440510336462,-0.005360440510336462,-0.08922732595743299,1.325627396025289,-0.3129497196773442,Daily
2025-04-08,1.0915361642837524,0.9050364247405904,90503.64247405904,-0.00629822288861126,-0.00629822288861126,-0.09496357525940957,1.325627396025289,-0.3172769154784991,Daily
2025-04-09,1.0980443954467771,0.9104326602991568,91043.26602991569,0.005962451246217082,0.005962451246217082,-0.08956733970084318,1.325627396025289,-0.31320621237237267,Daily
2025-04-10,1.0952062606811523,0.9080794489029055,90807.94489029054,-0.0025847176829949525,-0.0025847176829949525,-0.09192055109709452,1.325627396025289,-0.31498138041982493,Daily
2025-04-11,1.1257838010787964,0.9334325143755495,93343.25143755495,0.027919435356977162,0.027919435356977162,-0.06656748562445047,1.325627396025289,-0.29585604735213056,Daily
2025-04-14,1.1343141794204712,0.9405053932857044,94050.53932857043,0.007577279343956134,0.007577279343956134,-0.05949460671429563,1.325627396025289,-0.2905205519245603,Daily
2025-04-15,1.1339668035507202,0.9402173700158507,94021.73700158508,-0.0003062430815494732,-0.0003062430815494732,-0.059782629984149294,1.325627396025289,-0.29073782509703483,Daily
2025-04-16,1.1292672157287598,0.9363207532116494,93632.07532116494,-0.004144378660155601,-0.004144378660155601,-0.06367924678835057,1.325627396025289,-0.29367727611915817,Daily
2025-04-17,1.1396790742874146,0.9449536428521067,94495.36428521067,0.009220013132087201,0.009220013132087201,-0.0550463571478933,1.325627396025289,-0.28716497132948515,Daily
2025-04-22,1.1512778997421265,0.9545706943655679,95457.06943655679,0.010177273336324122,0.010177273336324122,-0.04542930563443215,1.325627396025289,-0.27991025439899886,Daily
2025-04-23,1.1351252794265747,0.9411779088409841,94117.7908840984,-0.01403016623455533,-0.01403016623455533,-0.05882209115901593,1.325627396025289,-0.2900132332335795,Daily
2025-04-24,1.132733702659607,0.9391949565967133,93919.49565967133,-0.0021068835399172814,-0.0021068835399172814,-0.06080504340328674,1.325627396025289,-0.29150909266603875,Daily
2025-04-25,1.1371906995773315,0.9428904315497985,94289.04315497985,0.003934726147248657,0.003934726147248657,-0.05710956845020154,1.325627396025289,-0.2887213749678639,Daily
2025-04-28,1.1343141794204712,0.9405053932857044,94050.53932857043,-0.0025294967307853966,-0.0025294967307853966,-0.05949460671429563,1.325627396025289,-0.2905205519245603,Daily
2025-04-29,1.1409143209457395,0.9459778354129247,94597.78354129246,0.005818618549439769,0.005818618549439769,-0.054022164587075316,1.325627396025289,-0.2863923616475422,Daily
2025-04-30,1.1389262676239014,0.9443294606458177,94432.94606458177,-0.0017425088679667855,-0.0017425088679667855,-0.055670539354182313,1.325627396025289,-0.28763582928562015,Daily
2025-05-01,1.1324899196624756,0.9389928263335524,93899.28263335524,-0.005651242002569279,-0.005651242002569279,-0.06100717366644759,1.325627396025289,-0.29166157160828676,Daily
2025-05-02,1.1296498775482178,0.9366380334780291,93663.80334780291,-0.002507785778000038,-0.002507785778000038,-0.0633619665219709,1.325627396025289,-0.2934379326450184,Daily
2025-05-05,1.1323232650756836,0.9388546463296897,93885.46463296897,0.002366562932992977,0.002366562932992977,-0.061145353670310265,1.325627396025289,-0.29176580904655713,Daily
2025-05-06,1.1313369274139404,0.9380368342038252,93803.68342038253,-0.0008710742701882879,-0.0008710742701882879,-0.06196316579617478,1.325627396025289,-0.2923827336275643,Daily
2025-05-07,1.1342755556106567,0.9404733687354531,94047.33687354531,0.0025974827882915275,0.0025974827882915275,-0.059526631264546936,1.325627396025289,-0.29054470995746395,Daily
2025-05-08,1.1306205987930298,0.9374428974061069,93744.2897406107,-0.0032222829801347164,-0.0032222829801347164,-0.06255710259389313,1.325627396025289,-0.2928307756637346,Daily
2025-05-09,1.122422695159912,0.9306456866152458,93064.56866152458,-0.0072507998190277645,-0.0072507998190277645,-0.06935431338475417,1.325627396025289,-0.297958318147574,Daily
2025-05-12,1.12296462059021,0.9310950187308102,93109.50187308103,0.0004828175986058003,0.0004828175986058003,-0.06890498126918976,1.325627396025289,-0.2976193600686208,Daily
2025-05-13,1.1095577478408811,0.9199788426690061,91997.88426690061,-0.011938820247322068,-0.011938820247322068,-0.08002115733099391,1.325627396025289,-0.3060049562739606,Daily
2025-05-14,1.1185556650161743,0.9274393767831303,92743.93767831303,0.008109462705120363,0.008109462705120363,-0.07256062321686974,1.325627396025289,-0.30037702934932586,Daily
2025-05-15,1.1181930303573608,0.9271387018391033,92713.87018391033,-0.00032419902750935314,-0.00032419902750935314,-0.0728612981608967,1.325627396025289,-0.300603846436034,Daily
2025-05-16,1.1192693710327148,0.92803113907435,92803.11390743499,0.0009625714399328356,0.0009625714399328356,-0.07196886092565002,1.325627396025289,-0.2999306276734145,Daily
2025-05-19,1.1187559366226196,0.9276054300066562,92760.54300066562,-0.0004587228270361843,-0.0004587228270361843,-0.07239456999334382,1.325627396025289,-0.30025176547500965,Daily
2025-05-20,1.123342990875244,0.9314087407138285,93140.87407138284,0.004100138468513537,0.004100138468513537,-0.06859125928617149,1.325627396025289,-0.2973827008203592,Daily
2025-05-21,1.128795504570007,0.9359296385655232,93592.96385655232,0.004853828028530183,0.004853828028530183,-0.06407036143447675,1.325627396025289,-0.29397231728027096,Daily
2025-05-22,1.133118748664856,0.9395142136871825,93951.42136871825,0.003829962183004687,0.003829962183004687,-0.060485786312817535,1.325627396025289,-0.2912682579553,Daily
2025-05-23,1.1281843185424805,0.9354228797101563,93542.28797101563,-0.0043547334541853555,-0.0043547334541853555,-0.06457712028984375,1.325627396025289,-0.29435459578242507,Daily
2025-05-26,1.1372811794281006,0.9429654520239985,94296.54520239985,0.00806327542060914,0.00806327542060914,-0.05703454797600149,1.325627396025289,-0.2886647825389318,Daily
2025-05-27,1.1388484239578247,0.9442649173392924,94426.49173392924,0.0013780624862815838,0.0013780624862815838,-0.05573508266070759,1.325627396025289,-0.2876845181605776,Daily
2025-05-28,1.1337097883224487,0.9400042683789926,94000.42683789927,-0.00451213306992837,-0.00451213306992837,-0.05999573162100735,1.325627396025289,-0.29089858040240724,Daily
2025-05-29,1.123368263244629,0.9314296950491784,93142.96950491784,-0.009121845100342862,-0.009121845100342862,-0.06857030495082161,1.325627396025289,-0.29736689371240965,Daily
2025-05-30,1.1378376483917236,0.9434268427665096,94342.68427665095,0.012880357778047635,0.012880357778047635,-0.056573157233490434,1.325627396025289,-0.2883167279167246,Daily
2025-06-02,1.1353315114974976,0.9413489041247338,94134.89041247338,-0.0022025434804063826,-0.0022025434804063826,-0.05865109587526618,1.325627396025289,-0.2898842412677659,Daily
2025-06-03,1.1453442573547363,0.9496508734125932,94965.08734125932,0.008819226592268192,0.008819226592268192,-0.050349126587406756,1.325627396025289,-0.2836215694847658,Daily
2025-06-04,1.1384464502334597,0.9439316247977872,94393.16247977872,-0.00602247496941033,-0.00602247496941033,-0.05606837520221275,1.325627396025289,-0.28793594065116923,Daily
2025-06-05,1.1422044038772583,0.9470474949278036,94704.74949278036,0.003300948975709872,0.003300948975709872,-0.0529525050721964,1.325627396025289,-0.28558545352382203,Daily
2025-06-06,1.1453834772109983,0.9496833921688668,94968.33921688667,0.002783278827282132,0.002783278827282132,-0.05031660783113323,1.325627396025289,-0.28359703864271246,Daily
2025-06-09,1.1407841444015503,0.945869900817633,94586.9900817633,-0.00401553968688928,-0.00401553968688928,-0.054130099182367,1.325627396025289,-0.2864737831658477,Daily
2025-06-10,1.1428048610687256,0.9475453580747676,94754.53580747676,0.0017713400708556648,0.0017713400708556648,-0.052454641925232415,1.325627396025289,-0.2852098855863633,Daily
2025-06-11,1.143746018409729,0.9483257093841345,94832.57093841345,0.0008235503479774309,0.0008235503479774309,-0.05167429061586548,1.325627396025289,-0.284621219938907,Daily
2025-06-12,1.1509333848953247,0.9542850432846216,95428.50432846216,0.0062840581474452595,0.0062840581474452595,-0.045714956715378396,1.325627396025289,-0.2801257380875547,Daily
2025-06-13,1.1600254774093628,0.9618236619502846,96182.36619502846,0.00789975565342127,0.00789975565342127,-0.03817633804971543,1.325627396025289,-0.2744389073172595,Daily
2025-06-16,1.1556684970855713,0.9582111147677579,95821.11147677578,-0.0037559350278423276,-0.0037559350278423276,-0.04178888523224211,1.325627396025289,-0.27716406764010615,Daily
2025-06-17,1.1551345586776731,0.9577684050128933,95776.84050128933,-0.00046201692721115073,-0.00046201692721115073,-0.04223159498710671,1.325627396025289,-0.2774980300764529,Daily
2025-06-18,1.1482638120651243,0.9520715933515042,95207.15933515041,-0.00594800541714724,-0.00594800541714724,-0.04792840664849585,1.325627396025289,-0.2817954757074578,Daily
2025-06-19,1.1477497816085815,0.951645390077788,95164.5390077788,-0.0004476588490743838,-0.0004476588490743838,-0.048354609922211966,1.325627396025289,-0.2821169863182025,Daily
2025-06-20,1.1512778997421265,0.9545706943655679,95457.06943655679,0.0030739436330802228,0.0030739436330802228,-0.04542930563443215,1.325627396025289,-0.27991025439899886,Daily
2025-06-23,1.1500862836837769,0.9535826776855892,95358.26776855893,-0.0010350377251370224,-0.0010350377251370224,-0.04641732231441076,1.325627396025289,-0.2806555744511803,Daily
2025-06-24,1.1599044799804688,0.9617233381277378,96172.33381277378,0.008536921477964032,0.008536921477964032,-0.038276661872262197,1.325627396025289,-0.27451458757465885,Daily
2025-06-25,1.161224365234375,0.9628177079437366,96281.77079437366,0.0011379258177608431,0.0011379258177608431,-0.037182292056263444,1.325627396025289,-0.2736890389934511,Daily
2025-06-26,1.1683744192123413,0.9687461045472215,96874.61045472215,0.006157340641507414,0.006157340641507414,-0.03125389545277846,1.325627396025289,-0.2692168949948732,Daily
2025-06-27,1.1692214012145996,0.9694483713050495,96944.83713050495,0.0007249234392081583,0.0007249234392081583,-0.03055162869495054,1.325627396025289,-0.2686871331930776,Daily
2025-06-30,1.1727453470230105,0.9723702161506725,97237.02161506725,0.003013925168278586,0.003013925168278586,-0.02762978384932746,1.325627396025289,-0.26648301093792215,Daily
2025-07-01,1.178717017173767,0.977321567447876,97732.1567447876,0.005092043354437914,0.005092043354437914,-0.022678432552123984,1.325627396025289,-0.2627479106284013,Daily
2025-07-02,1.180553913116455,0.9788446115677031,97884.46115677031,0.0015583858686392116,0.0015583858686392116,-0.021155388432296918,1.325627396025289,-0.26159898739069987,Daily
2025-07-03,1.18002450466156,0.9784056577786089,97840.56577786089,-0.000448440726859789,-0.000448440726859789,-0.021594342221391116,1.325627396025289,-0.2619301164775083,Daily
2025-07-04,1.1771491765975952,0.9760216079265597,97602.16079265597,-0.002436668096811756,-0.002436668096811756,-0.023978392073440324,1.325627396025289,-0.26372854781590516,Daily
2025-07-07,1.178078293800354,0.9767919762742742,97679.19762742742,0.0007892943572744837,0.0007892943572744837,-0.023208023725725835,1.325627396025289,-0.2631474129132739,Daily
2025-07-08,1.1736538410186768,0.9731234849700118,97312.34849700118,-0.003755652578407709,-0.003755652578407709,-0.026876515029988224,1.325627396025289,-0.26591477523187246,Daily
2025-07-09,1.1724566221237185,0.9721308227534229,97213.08227534228,-0.001020078368183186,-0.001020078368183186,-0.027869177246577115,1.325627396025289,-0.26666359969006126,Daily
2025-07-10,1.17311692237854,0.9726783041850355,97267.83041850355,0.0005631767029687929,0.0005631767029687929,-0.027321695814964464,1.325627396025289,-0.26625060171396775,Daily
2025-07-11,1.1702749729156494,0.9703219298702407,97032.19298702407,-0.0024225628397963606,-0.0024225628397963606,-0.029678070129759315,1.325627396025289,-0.2680281557399784,Daily
2025-07-14,1.1682106256484983,0.9686102967322664,96861.02967322664,-0.0017639848026552718,-0.0017639848026552718,-0.031389703267733604,1.325627396025289,-0.26931934294922466,Daily
2025-07-15,1.1666297912597656,0.9672995635196617,96729.95635196618,-0.0013532100753280707,-0.0013532100753280707,-0.03270043648033827,1.325627396025289,-0.27030810737619315,Daily
2025-07-16,1.160739183425903,0.9624154242415042,96241.54242415042,-0.005049252023215933,-0.005049252023215933,-0.03758457575849583,1.325627396025289,-0.27399250564134825,Daily
2025-07-17,1.1635754108428955,0.9647670541784842,96476.70541784842,0.002443466592229049,0.002443466592229049,-0.035232945821515815,1.325627396025289,-0.272218530583175,Daily
2025-07-18,1.161548137664795,0.9630861606551032,96308.61606551032,-0.0017422791502890167,-0.0017422791502890167,-0.03691383934489678,1.325627396025289,-0.2734865290633066,Daily
2025-07-21,1.163074612617493,0.9643518222784654,96435.18222784654,0.0013141727864733888,0.0013141727864733888,-0.03564817772153461,1.325627396025289,-0.2725317648307952,Daily
2025-07-22,1.1694538593292236,0.9696411116537847,96964.11116537848,0.0054848129625788555,0.0054848129625788555,-0.03035888834621525,1.325627396025289,-0.2685417376246749,Daily
2025-07-23,1.1739156246185305,0.9733405402550493,97334.05402550494,0.0038152555175337,0.0038152555175337,-0.026659459744950653,1.325627396025289,-0.26575103745330186,Daily
2025-07-24,1.1774264574050903,0.9762515125681793,97625.15125681793,0.002990702834967829,0.002990702834967829,-0.023748487431820675,1.325627396025289,-0.26355511699944123,Daily
2025-07-25,1.1756131649017334,0.9747480390068394,97474.80390068394,-0.0015400473566333783,-0.0015400473566333783,-0.025251960993160627,1.325627396025289,-0.2646892769948124,Daily
2025-07-28,1.1756821870803833,0.9748052680642332,97480.52680642332,5.871164147408514e-05,5.871164147408514e-05,-0.025194731935766823,1.325627396025289,-0.26464610569527114,Daily
2025-07-29,1.1596757173538208,0.9615336618563414,96153.36618563414,-0.01361462298439009,-0.01361462298439009,-0.03846633814365863,1.325627396025289,-0.27465767172633304,Daily
2025-07-30,1.1550945043563845,0.9577351943681885,95773.51943681885,-0.003950425906899091,-0.003950425906899091,-0.04226480563181145,1.325627396025289,-0.2775230828513159,Daily
2025-07-31,1.1429355144500732,0.9476536880348773,94765.36880348773,-0.010526402697315529,-0.010526402697315529,-0.05234631196512274,1.325627396025289,-0.28512816582073797,Daily
2025-08-01,1.142374038696289,0.9471881459617782,94718.81459617782,-0.0004912575965007049,-0.0004912575965007049,-0.05281185403822175,1.325627396025289,-0.2854793520398029,Daily
2025-08-04,1.158668041229248,0.9606981571548748,96069.81571548748,0.01426328153566403,0.01426328153566403,-0.03930184284512517,1.325627396025289,-0.27528794287490144,Daily
2025-08-05,1.1584129333496094,0.9604866369772884,96048.66369772884,-0.000220173397868062,-0.000220173397868062,-0.03951336302271158,1.325627396025289,-0.2754475051909946,Daily
2025-08-06,1.1579166650772097,0.9600751610430398,96007.51610430398,-0.0004284036012656145,-0.0004284036012656145,-0.039924838956960196,1.325627396025289,-0.2757579060890768,Daily
2025-08-07,1.1663167476654053,0.9670400065166983,96704.00065166983,0.007254479395229607,0.007254479395229607,-0.0329599934833017,1.325627396025289,-0.27050390674164204,Daily
2025-08-08,1.1676650047302246,0.9681579005393631,96815.79005393632,0.0011559956311337771,0.0011559956311337771,-0.031842099460636875,1.325627396025289,-0.26966061244490636,Daily
2025-08-11,1.1647952795028689,0.9657784962239246,96577.84962239246,-0.0024576614146440967,-0.0024576614146440967,-0.03422150377607536,1.325627396025289,-0.2714555393772953,Daily
2025-08-12,1.1618449687957764,0.9633322752542576,96333.22752542575,-0.0025329006384294805,-0.0025329006384294805,-0.036667724745742425,1.325627396025289,-0.2733008701067309,Daily
2025-08-13,1.1677058935165403,0.9681918030724995,96819.18030724995,0.005044498085522209,0.005044498085522209,-0.031808196927500476,1.325627396025289,-0.2696350377372335,Daily
2025-08-14,1.171289324760437,0.9711629696791579,97116.2969679158,0.0030687789312300318,0.0030687789312300318,-0.02883703032084206,1.325627396025289,-0.267393709128933,Daily
2025-08-15,1.1651345491409302,0.9660597982918735,96605.97982918734,-0.0052547013700186,-0.0052547013700186,-0.033940201708126505,1.325627396025289,-0.27124333640925746,Daily
2025-08-18,1.1706587076187134,0.9706400997074607,97064.00997074606,0.00474121935690297,0.00474121935690297,-0.02935990029253932,1.325627396025289,-0.267788141209369,Daily
2025-08-19,1.1668338775634766,0.967468779661731,96746.8779661731,-0.003267246064412088,-0.003267246064412088,-0.03253122033826905,1.325627396025289,-0.27018045752331854,Daily
2025-08-20,1.164252758026123,0.9653286699023376,96532.86699023376,-0.002212071132819071,-0.002212071132819071,-0.034671330097662434,1.325627396025289,-0.2717948702653984,Daily
2025-08-21,1.165175199508667,0.9660935031426011,96609.35031426011,0.0007923034548853458,0.0007923034548853458,-0.03390649685739888,1.325627396025289,-0.2712179108252444,Daily
2025-08-22,1.16130530834198,0.9628848211215782,96288.48211215783,-0.00332129551703364,-0.00332129551703364,-0.03711517887842175,1.325627396025289,-0.27363841151091495,Daily
2025-08-25,1.1709601879119873,0.9708900691135895,97089.00691135896,0.00831381678930887,0.00831381678930887,-0.02910993088641045,1.325627396025289,-0.26759957434142534,Daily
2025-08-26,1.1618449687957764,0.9633322752542576,96333.22752542575,-0.007784397121532116,-0.007784397121532116,-0.036667724745742425,1.325627396025289,-0.2733008701067309,Daily
2025-08-27,1.1639411449432373,0.9650702989938278,96507.02989938277,0.0018041788739109332,0.0018041788739109332,-0.03492970100617221,1.325627396025289,-0.271989774888888,Daily
2025-08-28,1.1647952795028689,0.9657784962239246,96577.84962239246,0.0007338296814596301,0.0007338296814596301,-0.03422150377607536,1.325627396025289,-0.2714555393772953,Daily
2025-08-29,1.1681560277938845,0.968565027460615,96856.5027460615,0.0028852694977008486,0.0028852694977008486,-0.03143497253938499,1.325627396025289,-0.2693534922673416,Daily
2025-09-01,1.169180393218994,0.9694143699307083,96941.43699307083,0.0008769080505828253,0.0008769080505828253,-0.030585630069291714,1.325627396025289,-0.26871278246258057,Daily
2025-09-02,1.1715912818908691,0.9714133344501049,97141.33344501049,0.0020620331010148263,0.0020620331010148263,-0.028586665549895085,1.325627396025289,-0.2672048440136693,Daily
2025-09-03,1.163602590560913,0.9647895899731056,96478.95899731056,-0.006818667442679116,-0.006818667442679116,-0.0352104100268944,1.325627396025289,-0.2722015304859463,Daily
2025-09-04,1.16604483127594,0.9668145497292803,96681.45497292803,0.0020988615312806935,0.0020988615312806935,-0.03318545027071973,1.325627396025289,-0.27067398227575823,Daily
2025-09-05,1.165691375732422,0.9665214855579982,96652.14855579982,-0.0003031234597825616,-0.0003031234597825616,-0.03347851444200178,1.325627396025289,-0.2708950581015602,Daily
2025-09-08,1.1713168621063232,0.9711858019973928,97118.58019973928,0.004825879723410198,0.004825879723410198,-0.028814198002607205,1.325627396025289,-0.2673764853462145,Daily
2025-09-09,1.1769136190414429,0.9758262977065079,97582.62977065079,0.004778174989349182,0.004778174989349182,-0.02417370229349214,1.325627396025289,-0.2638758819918866,Daily
2025-09-10,1.1702749729156494,0.9703219298702407,97032.19298702407,-0.005640725044205208,-0.005640725044205208,-0.029678070129759315,1.325627396025289,-0.2680281557399784,Daily
2025-09-11,1.1703435182571411,0.9703787635628164,97037.87635628163,5.857199639236477e-05,5.857199639236477e-05,-0.029621236437183618,1.325627396025289,-0.26798528268775723,Daily
2025-09-12,1.1734747886657717,0.9729750254808835,97297.50254808835,0.0026755139493519486,0.0026755139493519486,-0.02702497451911645,1.325627396025289,-0.26602676710045736,Daily
2025-09-15,1.1726491451263428,0.9722904512986574,97229.04512986574,-0.0007035886474966446,-0.0007035886474966446,-0.027709548701342568,1.325627396025289,-0.266543182334692,Daily
2025-09-16,1.1763737201690674,0.9753786458914195,97537.86458914196,0.0031762058226914025,0.0031762058226914025,-0.024621354108580462,1.325627396025289,-0.26421357251973066,Daily
2025-09-17,1.1871408224105835,0.9843060823212262,98430.60823212261,0.009152790526439691,0.009152790526439691,-0.015693917678773817,1.325627396025289,-0.2574790734768062,Daily
2025-09-18,1.1826341152191162,0.980569390585873,98056.9390585873,-0.003796270085562381,-0.003796270085562381,-0.019430609414126998,1.325627396025289,-0.26029788345807037,Daily
2025-09-19,1.1791062355041504,0.9776442839805022,97764.42839805022,-0.0029830694629607857,-0.0029830694629607857,-0.022355716019497818,1.325627396025289,-0.262504466253614,Daily
2025-09-22,1.173695087432861,0.9731576840267616,97315.76840267616,-0.00458919468691954,-0.00458919468691954,-0.026842315973238384,1.325627396025289,-0.2658889768387098,Daily
2025-09-23,1.1801080703735352,0.9784749454629491,97847.49454629491,0.005463925860591745,0.005463925860591745,-0.02152505453705089,1.325627396025289,-0.2618778486347133,Daily
2025-09-24,1.181446552276611,0.9795847345068465,97958.47345068464,0.001134202821486019,0.001134202821486019,-0.020415265493153534,1.325627396025289,-0.2610406684080335,Daily
2025-09-25,1.1744670867919922,0.9737977796669721,97379.7779666972,-0.005907559229970771,-0.005907559229970771,-0.02620222033302788,1.325627396025289,-0.2654061144279527,Daily
2025-09-26,1.166275978088379,0.9670062028247662,96700.62028247662,-0.006974319498375237,-0.006974319498375237,-0.03299379717523376,1.325627396025289,-0.27052940688748506,Daily
2025-09-29,1.170823097229004,0.970776401728438,97077.6401728438,0.003898836318379839,0.003898836318379839,-0.029223598271561957,1.325627396025289,-0.2676853204458679,Daily
2025-09-30,1.1731443405151367,0.9727010376620658,97270.10376620658,0.001982573876127436,0.001982573876127436,-0.027298962337934163,1.325627396025289,-0.26623345249307917,Daily
2025-10-01,1.1735849380493164,0.9730663547538225,97306.63547538225,0.00037556975639163603,0.00037556975639163603,-0.026933645246177473,1.325627396025289,-0.26595787196958365,Daily
2025-10-02,1.1734058856964111,0.9729178952646941,97291.78952646941,-0.0001525687209337212,-0.0001525687209337212,-0.027082104735305923,1.325627396025289,-0.2660698638381688,Daily
2025-10-03,1.1725116968154907,0.9721764873898923,97217.64873898923,-0.0007620456756015637,-0.0007620456756015637,-0.027823512610107737,1.325627396025289,-0.26662915212462457,Daily
2025-10-06,1.171248197555542,0.9711288694636125,97112.88694636125,-0.0010776005590222848,-0.0010776005590222848,-0.028871130536387457,1.325627396025289,-0.2674194329602657,Daily
2025-10-07,1.171028733253479,0.9709469028061655,97094.69028061655,-0.00018737642672239652,-0.00018737642672239652,-0.02905309719383453,1.325627396025289,-0.26755670128920395,Daily
2025-10-08,1.1654603481292725,0.9663299313037165,96632.99313037164,-0.0047551225397653996,-0.0047551225397653996,-0.03367006869628353,1.325627396025289,-0.2710395589280037,Daily
2025-10-09,1.1631964445114136,0.9644528379894434,96445.28379894434,-0.0019424973329147388,-0.0019424973329147388,-0.03554716201055663,1.325627396025289,-0.27245556264058635,Daily
2025-10-10,1.156644344329834,0.9590202288676283,95902.02288676283,-0.005632840619910651,-0.005632840619910651,-0.04097977113237172,1.325627396025289,-0.2765537045001346,Daily
2025-10-13,1.160240888595581,0.9620022680067793,96200.22680067793,0.0031094642734201816,0.0031094642734201816,-0.03799773199322065,1.325627396025289,-0.27430417409053964,Daily
2025-10-14,1.1566845178604126,0.9590535383535379,95905.35383535379,-0.0030652003132498606,-0.0030652003132498606,-0.040946461646462096,1.325627396025289,-0.27652857716344137,Daily
2025-10-15,1.1602274179458618,0.9619910989506731,96199.10989506732,0.0030629787385783036,0.0030629787385783036,-0.03800890104932686,1.325627396025289,-0.274312599577324,Daily
2025-10-16,1.1646324396133425,0.9656434791386054,96564.34791386053,0.0037966881314350776,0.0037966881314350776,-0.034356520861394624,1.325627396025289,-0.27155739083700725,Daily
2025-10-17,1.1699601411819458,0.9700608902492098,97006.08902492098,0.004574577684245407,0.004574577684245407,-0.02993910975079017,1.325627396025289,-0.2682250735328767,Daily
2025-10-20,1.165745735168457,0.9665665571472407,96656.65571472407,-0.003602179138539885,-0.003602179138539885,-0.03343344285275929,1.325627396025289,-0.27086105790710313,Daily
2025-10-21,1.164442539215088,0.9654860250998691,96548.60250998691,-0.0011179075454055276,-0.0011179075454055276,-0.03451397490013086,1.325627396025289,-0.2716761678321179,Daily
2025-10-22,1.160038948059082,0.9618348310063908,96183.48310063907,-0.0037817161497503138,-0.0037817161497503138,-0.03816516899360922,1.325627396025289,-0.27443048183047514,Daily
2025-10-23,1.1608469486236572,0.9625047766903538,96250.47766903539,0.0006965288242495316,0.0006965288242495316,-0.037495223309646164,1.325627396025289,-0.2739251017470733,Daily
2025-10-24,1.1618045568466189,0.9632987680859391,96329.87680859391,0.0008249220313643058,0.0008249220313643058,-0.03670123191406094,1.325627396025289,-0.27332614656708387,Daily
2025-10-27,1.1631693840026855,0.9644304010360265,96443.04010360265,0.0011747476354984077,0.0011747476354984077,-0.03556959896397349,1.325627396025289,-0.272472488175985,Daily
2025-10-28,1.165175199508667,0.9660935031426011,96609.35031426011,0.001724439736437322,0.001724439736437322,-0.03390649685739888,1.325627396025289,-0.2712179108252444,Daily
2025-10-29,1.1657865047454834,0.9666003608391728,96660.03608391728,0.0005246466257384785,0.0005246466257384785,-0.03339963916082722,1.325627396025289,-0.2708355577612602,Daily
2025-10-30,1.1603351831436155,0.9620804513995226,96208.04513995226,-0.004676089129250993,-0.004676089129250993,-0.037919548600477415,1.325627396025289,-0.27424519568304917,Daily
2025-10-31,1.157246708869934,0.959519673473864,95951.9673473864,-0.0026617087187806865,-0.0026617087187806865,-0.04048032652613598,1.325627396025289,-0.2761769435733966,Daily
2025-11-03,1.152804255485535,0.9558362571477255,95583.62571477254,-0.003838812718454321,-0.003838812718454321,-0.044163742852274535,1.325627396025289,-0.2789555647283175,Daily
2025-11-04,1.1519144773483276,0.9550985063974892,95509.85063974891,-0.0007718380054317908,-0.0007718380054317908,-0.044901493602510834,1.325627396025289,-0.27951209422706524,Daily
2025-11-05,1.1485539674758911,0.9523121728432077,95231.21728432077,-0.0029173258419084025,-0.0029173258419084025,-0.04768782715679232,1.325627396025289,-0.28161399221335914,Daily
2025-11-06,1.1496764421463013,0.9532428616245882,95324.28616245881,0.0009772937991561204,0.0009772937991561204,-0.046757138375411844,1.325627396025289,-0.2809119180225488,Daily
2025-11-07,1.1549211740493774,0.9575914792568749,95759.14792568749,0.004561919954874316,0.004561919954874316,-0.04240852074312507,1.325627396025289,-0.2776314957520635,Daily
2025-11-10,1.1543878316879272,0.957149263708033,95714.9263708033,-0.0004617997950285835,-0.0004617997950285835,-0.042850736291967007,1.325627396025289,-0.27796508537926023,Daily
2025-11-11,1.1557220220565796,0.9582554944685692,95825.54944685692,0.0011557557451913336,0.0011557557451913336,-0.04174450553143083,1.325627396025289,-0.2771305893784587,Daily
2025-11-12,1.1587486267089844,0.9607649738091031,96076.49738091031,0.0026187998451556727,0.0026187998451556727,-0.039235026190896916,1.325627396025289,-0.2752375390778552,Daily
2025-11-13,1.159218668937683,0.9611547046783663,96115.47046783663,0.00040564641706075655,0.00040564641706075655,-0.03884529532163372,1.325627396025289,-0.2749435417823619,Daily
2025-11-14,1.1631964445114136,0.9644528379894434,96445.28379894434,0.0034314281509768563,0.0034314281509768563,-0.03554716201055663,1.325627396025289,-0.27245556264058635,Daily
2025-11-17,1.161534547805786,0.9630748927577923,96307.48927577924,-0.0014287326216215757,-0.0014287326216215757,-0.036925107242207655,1.325627396025289,-0.27349502911192114,Daily
2025-11-18,1.159057378768921,0.9610209725287054,96102.09725287055,-0.002132669270616616,-0.002132669270616616,-0.03897902747129456,1.325627396025289,-0.2750444239382843,Daily
2025-11-19,1.1581177711486816,0.9602419061549968,96024.19061549968,-0.0008106653194661639,-0.0008106653194661639,-0.03975809384500317,1.325627396025289,-0.27563212028195117,Daily
2025-11-20,1.154068112373352,0.9568841715976185,95688.41715976186,-0.0034967590310897023,-0.0034967590310897023,-0.043115828402381484,1.325627396025289,-0.27816506020718657,Daily
2025-11-21,1.1534557342529297,0.9563764243302066,95637.64243302066,-0.0005306256310668722,-0.0005306256310668722,-0.04362357566979336,1.325627396025289,-0.2785480843276402,Daily
2025-11-24,1.1507612466812134,0.954142316585353,95414.2316585353,-0.0023360129840280797,-0.0023360129840280797,-0.04585768341464702,1.325627396025289,-0.28023340537000274,Daily
2025-11-25,1.1520073413848877,0.9551755036957789,95517.55036957789,0.0010828438194874224,0.0010828438194874224,-0.04482449630422114,1.325627396025289,-0.27945401056153407,Daily
2025-11-26,1.156483769416809,0.9588870897651942,95888.70897651943,0.0038857634592328605,0.0038857634592328605,-0.04111291023480579,1.325627396025289,-0.2766541392850773,Daily
2025-11-27,1.1602139472961426,0.9619799298945669,96197.99298945669,0.0032254476698920787,0.0032254476698920787,-0.03802007010543307,1.325627396025289,-0.2743210250641084,Daily
2025-11-28,1.1599851846694946,0.9617902536231706,96179.02536231706,-0.00019717279488051798,-0.00019717279488051798,-0.03820974637682939,1.325627396025289,-0.27446410921578257,Daily
2025-12-01,1.1601465940475464,0.961924084614036,96192.4084614036,0.0001391477927346063,0.0001391477927346063,-0.038075915385964,1.325627396025289,-0.2743631524980301,Daily
2025-12-02,1.1607661247253418,0.9624377623537167,96243.77623537167,0.0005340106853513049,0.0005340106853513049,-0.0375622376462833,1.325627396025289,-0.2739756546677794,Daily
2025-12-03,1.1627906560897827,0.9641163825293946,96411.63825293946,0.0017441337417731795,0.0017441337417731795,-0.03588361747060542,1.325627396025289,-0.2727093711097366,Daily
2025-12-04,1.1666841506958008,0.9673446351089046,96734.46351089046,0.003348405480923855,0.003348405480923855,-0.03265536489109544,1.325627396025289,-0.27027410718173583,Daily
2025-12-05,1.1642799377441406,0.9653512056969589,96535.1205696959,-0.002060723075929638,-0.002060723075929638,-0.03464879430304113,1.325627396025289,-0.2717778701681698,Daily
2025-12-08,1.164022445678711,0.9651377086952828,96513.77086952828,-0.00022115992647664395,-0.00022115992647664395,-0.034862291304717186,1.325627396025289,-0.27193892372086215,Daily
2025-12-09,1.1641442775726318,0.9652387244062611,96523.87244062612,0.00010466455726287904,0.00010466455726287904,-0.03476127559373887,1.325627396025289,-0.27186272153065294,Daily
2025-12-10,1.1628313064575195,0.9641500873801222,96415.00873801221,-0.0011278422618286044,-0.0011278422618286044,-0.0358499126198778,1.325627396025289,-0.2726839455257236,Daily
2025-12-11,1.1701242923736572,0.9701969945877783,97019.69945877783,0.006271748856121917,0.006271748856121917,-0.029803005412221695,1.325627396025289,-0.2681224018930355,Daily
2025-12-12,1.1739431619644165,0.973363372573284,97336.3372573284,0.003263644397137222,0.003263644397137222,-0.02663662742671602,1.325627396025289,-0.26573381367058346,Daily
2025-12-15,1.1737639904022217,0.9732148142429511,97321.48142429511,-0.000152623711266342,-0.000152623711266342,-0.026785185757048913,1.325627396025289,-0.2658458801009985,Daily
2025-12-16,1.1754610538482666,0.9746219176299235,97462.19176299234,0.0014458302179327642,0.0014458302179327642,-0.02537808237007655,1.325627396025289,-0.26478441788982865,Daily
2025-12-17,1.1749500036239624,0.9741981853863191,97419.81853863191,-0.00043476576500023345,-0.00043476576500023345,-0.025801814613680918,1.325627396025289,-0.2651040644548248,Daily
2025-12-18,1.1742326021194458,0.9736033590177605,97360.33590177605,-0.0006105804521927549,-0.0006105804521927549,-0.026396640982239483,1.325627396025289,-0.26555277754746465,Daily
2025-12-19,1.1725666522979736,0.9722220531851574,97222.20531851574,-0.0014187562314870172,-0.0014187562314870172,-0.02777794681484258,1.325627396025289,-0.2665947791210175,Daily
2025-12-22,1.1708093881607056,0.9707650349899228,97076.50349899229,-0.001498647547091947,-0.001498647547091947,-0.029234965010077163,1.325627396025289,-0.26769389505631214,Daily
2025-12-23,1.1765950918197632,0.9755621940081383,97556.21940081383,0.00494162732000869,0.00494162732000869,-0.02443780599186174,1.325627396025289,-0.2640751112015133,Daily
2025-12-24,1.179551362991333,0.9780133570380292,97801.33570380292,0.002512564596030664,0.002512564596030664,-0.021986642961970837,1.325627396025289,-0.2622260523805804,Daily
2025-12-26,1.1785364151000977,0.9771718230230894,97717.18230230894,-0.000860452476322493,-0.000860452476322493,-0.02282817697691064,1.325627396025289,-0.26286087180077566,Daily
2025-12-29,1.177273869514465,0.9761249958264453,97612.49958264452,-0.0010712826260231845,-0.0010712826260231845,-0.023875004173554704,1.325627396025289,-0.26365055614177735,Daily
2025-12-30,1.1772878170013428,0.9761365602473695,97613.65602473695,1.1847274655973905e-05,1.1847274655973905e-05,-0.0238634397526305,1.325627396025289,-0.26364183240767314,Daily
2025-12-31,1.1747292280197144,0.9740151314756227,97401.51314756226,-0.0021732909698712888,-0.0021732909698712888,-0.025984868524377314,1.325627396025289,-0.26524215296389253,Daily
2026-01-02,1.175046682357788,0.9742783456031521,97427.83456031521,0.00027023617911425823,0.00027023617911425823,-0.025721654396847926,1.325627396025289,-0.26504359481073536,Daily
2026-01-05,1.1704667806625366,0.9704809653682483,97048.09653682483,-0.0038976338251188736,-0.0038976338251188736,-0.02951903463175165,1.325627396025289,-0.2679081857555887,Daily
2026-01-06,1.1714951992034912,0.9713336684392944,97133.36684392944,0.0008786396657687323,0.0008786396657687323,-0.028666331560705638,1.325627396025289,-0.2672649408486091,Daily
2026-01-07,1.1688251495361328,0.9691198231413591,96911.98231413591,-0.002279181057825763,-0.002279181057825763,-0.030880176858640862,1.325627396025289,-0.2689349767158318,Daily
2026-01-08,1.1676785945892334,0.9681691684366738,96816.91684366738,-0.0009809465062884382,-0.0009809465062884382,-0.03183083156332622,1.325627396025289,-0.26965211239629205,Daily
2026-01-09,1.1657865047454834,0.9666003608391728,96660.03608391728,-0.0016203858257892723,-0.0016203858257892723,-0.03339963916082722,1.325627396025289,-0.2708355577612602,Daily
2026-01-12,1.1623716354370115,0.9637689556956486,96376.89556956486,-0.0029292407268149967,-0.0029292407268149967,-0.03623104430435142,1.325627396025289,-0.27297145594201133,Daily
2026-01-13,1.1666978597640991,0.9673560018474198,96735.60018474198,0.0037218942678871603,0.0037218942678871603,-0.032643998152580234,1.325627396025289,-0.2702655325712916,Daily
2026-01-14,1.164252758026123,0.9653286699023376,96532.86699023376,-0.002095745455871989,-0.002095745455871989,-0.034671330097662434,1.325627396025289,-0.2717948702653984,Daily
2026-01-15,1.1646324396133425,0.9656434791386054,96564.34791386053,0.00032611611576771615,0.00032611611576771615,-0.034356520861394624,1.325627396025289,-0.27155739083700725,Daily
2026-01-16,1.1609008312225342,0.9625494529147788,96254.94529147788,-0.003204108235253189,-0.003204108235253189,-0.03745054708522122,1.325627396025289,-0.2738913997999357,Daily
2026-01-19,1.162493348121643,0.9638698725654223,96386.98725654223,0.001371794089794598,0.001371794089794598,-0.036130127434577664,1.325627396025289,-0.27289532831363217,Daily
2026-01-20,1.1639139652252195,0.9650477631992063,96504.77631992062,0.001222043210717727,0.001222043210717727,-0.034952236800793735,1.325627396025289,-0.2720067749861167,Daily
2026-01-21,1.1727865934371948,0.9724044152074224,97240.44152074224,0.0076230962743524255,0.0076230962743524255,-0.02759558479257762,1.325627396025289,-0.2664572125447595,Daily
2026-01-22,1.1672970056533811,0.9678527777411342,96785.27777411342,-0.004680807074818993,-0.004680807074818993,-0.03214722225886579,1.325627396025289,-0.26989078481396245,Daily
2026-01-23,1.1754610538482666,0.9746219176299235,97462.19176299234,0.006993976815965475,0.006993976815965475,-0.02537808237007655,1.325627396025289,-0.26478441788982865,Daily
2026-01-26,1.1858457326889038,0.9832322714757593,98323.22714757593,0.008834557986110658,0.008834557986110658,-0.016767728524240688,1.325627396025289,-0.25828911319738423,Daily
2026-01-27,1.1876484155654907,0.9847269481699005,98472.69481699004,0.001520166432187775,0.001520166432187775,-0.015273051830099527,1.325627396025289,-0.25716158920487875,Daily
2026-01-28,1.2017642259597778,0.996430932874745,99643.0932874745,0.011885512757212835,0.011885512757212835,-0.0035690671252549544,1.325627396025289,-0.2483325737968256,Daily
2026-01-29,1.1977769136428833,0.9931248922673097,99312.48922673098,-0.0033178823522642675,-0.0033178823522642675,-0.006875107732690289,1.325627396025289,-0.250826517884997,Daily
2026-01-30,1.19657301902771,0.9921266949432697,99212.66949432697,-0.001005107546706574,-0.001005107546706574,-0.00787330505673034,1.325627396025289,-0.25157951780566334,Daily
2026-02-02,1.1849182844161987,0.9824632869049076,98246.32869049076,-0.009740094775813501,-0.009740094775813501,-0.017536713095092415,1.325627396025289,-0.2588692042343962,Daily
2026-02-03,1.1798714399337769,0.9782787456720571,97827.87456720571,-0.004259234201038908,-0.004259234201038908,-0.021721254327942918,1.325627396025289,-0.26202585386716426,Daily
2026-02-04,1.1816140413284302,0.9797236063991406,97972.36063991406,0.0014769417545619223,0.0014769417545619223,-0.02027639360085942,1.325627396025289,-0.2609359090369535,Daily
2026-02-05,1.180163860321045,0.9785212031466456,97852.12031466456,-0.0012272882317435618,-0.0012272882317435618,-0.02147879685335441,1.325627396025289,-0.2618429536982967,Daily
2026-02-06,1.177786946296692,0.9765504083705259,97655.04083705258,-0.002014054237948204,-0.002014054237948204,-0.02344959162947413,1.325627396025289,-0.263329642025672,Daily
2026-02-09,1.182578206062317,0.980523034060972,98052.3034060972,0.004068019076531648,0.004068019076531648,-0.019476965939028035,1.325627396025289,-0.26033285295631703,Daily
2026-02-10,1.1904053688049316,0.9870128487059014,98701.28487059014,0.0066187273725237805,0.0066187273725237805,-0.012987151294098553,1.325627396025289,-0.2554371977636224,Daily
2026-02-11,1.1889617443084717,0.985815881719653,98581.5881719653,-0.0012127167217912405,-0.0012127167217912405,-0.014184118280347047,1.325627396025289,-0.25634014152431817,Daily
2026-02-12,1.1876062154769895,0.9846919583835145,98469.19583835146,-0.00114009457240416,-0.00114009457240416,-0.015308041616485468,1.325627396025289,-0.2571879840926812,Daily
2026-02-13,1.1868449449539185,0.9840607584517077,98406.07584517077,-0.0006410125790434762,-0.0006410125790434762,-0.015939241548292293,1.325627396025289,-0.2576641359387424,Daily
2026-02-16,1.1867464780807495,0.9839791156168075,98397.91156168075,-8.296523786666121e-05,-8.296523786666121e-05,-0.01602088438319249,1.325627396025289,-0.25772572401028127,Daily
2026-02-17,1.184988498687744,0.9825215043743458,98252.15043743458,-0.0014813436782629141,-0.0014813436782629141,-0.017478495625654178,1.325627396025289,-0.25882528731655574,Daily
2026-02-18,1.185185194015503,0.9826845923617376,98268.45923617376,0.0001659892294119114,0.0001659892294119114,-0.017315407638262448,1.325627396025289,-0.25870226029713783,Daily
2026-02-19,1.1788839101791382,0.9774599451341476,97745.99451341476,-0.005316708197320219,-0.005316708197320219,-0.02254005486585242,1.325627396025289,-0.26264352406647107,Daily
2026-02-20,1.1769136190414429,0.9758262977065079,97582.62977065079,-0.001671319050741804,-0.001671319050741804,-0.02417370229349214,1.325627396025289,-0.2638758819918866,Daily
2026-02-23,1.1834739446640017,0.9812657268714323,98126.57268714323,0.005574177676609837,0.005574177676609837,-0.01873427312856768,1.325627396025289,-0.25977259536607167,Daily
2026-02-24,1.1793843507766724,0.9778748805105532,97787.48805105532,-0.0034555842194653463,-0.0034555842194653463,-0.022125119489446843,1.325627396025289,-0.26233051350434045,Daily
2026-02-25,1.1775233745574951,0.9763318704674213,97633.18704674212,-0.0015779217504044984,-0.0015779217504044984,-0.023668129532578686,1.325627396025289,-0.2634944982316917,Daily
2026-02-26,1.181516408920288,0.9796426554526717,97964.26554526718,0.003391044669744714,0.003391044669744714,-0.020357344547328293,1.325627396025289,-0.26099697517568266,Daily
2026-02-27,1.1803030967712402,0.9786366496734779,97863.66496734778,-0.0010269109594140957,-0.0010269109594140957,-0.021363350326522146,1.325627396025289,-0.2617558654809149,Daily
2026-03-02,1.1759449243545532,0.9750231140789063,97502.31140789064,-0.0036924180141599816,-0.0036924180141599816,-0.024976885921093706,1.325627396025289,-0.2644817714220612,Daily
2026-03-03,1.169727444648743,0.9698679522180657,96986.79522180656,-0.005287220155504424,-0.005287220155504424,-0.030132047781934346,1.325627396025289,-0.26837061822493935,Daily
2026-03-04,1.161224365234375,0.9628177079437366,96281.77079437366,-0.007269282646369946,-0.007269282646369946,-0.037182292056263444,1.325627396025289,-0.2736890389934511,Daily
2026-03-05,1.1635618209838867,0.9647557862811735,96475.57862811735,0.0020129234448502675,0.0020129234448502675,-0.03524421371882647,1.325627396025289,-0.2722270306317892,Daily
2026-03-06,1.1608065366744995,0.9624712695220353,96247.12695220353,-0.00236797414602119,-0.00236797414602119,-0.03752873047796468,1.325627396025289,-0.2739503782074263,Daily
2026-03-09,1.152325987815857,0.9554397062353529,95543.9706235353,-0.007305738373026283,-0.007305738373026283,-0.044560293764647096,1.325627396025289,-0.27925470679007747,Daily
2026-03-10,1.161723494529724,0.9632315560668926,96323.15560668927,0.008155250175064799,0.008155250175064799,-0.03676844393310741,1.325627396025289,-0.2733768486114502,Daily
2026-03-11,1.1611299514770508,0.9627394257097887,96273.94257097886,-0.0005109159412440833,-0.0005109159412440833,-0.037260574290211346,1.325627396025289,-0.2737480919627716,Daily
2026-03-12,1.1543211936950684,0.9570940114747288,95709.40114747289,-0.005863906768851512,-0.005863906768851512,-0.042905988525271166,1.325627396025289,-0.2780067654422024,Daily
2026-03-13,1.1521666049957275,0.9553075555449636,95530.75555449635,-0.0018665417486131153,-0.0018665417486131153,-0.044692444455036395,1.325627396025289,-0.27935439595672085,Daily
2026-03-16,1.1435105800628662,0.9481304980052871,94813.04980052871,-0.007512824009417773,-0.007512824009417773,-0.05186950199471285,1.325627396025289,-0.2847684795530586,Daily
2026-03-17,1.1499539613723757,0.953472963948617,95347.2963948617,0.005634736942403462,0.005634736942403462,-0.046527036051382975,1.325627396025289,-0.28073833808242477,Daily
2026-03-18,1.153948187828064,0.956784737345912,95678.4737345912,0.0034733794480965585,0.0034733794480965585,-0.04321526265408804,1.325627396025289,-0.2782400694081164,Daily
2026-03-19,1.1464471817016602,0.9505653522364389,95056.53522364389,-0.00650029715850764,-0.00650029715850764,-0.0494346477635611,1.325627396025289,-0.28293172343406736,Daily
2026-03-20,1.157755732536316,0.9599417254169921,95994.17254169921,0.009863996366470618,0.009863996366470618,-0.040058274583007925,1.325627396025289,-0.27585856455950963,Daily
2026-03-23,1.1560158729553225,0.9584991380376118,95849.91380376118,-0.0015027864100329857,-0.0015027864100329857,-0.041500861962388225,1.325627396025289,-0.2769467944676314,Daily
2026-03-24,1.1607122421264648,0.962393086129292,96239.30861292919,0.004062547306669995,0.004062547306669995,-0.037606913870708025,1.325627396025289,-0.27400935661491677,Daily
2026-03-25,1.16146719455719,0.9630190474772615,96301.90474772615,0.0006504217008531654,0.0006504217008531654,-0.036980952522738475,1.325627396025289,-0.27353715654584276,Daily
2026-03-26,1.1561496257781982,0.9586100378690378,95861.00378690378,-0.004578320252100587,-0.004578320252100587,-0.04138996213096224,1.325627396025289,-0.2768631360944275,Daily
2026-03-27,1.1535090208053589,0.9564206063486089,95642.06063486089,-0.0022839647342894898,-0.0022839647342894898,-0.043579393651391074,1.325627396025289,-0.27851475518965263,Daily
2026-03-30,1.149200677871704,0.9528483863775099,95284.83863775099,-0.0037349885054619447,-0.0037349885054619447,-0.047151613622490096,1.325627396025289,-0.2812094942858796,Daily
2026-03-31,1.1460003852844238,0.9501948954020492,95019.48954020492,-0.0027847987291542697,-0.0027847987291542697,-0.049805104597950844,1.325627396025289,-0.2832111811727205,Daily
2026-04-01,1.1574207544326782,0.9596639816324042,95966.39816324042,0.009965414754568247,0.009965414754568247,-0.040336018367595816,1.325627396025289,-0.27606808330166954,Daily
2026-04-02,1.1542012691497805,0.9569945772230225,95699.45772230225,-0.0027816032074486907,-0.0027816032074486907,-0.0430054227769775,1.325627396025289,-0.2780817746431321,Daily
